tree
version=v4
num_class=1
num_tree_per_iteration=1
label_index=0
max_feature_idx=430
objective=binary sigmoid:1
feature_names=TransactionAmt ProductCD card1 card2 card3 card4 card5 card6 addr1 addr2 dist1 dist2 P_emaildomain R_emaildomain C1 C2 C3 C4 C5 C6 C7 C8 C9 C10 C11 C12 C13 C14 D1 D2 D3 D4 D5 D6 D7 D8 D9 D10 D11 D12 D13 D14 D15 M1 M2 M3 M4 M5 M6 M7 M8 M9 V1 V2 V3 V4 V5 V6 V7 V8 V9 V10 V11 V12 V13 V14 V15 V16 V17 V18 V19 V20 V21 V22 V23 V24 V25 V26 V27 V28 V29 V30 V31 V32 V33 V34 V35 V36 V37 V38 V39 V40 V41 V42 V43 V44 V45 V46 V47 V48 V49 V50 V51 V52 V53 V54 V55 V56 V57 V58 V59 V60 V61 V62 V63 V64 V65 V66 V67 V68 V69 V70 V71 V72 V73 V74 V75 V76 V77 V78 V79 V80 V81 V82 V83 V84 V85 V86 V87 V88 V89 V90 V91 V92 V93 V94 V95 V96 V97 V98 V99 V100 V101 V102 V103 V104 V105 V106 V107 V108 V109 V110 V111 V112 V113 V114 V115 V116 V117 V118 V119 V120 V121 V122 V123 V124 V125 V126 V127 V128 V129 V130 V131 V132 V133 V134 V135 V136 V137 V138 V139 V140 V141 V142 V143 V144 V145 V146 V147 V148 V149 V150 V151 V152 V153 V154 V155 V156 V157 V158 V159 V160 V161 V162 V163 V164 V165 V166 V167 V168 V169 V170 V171 V172 V173 V174 V175 V176 V177 V178 V179 V180 V181 V182 V183 V184 V185 V186 V187 V188 V189 V190 V191 V192 V193 V194 V195 V196 V197 V198 V199 V200 V201 V202 V203 V204 V205 V206 V207 V208 V209 V210 V211 V212 V213 V214 V215 V216 V217 V218 V219 V220 V221 V222 V223 V224 V225 V226 V227 V228 V229 V230 V231 V232 V233 V234 V235 V236 V237 V238 V239 V240 V241 V242 V243 V244 V245 V246 V247 V248 V249 V250 V251 V252 V253 V254 V255 V256 V257 V258 V259 V260 V261 V262 V263 V264 V265 V266 V267 V268 V269 V270 V271 V272 V273 V274 V275 V276 V277 V278 V279 V280 V281 V282 V283 V284 V285 V286 V287 V288 V289 V290 V291 V292 V293 V294 V295 V296 V297 V298 V299 V300 V301 V302 V303 V304 V305 V306 V307 V308 V309 V310 V311 V312 V313 V314 V315 V316 V317 V318 V319 V320 V321 V322 V323 V324 V325 V326 V327 V328 V329 V330 V331 V332 V333 V334 V335 V336 V337 V338 V339 id_01 id_02 id_03 id_04 id_05 id_06 id_07 id_08 id_09 id_10 id_11 id_12 id_13 id_14 id_15 id_16 id_17 id_18 id_19 id_20 id_21 id_22 id_23 id_24 id_25 id_26 id_27 id_28 id_29 id_30 id_31 id_32 id_33 id_34 id_35 id_36 id_37 id_38 DeviceType DeviceInfo
feature_infos=[0.2919921875:31936] -1:4:0:2:1:3 [1000:18395] [100:600] [100:231] -1:3:2:0:1 [100:237] -1:2:1:3:0 [100:540] [10:102] [0:7068] [0:9336] -1:16:53:19:1:2:9:23:35:31:3:25:43:48:58:4:54:30:10:34:8:26:42:29:11:15:36:28:24:0:21:13:50:22:41:12:32:49:37:47:33:6:40:14:44:5:7:46:17:56:57:39:18:38:55:27:20:52:51:45 -1:16:19:1:54:2:35:9:55:23:31:25:26:49:43:30:3:4:10:36:21:22:28:50:37:59:34:17:8:29:58:11:15:18:12:7:56:42:24:27:57:45:51:41:20:53:52:13:38:0:39:40:48:47:46:5:32:14:44:6:33 [0:4680] [0:5688] [0:24] [0:2252] [0:349] [0:2252] [0:2252] [0:3328] [0:210] [0:3254] [0:3186] [0:3186] [0:2916] [0:1426] [0:640] [0:640] [0:689] [-30:812] [0:775] [-6:826] [0:770] [0:1708] [0:0.95849609375] [0:827] [-53:628] [0:616] [0:818] [0:834] [-53:835] -1:1:0 -1:1:0 -1:1:0 -1:0:2:1 -1:0:1 -1:0:1 -1:0:1 -1:0:1 -1:1:0 [0:1] [0:5] [0:6] [0:5] [0:6] [0:6] [0:7] [0:5] [0:5] [0:4] [0:4] [0:3] [0:5] [0:1] [0:7] [0:14] [0:14] [0:14] [0:7] [0:14] [0:5] [0:8] [0:12] [0:12] [0:4] [0:11] [0:4] [0:4] [0:5] [0:9] [0:7] [0:14] [0:4] [0:11] [0:3] [0:4] [0:54] [0:54] [0:14] [0:23] [0:1] [0:8] [0:8] [0:48] [0:48] [0:6] [0:12] [0:5] [0:5] [0:5] [0:6] [0:12] [0:5] [0:6] [0:16] [0:29] [0:6] [0:6] [0:12] [0:12] [0:6] [0:7] [0:7] [0:7] [0:1] [0:5] [0:8] [0:2] [0:5] [0:5] [0:6] [0:6] [0:5] [0:8] [0:3] [0:6] [0:30] [0:30] [0:7] [0:19] [0:19] [0:7] [0:7] [0:7] [0:7] [0:30] [0:30] [0:1] [0:2] [0:5] [0:6] [0:7] [0:7] [0:1] [0:27] [0:126] [0:48] [0:10] [0:86] [0:28] [0:22] [0:115] [0:44] [0:15] [0:38] [0:23] [0:1] [0:7] [0:7] [0:7] [0:9] [0:9] [0:9] [0:6] [0:6] [0:6] [0:3] [0:3] [0:3] [0:3] [0:3] [0:3] [0:12] [0:12] [0:12] [0:108800] [0:108800] [0:108800] [0:30256] [0:41696] [0:30256] [0:63874.78125] [0:63874.78125] [0:63874.78125] [0:64800] [0:64800] [0:64800] [0:21] [0:33] [0:33] [0:4] [0:9] [0:54] [0:62] [0:297] [0:15] [0:16] [0:14] [0:15] [1:3388] [1:57] [1:69] [0:7] [0:8] [0:13] [0:15] [0:14] [0:15] [0:44192] [0:641511.4375] [0:3000] [0:3000] [0:3000] [0:20400] [0:20400] [0:64800] [0:58] [0:215] [0:17] [0:48] [0:60] [0:30] [0:7] [0:8] [0:10] [0:48] [0:47] [0:130] [0:68] [0:68] [0:15] [0:49] [0:30] [0:14] [0:16] [0:38] [0:216] [0:17] [0:18] [0:42] [0:21] [0:44] [0:37] [0:7] [0:8] [0:38] [0:13] [0:14] [0:45] [0:45] [0:54] [0:64800] [0:98500] [0:64800] [0:30256] [0:30256] [0:30256] [0:3250] [0:8048] [0:3250] [0:13200] [0:36900] [0:16950] [0:64800] [0:64800] [0:64800] [0:53] [0:218] [0:79] [0:25] [0:384] [0:384] [0:15] [0:143] [0:51] [0:128] [0:360] [0:54] [0:176] [0:65] [0:51] [0:54] [0:51] [0:120] [0:15] [0:34] [0:16] [0:23] [0:23] [0:7] [0:5] [0:20] [0:55] [0:22] [0:262] [0:45] [0:11] [0:36] [0:22] [0:16] [0:16] [0:17] [0:163] [0:60] [0:82] [0:82] [0:48] [0:66] [0:285] [0:8] [0:49] [0:20] [0:102400] [0:102400] [0:102400] [0:30256] [0:30256] [0:30256] [0:30256] [0:4000] [0:4000] [0:4000] [0:14000] [0:26700] [0:20848] [0:64800] [0:64800] [0:64800] [0:65] [0:323] [0:21] [0:27] [0:68] [0:10] [0:95] [0:7] [0:31] [0:10] [0:12] [1:66] [1:1052] [1:323] [0:65] [0:1085] [0:322] [0:61] [0:11] [0:47] [0:25] [0:11] [0:11] [0:10] [0:17] [0:11] none [0:66719.5625] [0:87886.0234375] [0:66719.5625] [0:30256] [0:41696] [0:30256] [0:30256] [0:3500] [0:5304] [0:4488] [0:63874.78125] [0:86660.4140625] [0:63874.78125] [0:64800] [0:64800] [0:64800] [0:32] [0:49] [0:32] [0:10] [0:44] [0:17] [0:15] [0:23] [0:15] [0:108800] [0:108800] [0:108800] [0:30256] [0:41696] [0:30256] [0:64800] [0:64800] [0:64800] [-100:0] [1:997471] [-12:8] [-28:0] [-72:52] [-100:0] [-37:61] [-100:0] [-31:17] [-100:0] [90:100] -1:1:0 [11:64] [-660:720] -1:0:1:2 -1:1:0 [100:229] [11:29] [100:671] [100:660] [100:854] [10:43] -1:2:0:1 [11:26] [100:545] [100:216] -1:0:1 -1:0:1 -1:0:1 -1:42:43:63:65:7:31:24:45:20:56:33:68:32:67:12:0:66:64:34:62:60:8:40:6:55:70:4:69:53:13:49:46:17:61:30:16:54:15:11:57:59:44:47:14:52:35:50:29:10:51:58:28:38:23:5:22:39:1:18:25:2:21:19:27:9:37:3:26:48:71 -1:46:84:87:77:97:43:49:47:52:50:71:55:53:83:64:44:63:103:72:21:41:56:78:73:65:86:42:62:18:39:68:40:93:104:106:48:36:30:38:16:35:67:32:90:70:37:23:13:74:31:33:88:3:89:15:26:34:29:45:61:28:24:20:54:19:51:76:60:66:2:12:22:25:85:99:92:91:27:101:102:8:105:96:108:81:82:69:9:14:75 [0:32] -1:110:48:38:134:62:125:79:31:149:148:8:24:164:85:29:144:112:120:4:135:195:155:178:42:207:187:191:157:137:133:167:172:12:1:76:152:25:30:168:147:179:153:142:136:206:209:165:69:123:32:115:11:47:105:163:118:124:129:210:92:104:126:143:188:2:36:51:166:201:10:43:45:73:74:84:94:127:174:177:34:37:39:40:66:83:109:119:138:150 -1:3:2:1 -1:1:0 -1:0:1 -1:1:0 -1:1:0 -1:0:1 -1:1467:1585:661:1423:1599:1625:1248:1100:1199:1091:1192:1182:1626:75:1178:844:1190:1619:1092:1030:1615:1583:1293:689:1627:686:1266:1241:448:1096:1197:181:545:1053:690:1219:1624:524:1417:512:691:1168:1188:712:929:1252:506:370:907:717:785:903:1256:697:1462:146:368:1236:365:722:982:1143:1247:249:674:1061:359:366:519:567:634:683:699:860:682:1150:419:688:703:1174:183:330:706:733:897:1117:1528:901:1290:475:494:568:669:1085:1127:381:437:467:698:932:945:171:246:1050:252:358:518:859:1051:333:334:335:659:700:936:1137:1170:295:1024:1485:472:616:649:711:864:985:131:257:491:613:797:1044:1237:41:564:704:707:750:1185:1292:1437:281:563:565:1288:1468:1618:169:398:444:591:836:891:1212:1538:17:147:256:614:832:854:1352:1407:1581:74:236:418:507:656:696:869:890:913:1134:1183:1335:1446:1612:21:23:33:168:379:537:540:641:718:788:1084:1530:1597:1614:19:692:710:1035:1097:1101:1279:1522:30:164:210:278:384:582:630:640:802:882:1094:1210:1250:1361:1448:1460:1622:150:173:461:593:726:824:968:1071:1193:1214:1227:1404:1434:1550:1560:1602:248:253:354:364:420:426:490:543:587:677:730:789:846:892:906:1033:1049:1058:1060:1066:1107:1139:1160:1225:20:115:145:218:225:265:392:395:403:404:405:566:612:720:753:849:889:895:899:944:954:975:1040:1191:1200:1245:1272:1281:1285:1294:1297:1328:1356:1422:1445:1498:1594:1606:10:165:170:215:269:339:497:617:619:657:665:747:784:793:828:880:894:1109:1136:1142:1155:1166:1180:1194:1211:1246:1350:1364:1367:1406:1420:1526:15:102:111:120:141:167:177:180:186:220:260:321:369:386:425:465:625:633:638:664:724:764:799:857:921:952:1014:1038:1045:1055:1154:1209:1216:1228:1243:1263:1341:1370:1480:1527:1566:1609:1617:1621:29:76:90:143:314:360:378:401:439:516:520:530:551:600:628:637:694:715:721:740:766:853:862:883:898:917:925:933:947:953:972:973:980:991:1052:1112:1163:1201:1260:1265:1283:1312:1359:1362:1368:1377:1424:1489:1502:1510:1532:1537:1554:1555:1573:18:26:40:70:89:107:114:122:148:192:195:198:211:216:223:254:255:268:328:329:341:376:417:427:471:484:493:501:508:514:592:595:644:666:679:708:714:719:839:855:865:873:878:885:893:918:920:928:930:939:940:941:942:949:962:1012:1059:1076:1093:1103:1113:1121:1123:1255:1259:1262:1270:1273:1320:1322:1326:1332:1347:1453:1463:1478:1488:1496:1513:1514:1531:1536:1561:1572:1580:1610:1616:1623:5:34:42:47:53:65:79:113:117:132:140:163:166:214:230:245:267:275:279:336:338:342:371:374:382:396:397:412:415:422:428:440:481:486:489:500:505:517:521:528:536:546:552:554:559:599:607:609:615:636:642:652:676:681:701:705:727:735:736:739:759:760:771:791:792:861:867:868:900:902:922:923:924:948:959:979:1000:1002:1015:1039:1074:1116:1118:1130:1131:1148:1149:1156:1171:1177:1181:1206:1207:1217:1257:1274:1277:1282:1299:1301:1325:1330:1344:1382:1385:1402:1409:1414:1442:1452:1457:1477:1484:1486:1529:1533:1562:1600:1604:1608
tree_sizes=3471 3723 3713 3665 3522 3965 3899 4216 4086 4107 3961 3922 4186 4005 3918 3927 4063 4229 4370 4156 3930 4139 3938 4182 3978 3960 4179 4119 4013 4329 3949 4113 4216 4242 3822 3987 4260 3770 3803 4254 4047 4018 3810 4063 3779 4118 4032 4426 3969 4174 4223 4112 3991 3950 3960 4033 4430 4146 3949 4203 4040 4161 4097 4163 4368 4194 3985 4246 3750 4227 4396 3995 4043 4202 3964 3817 4075 3993 3798 4214 3973 4387 4174 4404 4392 4420 3966 3751 3818 4244 4154 4296 4036 4020 4043 4639 4917 4182 4107 4125


Tree=0
num_leaves=31
num_cat=4
split_feature=309 345 27 21 29 121 7 17 142 29 14 27 21 334 391 238 371 0 14 121 15 28 0 7 104 0 13 29 423 14
split_gain=853245 511219 348695 221127 153778 101570 61706.2 36682.7 34853.5 32474 23331.4 25248.5 21760 25713.2 21556.9 20961 20669.2 20137.4 16109.2 16090.6 15936.5 15730.6 15707.3 14434.5 15933.5 13356.8 11522.5 11088 11015.5 10359
threshold=1.5000000000000002 1.0000000180025095e-35 1.0000000180025095e-35 2.5000000000000004 6.5000000000000009 1.0000000180025095e-35 0 1.0000000180025095e-35 1.0000000180025095e-35 247.50000000000003 2.5000000000000004 1.0000000180025095e-35 4.5000000000000009 3.5000000000000004 -47.499999999999993 1.5000000000000002 86.035999298095717 75.031250000000014 4.5000000000000009 1.0000000180025095e-35 3.5000000000000004 141.50000000000003 140.06250000000003 1 1.5000000000000002 335.25000000000006 2 379.50000000000006 3 1.5000000000000002
decision_type=10 8 2 2 8 8 9 2 10 10 2 2 2 10 8 10 10 2 2 8 2 10 2 9 8 2 9 8 9 2
left_child=1 2 7 4 17 6 16 19 12 18 11 -2 13 23 -8 22 20 -4 -5 -1 -6 25 26 24 27 -16 -7 -3 -24 -9
right_child=10 8 3 9 5 15 14 29 -10 -11 -12 -13 -14 -15 21 -17 -18 -19 -20 -21 -22 -23 28 -25 -26 -27 -28 -29 -30 -31
leaf_value=-2.4501734673802824 -1.9989571372737638 -2.6767622052890734 -2.7005566438360384 -2.4701529088597334 -3.033646517314629 -2.7177048133226238 -1.985617183470195 -2.2220495201303612 -2.7802379651991078 -3.145901174618182 -1.9282889626028377 -2.4775818555052007 -1.9843767113209791 -2.1719522599597165 -2.7029933677909153 -2.1549605917263417 -2.6093164128421908 -2.3309969355764171 -2.0478055455043682 -3.014874551221792 -2.7831438478039159 -3.0650243256703731 -2.6807566609854785 -2.2409548341022587 -2.1651692713766888 -2.3030728592079543 -3.2159373636942115 -2.3886531269392974 -3.0819730197804849 -1.9327820030794536
leaf_weight=641.16619924455881 694.75746901333332 1002.094074383378 640.99694792181253 325.44133828580379 5111.2991155683994 109.66352628916502 110.52396467328072 1183.7305379807949 373.59874387085438 94.173588708043098 3391.7786701247096 456.64741658419371 555.10760895162821 1876.5818420574069 1579.3395050689578 52.214848719537258 354.49951632320881 867.46351766586304 737.21418759971857 157.04374302923679 724.95602463185787 261.24933584779501 191.5441260933876 1047.4707229137421 272.45444073528051 240.58786638826132 5220.9902764484286 500.85905285179615 1711.6262480020523 419.06945466250181
leaf_count=7614 2209 16276 10705 3990 118172 1753 323 8853 6813 2381 6165 5664 1609 12223 26450 323 5297 8309 3038 3574 13261 6198 3004 8009 1739 2175 139031 5354 41122 798
internal_value=-2.62716 -2.73622 -2.85093 -2.92513 -2.9702 -3.01662 -2.89793 -2.28434 -2.31361 -2.25601 -1.99431 -2.18878 -2.28043 -2.3154 -2.66901 -3.15316 -2.98055 -2.48804 -2.17715 -2.56128 -3.00253 -2.70221 -3.16037 -2.41076 -2.52143 -2.65013 -3.20439 -2.58075 -3.03706 -2.14642
internal_weight=30906.1 26363 20734.8 18333.8 17177 15668.5 8382.46 2401.01 5628.17 1156.83 4543.18 1151.4 5254.57 4699.46 2191.7 7286.04 6190.75 1508.46 1062.66 798.21 5836.26 2081.18 7233.82 2822.88 1775.41 1819.93 5330.65 1502.95 1903.17 1602.8
internal_count=472432 458394 406371 385532 376123 357109 171876 20839 52023 9409 14038 7873 45210 43601 35146 185233 136730 19014 7028 11188 131433 34823 184910 31378 23369 28625 140784 21630 44126 9651
cat_boundaries=0 1 2 3 10
cat_threshold=4 4 525568 2684354560 65600 4096 16777216 2162752 0 32768
is_linear=0
shrinkage=1


Tree=1
num_leaves=31
num_cat=6
split_feature=142 24 27 363 29 213 7 182 3 4 42 31 0 13 0 421 105 48 26 37 26 0 0 30 3 184 0 423 29 430
split_gain=110380 30780.4 23396.9 36875.2 16748.8 13768.5 13590.3 12622.1 7005.9 5695.73 6091.39 5680.15 5501.6 5117.49 4972.61 4996.15 4967.35 5509.49 8200.71 4858.32 4659.75 4486.28 4295.16 4265.47 4175.7 4051.59 4034.03 4067.02 3770.03 3718.07
threshold=1.0000000180025095e-35 1.5000000000000002 1.0000000180025095e-35 29.929687500000004 214.50000000000003 1.0000000180025095e-35 0 63.953125000000007 581.50000000000011 149.50000000000003 68.500000000000014 1.0000000180025095e-35 331.25000000000006 1 279.87500000000006 2 1.5000000000000002 3 7.5000000000000009 528.50000000000011 100.50000000000001 159.18750000000003 312.12500000000006 3.5000000000000004 327.50000000000006 25.965300559997562 224.12500000000003 4 19.500000000000004 5
decision_type=10 2 2 10 10 8 9 10 10 10 10 10 2 9 2 9 8 9 2 10 2 2 2 10 10 8 2 9 10 9
left_child=1 2 -1 5 20 13 9 8 21 -7 -11 22 16 26 15 29 17 -5 -19 -9 23 -2 -10 -3 -21 -17 27 -4 -25 -8
right_child=7 4 3 12 -6 6 14 19 11 10 -12 -13 -14 -15 -16 25 -18 18 -20 24 -22 -23 -24 28 -26 -27 -28 -29 -30 -31
leaf_value=0.37566598435020959 0.078483741630630988 0.40659822079524766 0.20764512843900507 0.37529221518319344 0.20331698218769956 0.034197381439689409 0.46555267094193464 0.2767505845650573 0.66992797137652405 0.3682770231442053 0.18184212241598599 0.00046260945729224758 0.46538907384627892 0.038085421277239517 0.34329238707140441 0.16346841647171945 0.43801971141232326 0.31870954017123315 0.076547363658876072 0.78538306287478621 0.2912302204116145 0.17362640215146896 0.17579181403240929 0.38854554815843323 -0.052385375262104475 0.31963643704820499 0.38835965994522798 0.023805391857807359 0.277611521509882 0.21211085383108266
leaf_weight=8804.5326174944639 4655.01902173087 19424.994571216404 1008.5506442300975 2444.8564129546285 1224.4024805314839 155.79141950234771 292.55131312459707 699.19510725513101 131.16260446235538 3205.9144645892084 507.48263055831194 78.093992095440626 1263.978609457612 1024.8292407467961 626.92847080156207 4720.312909077853 1250.186082161963 1519.1656567752361 454.11089687421918 86.818610183894634 1074.5615011192858 1688.4144195057452 66.159495554864407 1917.4531901888549 17.948784798383713 455.3857307061553 208.04206728562713 444.98428290337324 1275.2172323018312 416.23435663431883
leaf_count=23515 107415 38098 16134 15399 16460 2149 2364 9528 1312 19720 6474 1840 3274 21758 7514 82671 3692 10161 7046 394 4181 31375 1204 4915 436 3394 1799 9299 12984 5927
internal_value=0.317978 0.34295 0.307749 0.277849 0.383643 0.228397 0.254507 0.13725 0.114526 0.329521 0.342798 0.361402 0.371063 0.127507 0.209105 0.195165 0.350029 0.32513 0.262981 0.324329 0.392962 0.103808 0.504251 0.397795 0.641856 0.176867 0.18134 0.152957 0.344236 0.321741
internal_weight=61143.3 53720.5 28803.8 19999.3 24916.6 13067 10380.6 7422.81 6618.85 3869.19 3713.4 275.416 6932.3 2686.41 6511.41 5884.48 5668.32 4418.13 1973.28 803.963 23692.2 6343.43 197.322 22617.7 104.767 5175.7 1661.58 1453.53 3192.67 708.786
internal_count=472432 318928 242290 218775 76638 179203 130213 153504 143146 28343 26194 4356 39572 48990 101870 94356 36298 32606 17207 10358 60178 138790 2516 55997 830 86065 27232 25433 17899 8291
cat_boundaries=0 1 3 7 8 15 66
cat_threshold=2 545851653 4194312 65536 11698176 9437314 1152 1 1610613008 65600 4096 536952832 2163296 144 163840 2097152 0 0 0 0 8388736 0 0 0 0 532480 0 256 0 131072 134219776 0 0 0 1048576 4 67108864 67108864 2048 0 0 4194305 0 0 16 0 0 0 0 268435456 0 1073741824 33554432 0 131073 4098 0 256 2147483648 0 134217728 0 0 0 537001984 33554436
is_linear=0
shrinkage=0.05


Tree=2
num_leaves=31
num_cat=8
split_feature=121 24 27 363 363 29 430 0 213 13 32 3 48 47 361 12 421 420 12 6 30 28 407 35 8 0 134 211 0 3
split_gain=54213 13771.8 11167.2 15570.9 10084.4 7792.82 7578.38 6697.11 5239.53 5553.67 5038.17 5121.25 4956.42 4492.26 3947.51 3521.48 3305.74 3771.1 3266.48 3020.67 2983.18 2960.79 2941.16 2696.12 2685.82 2677.74 2646.16 2465.46 2438.25 2417.46
threshold=1.0000000180025095e-35 1.5000000000000002 1.0000000180025095e-35 39.984375000000007 200.12500000000003 57.500000000000007 0 279.87500000000006 1.0000000180025095e-35 1 1.5000000000000002 581.50000000000011 2 3 210.12500000000003 4 5 6 7 224.50000000000003 2.5000000000000004 497.50000000000006 193.00000000000003 35.140625000000007 270.50000000000006 146.06250000000003 1.5000000000000002 25416.450195312504 68.531250000000014 549.50000000000011
decision_type=10 2 2 10 10 10 9 2 8 9 10 10 9 9 10 9 9 9 9 8 10 10 10 10 8 2 10 10 2 10
left_child=1 2 22 6 10 18 -4 8 16 -10 11 14 13 -11 28 -5 17 23 -3 -16 -17 29 25 -8 -21 27 -15 -1 -2 -7
right_child=4 5 3 15 -6 21 7 -9 9 12 -12 -13 -14 26 19 20 -18 -19 -20 24 -22 -23 -24 -25 -26 -27 -28 -29 -30 -31
leaf_value=0.22004820602328429 0.052767138747459953 0.19098672661503957 0.33323311350739016 0.11382598658807969 0.31601791058914375 0.23051594902082209 0.31796705194482677 0.25617538984420712 0.25624498039988275 0.24827419856136054 0.054490333648216184 0.31406259455600605 0.12323218121710602 0.13205048345021778 0.077175763457225627 0.28126818851255114 0.044180323942826082 0.08469765090470166 0.28414704633359827 0.47283233290756421 0.19709165956826055 0.034763013086503376 0.29714836185561938 0.029392521062773527 0.17526913693736709 0.27534727573970208 0.37998707165481527 -0.05582640675877415 0.13675431140634914 0.095794284418212666
leaf_weight=3145.3516687564552 1526.5959542654455 1159.8132483065128 773.83217144012451 436.79692113772035 573.60065158456564 3790.7104345597327 427.85501559078693 2026.1871487759054 1786.7008555047214 2147.302230540663 3529.9422646202147 365.29995674267411 4791.4714377373457 1989.3321032002568 158.31365660578012 7188.0796463042498 1447.7999464534223 829.88813579827547 27551.061477907002 177.4071152061224 1233.0976236946881 230.98737058416009 4794.2776821777225 99.824232425540686 132.44800448790193 3677.1735438816249 113.7700222581625 83.127323191612959 1991.4615974314511 365.05172768235207
leaf_count=10152 32438 4640 1375 3295 3646 24700 4190 12928 13243 21417 74088 2832 58858 27123 2851 24088 26887 13964 39463 1546 9124 3054 4341 1879 2170 8034 699 1037 34197 4173
internal_value=0.233207 0.247635 0.22667 0.207985 0.113607 0.271066 0.179183 0.171248 0.158753 0.174529 0.0988757 0.134881 0.157924 0.197403 0.118461 0.261422 0.0978555 0.153641 0.280549 0.254856 0.268623 0.208997 0.267061 0.258477 0.345639 0.246173 0.145463 0.212945 0.10031 0.218682
internal_weight=78544.6 70089.5 36991.9 25291.9 8455.07 33097.6 16434 15660.1 13633.9 10828.6 7881.47 4351.53 9041.88 4250.4 3986.23 8857.97 2805.37 1357.57 28710.9 468.169 8421.18 4386.75 11699.9 527.679 309.855 6905.65 2103.1 3228.48 3518.06 4155.76
internal_count=472432 318664 242634 219070 153768 76030 182563 181188 168260 121340 150122 76034 108097 49239 73202 36507 46920 20033 44103 6567 33212 31927 23564 6069 3716 19223 27822 11189 66635 28873
cat_boundaries=0 50 52 53 54 56 60 63 65
cat_threshold=2097152 0 2048 0 262144 8388608 0 0 0 0 524288 0 0 0 0 0 0 0 0 1048592 131072 262144 2147483648 0 0 0 4194305 0 0 16 0 0 0 32 0 0 1073741824 33595392 36700160 4194305 0 0 0 1073741824 0 0 0 0 16777216 536903680 545326080 4194328 1 2 3292569650 4295748 2147581952 564155408 565445666 96 16781778 805451776 5 1140884234 4278276
is_linear=0
shrinkage=0.05


Tree=3
num_leaves=31
num_cat=7
split_feature=18 15 37 363 430 27 7 30 19 26 6 89 365 13 179 19 3 0 0 13 407 13 421 100 423 0 26 364 6 184
split_gain=33914.1 10437.9 10913.5 8703.4 5606.16 5621.15 5175.54 4207.7 4990.34 3401.32 3170.31 3256.22 3136.55 3132.99 2793.26 2728.11 2658.53 2580.64 2506.35 3288.74 2324.17 2274.87 2261.56 2126.21 2114.89 2114.21 2106.68 2110.64 2103.86 1812.57
threshold=1.0000000180025095e-35 1.5000000000000002 28.500000000000004 64.968750000000014 0 1.0000000180025095e-35 1 2.5000000000000004 3.5000000000000004 1.5000000000000002 224.50000000000003 1.5000000000000002 24.960937500000004 2 60.069999694824226 3.5000000000000004 161.50000000000003 216.25000000000003 60.031250000000007 3 204.00000000000003 4 5 1.5000000000000002 6 335.25000000000006 127.50000000000001 222.50000000000003 224.50000000000003 8.2171502113342303
decision_type=2 2 8 10 9 2 9 10 2 2 8 8 10 9 8 2 8 2 2 9 8 9 9 10 9 2 2 8 8 10
left_child=1 2 6 10 -4 -6 20 13 9 -9 17 23 15 -3 18 21 -5 -2 19 -8 -1 24 -23 -12 -7 -24 28 -28 -18 -11
right_child=3 7 4 16 5 12 14 8 -10 29 11 -13 -14 -15 -16 -17 26 -19 -20 -21 -22 22 25 -25 -26 -27 27 -29 -30 -31
leaf_value=0.1023284451178713 0.029775723011166405 0.13813051767982934 0.033027428017035704 0.031646493675344688 0.20195315196755895 0.35749155569539137 0.2029221955703609 0.23791196127626693 0.23253787262096753 0.11681004907526933 0.075550409026064747 0.1670623017746192 0.17859929551971143 0.22228468712509875 0.21445291194461369 0.29068748252293591 0.14581696666275792 0.1295310977299329 0.18891255139092408 0.10340206187513593 0.23146763084438873 0.34353743138192938 0.073257168526020058 0.25166715285156188 0.071562689041276759 0.19055037135018105 0.011091984678697073 0.28795757613221068 0.25294648561249428 0.20322193417805182
leaf_weight=362.30989183112979 3049.327636834234 1273.139690592885 1167.2578703612089 251.57185519486666 3472.0505159497261 157.68364634737372 1200.5655552446842 917.74607077613473 2907.4766543991864 3509.1246837154031 3574.3022394180298 1720.3402710147202 1955.2308756634593 38965.132505591959 3132.7435592003167 189.51613522693515 658.26318987086415 823.39136272668839 3663.7746593281627 3024.7285249494016 9082.4201993085444 77.605261567980051 4278.7222866006196 180.00409271195531 135.37564417719841 422.08580866456032 249.89588980004191 95.006695598363876 1508.5539845339954 733.74999838322401
leaf_count=3078 57430 5053 15076 2727 7060 589 5873 2225 4636 32144 62146 21949 9634 58011 8260 635 5059 10655 27365 32904 22245 552 58377 2369 1523 2509 3193 134 6545 2476
internal_value=0.18667 0.198388 0.176395 0.108653 0.138221 0.149539 0.198508 0.213104 0.180149 0.150633 0.0856066 0.110098 0.124527 0.219712 0.174351 0.104431 0.186611 0.050985 0.158647 0.132404 0.226274 0.0974708 0.0885411 0.0839945 0.232129 0.0836111 0.202132 0.0873572 0.220401 0.131754
internal_weight=92739.1 80628.4 32322.1 12110.7 11855.5 10688.3 20466.5 48306.4 8068.1 5160.62 9347.37 5474.65 7216.22 40238.3 11021.8 5260.99 2763.29 3872.72 7889.07 4225.29 9444.73 5071.47 4778.41 3754.31 293.059 4700.81 2511.72 344.903 2166.82 4242.87
internal_count=472432 300225 195680 172207 95955 80879 99725 104545 41481 36845 154549 86464 73819 63064 74402 64185 17658 68085 66142 38777 25323 63550 61438 64515 2112 60886 14931 3327 11604 34620
cat_boundaries=0 51 52 54 56 57 61 66
cat_threshold=0 0 0 0 0 0 0 0 0 0 0 0 0 0 0 0 0 0 0 67108864 2097152 0 16384 0 536870912 4 0 0 128 0 37748736 0 0 0 0 8388736 2219065352 33554 0 0 9216 8388608 0 0 32768 268435456 0 67371008 0 0 134250496 2 3292530178 8650784 570490880 4194328 8913152 98304 536875008 536871970 64 16 0 0 16384 64
is_linear=0
shrinkage=0.05


Tree=4
num_leaves=31
num_cat=12
split_feature=100 13 1 359 7 180 19 420 12 30 0 421 18 210 42 14 14 12 127 0 12 29 12 6 48 22 421 3 336 421
split_gain=23803 9144.88 11268.3 8117.94 6415.84 3831.07 3731.66 2848.69 2833.61 2649.26 2678.44 2774.82 2356.23 2327.03 1981.66 2590.23 1941.91 1921.77 1920.91 1863.21 1827.23 2181.12 1825.08 1873.43 2946.26 2259.67 2152.26 1913.89 1821.02 1670.51
threshold=1.0000000180025095e-35 0 1 118.00999832153322 2 24.960937500000004 2.5000000000000004 3 4 59.500000000000007 160.56250000000003 5 1.0000000180025095e-35 1302.5000000000002 68.500000000000014 7.5000000000000009 1.5000000000000002 6 2.5000000000000004 111.75000000000001 7 514.50000000000011 8 218.00000000000003 9 6.5000000000000009 10 548.50000000000011 16.500000000000004 11
decision_type=10 9 1 8 9 10 2 9 9 10 2 9 2 10 10 2 2 9 10 2 9 10 9 8 9 2 9 8 10 9
left_child=1 7 -3 4 6 19 9 16 -6 10 11 -4 -8 14 -10 17 29 -16 22 20 21 -2 -13 26 27 -26 -24 -25 -5 -1
right_child=5 2 3 28 8 -7 12 -9 13 -11 -12 18 -14 -15 15 -17 -18 -19 -20 -21 -22 -23 23 24 25 -27 -28 -29 -30 -31
leaf_value=0.18775633588830076 0.1755728981931266 0.028009981385240065 0.16731552118357748 0.18197770269647454 0.0084109207423059152 0.18254318780689838 0.18334163147021423 0.18896462587967588 0.17979607598655475 0.032627993695049373 0.15994805573488793 0.24040262088578604 0.099661733564538113 0.03187237797742145 0.13705291787527935 0.21037086333044788 0.17091623377563733 0.017201689504703861 0.38542889396758839 0.096393800977620306 0.039755107163624591 0.86786386155468387 0.14352096964253627 0.15132508619459037 0.074170244085440984 0.46914080707238437 0.049404177649418089 0.041984943154975571 0.00077928293522788392 0.073505461652632997
leaf_weight=441.14542300254107 47.987751271575689 1816.527855116874 1821.8876129090786 20156.243723679334 289.62131101638079 737.14228726550937 3640.3316176943481 31700.440754454583 12872.651251085103 944.90320654585958 3190.5985076539218 222.31858306378126 1094.053953140974 299.92991544678807 826.83831934258342 637.45730123668909 2795.6721791028976 577.88408664241433 58.758110579103231 2652.5938164591789 4593.4392548911273 14.913147076964377 755.33146932721138 3656.6640839017928 3707.1560515724123 36.569514289498329 3194.5901876911521 449.40657223761082 139.61862618103623 1310.3856392204762
leaf_count=1892 712 17027 6802 45998 2623 4359 10822 42073 30480 11981 21056 1055 12694 4692 5366 1284 3635 6119 41 33894 84124 43 3138 29918 38158 50 34067 4773 1223 12333
internal_value=0.156531 0.163411 0.151323 0.155142 0.141614 0.0739034 0.124442 0.183458 0.166648 0.114127 0.118633 0.109151 0.164004 0.169652 0.172537 0.126779 0.144735 0.0888458 0.100158 0.0629465 0.0438924 0.293109 0.0988469 0.0958949 0.110109 0.0780284 0.0678903 0.139358 0.180731 0.103773
internal_weight=104683 96637 60389.3 58572.8 38277 8046.08 22772.6 36247.6 15504.4 18038.2 17093.3 13902.7 4734.39 15214.8 14914.8 2042.18 4547.2 1404.72 12080.8 7308.93 4656.34 62.9009 12022 11799.7 7849.8 3743.73 3949.92 4106.07 20295.9 1751.53
internal_count=472432 349300 289367 272340 225119 123132 174555 59933 50564 151039 139058 118002 23516 47941 43249 12769 17860 11485 111200 118773 84879 755 111159 110104 72899 38208 37205 34691 47221 14225
cat_boundaries=0 2 3 4 7 9 13 15 17 18 19 22 25
cat_threshold=545327104 4194392 4 4 3579046432 4639747 192 1080178952 8621092 35659776 25182209 41943424 1152 9011216 90177600 1073741824 67108864 572527873 1 262144 1474584 72884743 262144 546308104 8390050
is_linear=0
shrinkage=0.05


Tree=5
num_leaves=31
num_cat=12
split_feature=18 14 42 421 358 12 7 430 7 24 371 26 12 71 22 12 0 430 13 423 26 26 86 134 50 6 361 3 8 423
split_gain=18387.9 8424.29 6293.67 6187.15 4977.57 3739.57 3584.16 3543.2 2977.63 2819.62 2728.2 2763.33 2468.01 2414.27 2702.13 2318.73 2094.59 2120.87 2066.63 1987.53 1911.64 1872.5 2522.43 2113.93 1795.31 1695.32 1652.86 1642.98 1634.85 1597.73
threshold=1.0000000180025095e-35 3.5000000000000004 80.500000000000014 0 250.06935119628909 1 2 3 4 1.5000000000000002 1039.6250000000002 1.5000000000000002 5 1.5000000000000002 3.5000000000000004 6 138.06250000000003 7 8 9 20.500000000000004 26.500000000000004 1.0000000180025095e-35 1.0000000180025095e-35 10 194.50000000000003 178.93750000000003 475.50000000000006 270.50000000000006 11
decision_type=2 2 10 9 10 9 9 9 9 2 10 2 9 10 2 9 2 9 9 9 2 2 8 8 9 8 8 8 8 9
left_child=1 2 3 18 8 -5 7 -7 -2 15 11 -4 28 14 20 -9 17 -17 29 -8 27 -3 23 -23 25 -6 -24 -14 -13 -1
right_child=4 21 10 5 24 6 19 9 -10 -11 -12 12 13 -15 -16 16 -18 -19 -20 -21 -22 22 26 -25 -26 -27 -28 -29 -30 -31
leaf_value=-0.0081988593752582925 0.048505990323507484 0.1673310221416299 0.14606665680580788 0.029188880663728295 0.033252471271884521 -0.051263766833440173 0.06376996347126139 0.065624786777824545 0.11558355820049732 0.15974617207385167 0.22798992148292588 0.33492690073198161 0.043278668006875326 0.16846605051175262 0.16563084835111427 0.15907204294176269 0.15740947521857207 0.10802572844534027 0.036839716398604692 0.16134238389917066 -0.0055858269474487925 0.30502279119589648 0.10298431590336708 0.14134163476620573 0.10290786715205054 0.19018988353151342 -0.036652940025519422 0.099984048670761924 0.060652200243602183 0.12179034972447578
leaf_weight=269.87011884897947 7905.1057355329394 29747.07880423218 1828.9554436840117 725.66066963598132 197.22006180882454 260.53014934808016 578.90491161867976 1634.9155533388257 2109.7135516442358 7726.3864877298474 376.37175484374166 160.85677438601851 3043.6862190887332 602.6006352044642 599.08369193971157 2699.0202268101275 4845.5861214771867 10249.03574051708 1684.7871709465981 24528.051707953215 1093.9408200159669 218.87578731775284 741.10059812664986 1997.0852688327432 2760.3161260038614 1350.1635576114058 296.78910787031054 2201.2068249955773 82.041197381913662 2360.4644788764417
leaf_count=2748 122352 18534 7723 5339 1986 2743 4350 11884 21690 17212 633 282 26473 2444 1950 8233 15882 63759 15539 49739 10304 247 2138 2997 19387 6792 2302 15613 741 10416
internal_value=0.135136 0.142686 0.132571 0.138928 0.082132 0.143608 0.145183 0.132368 0.0628003 0.134148 0.0959336 0.0907629 0.0777676 0.072372 0.06413 0.124037 0.129294 0.118873 0.0806545 0.159119 0.0545371 0.163392 0.12738 0.157509 0.127076 0.170188 0.0630544 0.0670771 0.232707 0.108473
internal_weight=114875 100553 67552 57563.2 14322.5 53248.1 52522.4 27415.5 10014.8 27154.9 9988.74 9612.37 7783.42 7540.52 6937.92 19428.6 17793.6 12948.1 4315.12 25107 6338.83 33000.9 3253.85 2215.96 4307.7 1547.38 1037.89 5244.89 242.898 2630.33
internal_count=472432 300225 274007 207844 172207 179141 173802 119713 144042 116970 66163 65530 57807 56784 54340 99758 87874 71992 28703 54089 52390 26218 7684 3244 28165 8778 4440 42086 1023 13164
cat_boundaries=0 4 6 7 55 56 58 60 111 113 120 121 128
cat_threshold=419475464 3221825702 2646137 522 1213610184 29857191 4 0 0 0 0 0 2097152 0 33554432 0 0 0 262272 0 0 1 67108864 1 0 0 0 2097152 2281718788 270340 0 131072 0 0 0 128 0 0 0 536870912 0 16 0 67108864 64 2181038088 0 8192 0 0 0 512 0 0 16777216 12 33559568 4194308 2426422294 33554944 2097152 0 0 0 0 8388608 0 268435456 0 128 525312 0 0 268435456 0 0 0 0 0 1048576 0 262144 264 2048 0 0 4194305 0 0 16 0 0 0 0 8 0 1073741824 73728 0 4194321 528384 0 256 1073741824 0 134217728 0 0 16777216 536870912 100925440 545328132 4194376 16777216 1024 32768 536870912 672137856 134480304 8 1 2164265216 0 2129952 553713664 537919520 2147483648 8
is_linear=0
shrinkage=0.05


Tree=6
num_leaves=31
num_cat=8
split_feature=142 14 42 13 19 27 361 430 13 0 32 421 5 30 26 347 12 47 430 19 71 26 8 26 26 22 8 28 340 19
split_gain=14740.7 6897.5 6371.55 4686.96 3866.17 4485.23 4887.55 4177.34 3111.95 3306.93 2882.46 2639.41 2301.52 2045.64 2033.96 2140.7 1940.55 1870.01 2102.06 2119.06 1650.02 1618.18 1837.02 1834.88 1528.72 2184.58 1453.65 1449.73 2047.19 1435.26
threshold=1.0000000180025095e-35 4.5000000000000009 80.500000000000014 0 1.5000000000000002 1.0000000180025095e-35 67.968750000000014 1 2 140.06250000000003 8.5000000000000018 3 4 56.500000000000007 1.5000000000000002 2.5000000000000004 5 6 7 1.0000000180025095e-35 1.5000000000000002 102.50000000000001 476.50000000000006 696.50000000000011 32.500000000000007 3.5000000000000004 327.50000000000006 356.50000000000006 1.5000000000000002 10.500000000000002
decision_type=10 2 10 9 2 2 10 9 9 2 10 9 9 10 2 10 9 9 9 2 10 2 8 2 2 2 10 10 10 2
left_child=1 2 3 -1 5 -5 7 -7 -9 11 12 -10 -2 14 -4 16 -16 -13 -19 -20 24 -3 23 -23 25 -18 -22 28 -17 -26
right_child=10 21 13 4 -6 6 -8 8 9 -11 -12 17 -14 -15 15 27 20 18 19 -21 26 22 -24 -25 29 -27 -28 -29 -30 -31
leaf_value=-0.023301342376807262 0.038528293620850772 0.14727643490585698 0.13770476372752902 0.13733831080331591 0.14603366433228723 0.17531594672879525 0.13505346801633986 0.013148186518535471 0.11241633614098823 0.12859556377258927 0.028411282851344512 0.098197955098345932 0.098690323628622734 0.017738055938617277 0.17892160671876775 0.0055473451701289747 0.058842980743665688 0.17139965762945222 0.11829796941632598 0.035240088007176686 0.077399783339149736 -0.00573164996382687 0.13816290375862442 0.14865615433069043 -0.023087862798288242 0.15572502420738926 0.2208314762597938 0.21747494870977113 0.2061758713284475 0.22946508046845754
leaf_weight=548.32445454597473 2241.6825034618378 29932.25715976581 1876.8653982616961 18253.021210532635 15384.087227400392 1469.8697179630399 10278.625452511013 1328.6640486679971 4692.6798993907869 4857.297513589263 3597.5634137243032 3262.9255664721131 5853.5338821150362 1067.2031276188791 407.6126323826611 287.19575383514166 5982.3349303528666 345.71978374570608 883.62770672515035 5864.9400864429772 407.18640074878931 573.10446595773101 1457.6181622780859 289.75272566825151 755.00405492633581 644.55610773712397 312.00495519116521 446.23595834895968 228.16290910542011 60.784556195139885
leaf_count=5331 30926 20863 6149 22298 25611 1219 21742 15602 22653 21387 60326 21430 62252 11625 1002 1699 43482 955 5649 52469 2027 4088 1545 292 6972 1522 648 490 158 20
internal_value=0.119069 0.124651 0.116751 0.122846 0.124033 0.117452 0.106447 0.0934974 0.0877103 0.0926777 0.0656507 0.081147 0.0822001 0.0839356 0.0901283 0.0807595 0.0728218 0.0668063 0.0524623 0.0460471 0.0672215 0.144158 0.103935 0.0461127 0.0603154 0.0682661 0.139624 0.151498 0.0943709 -0.0042701
internal_weight=123590 111898 79644.9 67169.8 66621.5 51237.4 32984.3 22705.7 21235.9 19907.2 11692.8 15049.9 8095.22 12475.1 11407.9 9531.08 8569.48 10357.2 7094.29 6748.57 8161.87 32252.7 2320.48 862.857 7442.68 6626.89 719.191 961.595 515.359 815.789
internal_count=472432 318928 292140 216346 211015 185404 163106 141364 140145 124543 153504 103156 93178 75794 64169 58020 55673 80503 59073 58118 54671 26788 5925 4380 51996 45004 2675 2347 1857 6992
cat_boundaries=0 2 52 54 57 58 60 61 109
cat_threshold=3646328856 161885728 0 0 0 0 262144 8388608 0 0 0 0 524288 0 0 0 0 134217728 0 8388608 0 1048592 131072 2048 2147483648 0 0 0 4194305 32 33554432 16 0 0 64 0 0 537001984 1073741824 33595392 36700168 16 0 0 0 1073741824 0 0 0 0 16777216 536903680 69215878 68681732 2216755712 814891161 547357826 4 33559569 67108864 2 2097152 0 2048 0 0 192 0 0 0 0 8192 0 256 0 0 0 1 1048576 0 64 4 0 67108992 2048 0 0 0 0 0 2097152 4 0 3145728 1056 256 0 0 0 2048 131073 4130 0 256 2147483648 0 4194560 8192 1024
is_linear=0
shrinkage=0.05


Tree=7
num_leaves=31
num_cat=12
split_feature=18 14 27 365 430 368 35 362 421 13 0 113 0 47 51 430 430 12 12 4 26 86 421 32 30 13 430 15 2 105
split_gain=12681 7319.04 4535.87 7287.45 3850.38 3519.89 2967.43 2539.13 2303.76 2351.91 2310.71 2347.3 2151.79 2057.26 2322.41 1944.06 1780.24 1723.74 1599.35 1516.64 1498.17 1790.55 1404.1 1377.63 1362.36 1357.85 1337.06 1312.09 1299.18 1264.02
threshold=1.0000000180025095e-35 3.5000000000000004 1.0000000180025095e-35 63.031250000000007 0 28.97500038146973 34.515625000000007 47.890625000000007 1 2 248.12500000000003 1.5000000000000002 58.953125000000007 3 4 5 6 7 8 149.50000000000003 26.500000000000004 1.0000000180025095e-35 9 3.5000000000000004 3.5000000000000004 10 11 6.5000000000000009 15063.500000000002 1.5000000000000002
decision_type=2 2 2 8 9 10 10 10 9 9 2 10 2 9 9 9 9 9 9 8 2 10 9 10 10 9 9 2 2 10
left_child=1 2 26 4 -4 7 8 12 9 -6 11 13 -2 18 -15 -16 -8 -14 -10 -5 -3 -22 -17 27 -21 -18 -1 -19 -11 -20
right_child=5 20 3 19 6 -7 16 -9 10 28 -12 -13 17 14 15 22 25 23 29 24 21 -23 -24 -25 -26 -27 -28 -29 -30 -31
leaf_value=0.058190512299760924 0.021024268528242865 0.13401013255869532 0.15980337882809709 -0.031102016377871397 0.0026613403641185169 0.11402946503264828 0.18613480029650628 0.1431419690183702 -0.0014205611360452403 0.129396153797221 0.11142411171070937 0.12766682275977165 -0.02816994834387759 0.12328990888293334 0.17014157047005665 -0.022158429224999717 0.14248354192840784 0.074322621874136047 0.087816449124483081 0.12943112737776816 0.11085084037931213 -0.016001201506796636 0.04893725468935111 0.042116425347930586 0.091253671825718807 0.011731899557393777 0.12572988555518497 0.14318310476895454 0.070752319824785845 0.17717120387508581
leaf_weight=821.45938890427351 4506.5699076391757 33465.03379611671 1604.3985870592296 159.85037939995527 479.90215796604753 2998.6960847303271 166.49325358122587 753.32107205688953 488.74044579640031 5250.6380629651248 4279.0061983838677 1705.6801974177361 473.93019920215011 1115.7071151174605 308.42317120358348 741.66714809462428 205.91398182138801 3850.2211644239724 6807.2138344757259 15275.153939668089 3378.4780391193926 303.14426534622908 10667.57584810257 2747.7086327746511 2758.820789616555 2551.3402743674815 20658.480894871056 843.28719849511981 1151.5455853454769 420.21674966067076
leaf_count=2457 69258 18534 1147 841 4773 10735 146 3203 4284 16611 15131 3807 6551 6379 620 6281 590 38348 41098 21161 5623 2061 85232 38053 11307 22931 22510 6059 6009 692
internal_value=0.106586 0.112427 0.103692 0.0962156 0.0837413 0.0651373 0.0803172 0.0540092 0.0845655 0.110589 0.0777449 0.0713043 0.0486037 0.0666261 0.0543589 0.0477956 0.032036 0.0643064 0.0870285 0.122232 0.13068 0.100406 0.0443003 0.0701398 0.123591 0.0219761 0.123233 0.0866949 0.118663 0.0928832
internal_weight=130939 114765 77618.2 56138.3 37944.5 16173.7 36340.1 13175 33416.3 6882.09 26534.2 22255.2 12421.7 20549.5 12833.4 11717.7 2923.75 7915.15 7716.17 18193.8 37146.7 3681.62 11409.2 7441.22 18034 2757.25 21479.9 4693.51 6402.18 7227.43
internal_count=472432 300225 274007 249040 215731 172207 214584 161472 190917 27393 163524 148393 158269 144586 98512 92133 23667 89011 46074 33309 26218 7684 91513 82460 32468 23521 24967 44407 22620 41790
cat_boundaries=0 50 54 56 57 58 107 154 156 158 162 164 215
cat_threshold=1075838976 0 0 0 0 64 0 268435456 0 0 8192 0 0 0 0 134217728 0 0 0 1048592 131072 2048 128 16 0 0 1 0 33554432 16 0 0 2097152 0 268435456 131072 1073741824 33595392 1050624 4194304 4098 0 0 1073741824 0 0 0 0 16793600 536903680 2214658560 2696036369 616829986 64 3695575066 210110464 2 1 0 0 2048 0 262144 128 0 0 0 0 524288 0 0 0 131072 2048 1 0 2048 2112 4 0 0 0 0 0 4194304 0 0 2097152 4 0 0 1056 8448 0 2147483648 0 8 16 0 1 256 2147483648 0 256 8192 1024 67108864 0 0 0 0 0 0 0 0 0 0 0 0 0 0 134217728 0 0 0 131072 0 0 0 2147483648 0 0 0 167772160 134217728 0 4 0 0 0 0 8 0 0 268435456 35651584 0 32 0 0 268435456 0 0 67108864 2432740803 331010 3498056266 4525569 454078476 17671522 134234140 520 41944064 8 0 0 0 0 0 0 0 0 0 0 0 0 0 0 0 0 0 0 0 0 2097152 2147483648 4 0 0 0 0 0 0 0 0 0 0 0 256 0 1073741824 32768 0 0 8192 0 0 0 32768 0 0 0 0 0 32768
is_linear=0
shrinkage=0.05


Tree=8
num_leaves=31
num_cat=16
split_feature=13 359 100 14 430 27 12 430 421 0 216 430 1 1 30 7 48 6 26 29 12 5 47 420 48 3 3 26 364 420
split_gain=10994.8 9258.99 3849.62 3496.11 2992.22 2936.3 2584.67 2421.98 2532.62 2252.58 2236.69 1992.67 1964.17 1882.85 1557.81 1385.9 1688.59 1989.92 1634.07 1327.25 1230.9 1229.59 1205.94 1232.64 1311.88 1236.46 1136.11 1748.62 1141.27 1129.87
threshold=0 118.00999832153322 1.0000000180025095e-35 1.5000000000000002 1 1.0000000180025095e-35 2 3 4 138.06250000000003 865.00000000000011 5 6 7 3.5000000000000004 8 9 194.50000000000003 72.500000000000014 11.500000000000002 10 11 12 13 14 593.50000000000011 305.50000000000006 15.500000000000002 209.50000000000003 15
decision_type=9 8 10 2 9 2 9 9 9 2 10 9 1 1 8 9 9 10 2 10 9 9 9 9 9 10 10 2 10 9
left_child=3 2 4 5 -2 -1 -6 -7 29 10 14 -10 19 -3 -8 -15 17 -17 -18 -11 -19 -4 -16 -24 25 -25 27 -22 -29 -9
right_child=1 13 21 -5 6 7 9 8 11 12 -12 -13 -14 15 22 16 18 20 -20 -21 26 -23 23 24 -26 -27 -28 28 -30 -31
leaf_value=0.11534930274201852 0.13725483156832782 0.0039225659805514545 0.0098703478037157292 0.12035490689335791 -0.020149019259754264 0.16231637639383145 0.091363349371264099 0.14591698410286724 0.17087082661958439 0.11051498191645584 -0.030963590468900782 0.015945930210193495 0.0173053962273538 0.12310794774421185 0.044924251126683884 0.062741445835521964 0.084028507415653181 0.016319754565324737 -0.02799334943354749 0.07034928901536093 0.11179568152103983 0.052157435287344948 -0.044800184708625561 0.041132568374811787 0.082817717248813358 0.27441082278644913 0.13303303703312827 -0.047530728630111915 0.16105297273383878 0.077355690912697964
leaf_weight=8399.4055795073509 1985.632268153131 450.2346416823566 2449.3545607812703 42545.859330397099 718.17813825979829 725.10443229228258 6331.2142398282886 713.67440842092037 215.94679592549801 7857.2567545957863 562.27545690909028 2643.6492440253496 791.82215262204409 10483.240560736507 6344.3767980374396 1841.3893847577274 5436.8695401959121 297.74642153456807 346.27352949231863 2786.0488480143249 2094.2257221415639 5900.723891235888 221.3983939550817 3059.9811697863042 9548.6079695783556 57.87738024815917 6950.9745302014053 308.89753292500973 83.254902124404907 5009.4446475021541
leaf_count=8315 602 2190 37055 24814 6600 757 22608 2822 434 24460 8079 21435 6125 12382 48749 5860 16458 1325 2793 16997 3789 77261 2635 26171 54778 143 9764 2278 71 24682
internal_value=0.0965341 0.0839483 0.0707242 0.112566 0.0771316 0.0939157 0.0739576 0.074574 0.0668941 0.0757619 0.0676812 0.0282 0.0942899 0.1067 0.0698509 0.108322 0.099327 0.110406 0.077321 0.0999071 0.119422 0.0398275 0.0627691 0.0715537 0.0735647 0.045463 0.122528 0.093651 -0.00324791 0.0861449
internal_weight=137161 76907.9 48614.7 60253.1 40264.7 17707.2 38279 9307.82 8582.72 37560.9 26125.7 2859.6 11435.1 28293.1 25563.5 27842.9 17359.6 11576.5 5783.14 10643.3 9735.1 8350.08 19232.2 12887.9 12666.5 3117.86 9437.35 2486.38 392.152 5723.12
internal_count=472432 389173 332263 83259 217947 58445 217345 50130 49373 210745 163163 21869 47582 56910 155084 54720 42338 23087 19251 41457 17227 114316 132476 83727 81092 26314 15902 6138 2349 27504
cat_boundaries=0 2 53 55 106 110 159 160 161 162 163 165 166 167 170 171 174
cat_threshold=547948800 4194392 0 0 0 0 0 8388608 0 0 0 128 1026 536870912 0 0 131072 0 0 2 0 0 0 2048 65792 0 2147483648 0 0 1073741824 33554432 0 0 0 64 32 268443728 0 0 8192 1050632 0 32 0 0 2147483648 0 256 0 268435456 0 32768 83935232 1213597896 44035489 0 0 0 524288 0 64 0 268435456 0 0 524288 4096 0 0 0 134217728 0 0 0 1048592 131072 2048 128 16 0 0 4194305 0 0 16 0 0 2097152 0 0 537001984 1073741824 33587200 35653632 4194320 4098 0 0 0 0 0 0 0 16777216 536870912 65536 2158596096 548552729 632297122 1120 2097152 0 0 0 262144 128 0 33554432 0 0 8192 0 0 0 0 67110912 0 0 2112 2144 524292 0 67108864 0 0 0 805306368 0 0 65540 4 256 0 1024 8448 0 2147483648 0 1048576 0 32 0 256 3221225472 0 0 8192 0 67108864 19 4 2 1 1116209160 67108872 4 1 3246502272 2447376648 49 2 4545 948049920 64
is_linear=0
shrinkage=0.05


Tree=9
num_leaves=31
num_cat=12
split_feature=13 359 100 14 12 27 430 47 430 421 15 31 51 430 1 420 56 7 6 10 5 37 0 27 15 26 2 24 238 361
split_gain=10260.1 7954.26 3818.75 3395.32 2701.89 2599.24 2445.86 2141.05 2009.7 2014.93 1942.62 2134.35 1742.71 1585.63 1486.1 1485.08 1386.69 1356.68 1517.95 1282.16 1228.45 1086.47 1078.14 1064.46 1074.29 1465.57 1105.21 1048.66 1003.82 1109.3
threshold=0 261.09199523925787 1.0000000180025095e-35 1.5000000000000002 1 1.0000000180025095e-35 2 3 4 5 3.5000000000000004 25.500000000000004 6 7 8 9 1.5000000000000002 10 224.50000000000003 63.500000000000007 11 16.500000000000004 380.25000000000006 86.500000000000014 9.5000000000000018 32.500000000000007 10723.500000000002 1.0000000180025095e-35 1.5000000000000002 28.976562500000004
decision_type=9 8 10 2 9 2 9 9 9 9 2 10 9 9 1 9 10 9 8 10 9 10 2 2 2 2 2 2 10 10
left_child=3 2 4 5 -2 -1 -6 17 -7 -10 11 12 -9 -11 -3 -14 -13 18 -8 23 -4 -5 27 24 25 26 -12 -17 29 -29
right_child=1 14 20 21 6 8 7 10 9 13 19 16 15 -15 -16 22 -18 -19 -20 -21 -22 -23 -24 -25 -26 -27 -28 28 -30 -31
leaf_value=0.10530645339759603 -0.01672120823458938 -0.012947183576987166 0.0080343330788593993 0.11180463280813453 0.12709220286062825 0.14507418046157192 0.056365791556114014 0.10858676024107286 0.077319088431989966 0.14976846888197382 0.10437889727816685 0.017412491302481303 -0.030732980410656464 0.015286218186751317 0.10371466704511244 0.1194475517348004 0.13274298083257033 0.10830940894462499 0.091301404641983025 0.14958523011001537 0.048669836694636218 0.026112109709408683 0.095735496445194218 0.00077384368080064044 0.1172547021297836 -0.021347605608690038 0.033757308167281543 0.040809385701255141 0.12390045754652264 0.071735539048605926
leaf_weight=8731.1628355830908 841.09620212763548 282.26425185054541 2602.9194688387215 43388.62272901088 2088.2908814661205 773.50142305344343 5399.4263620302081 1949.43393227458 6042.8431286215782 229.54445583373308 1735.7328606471419 4041.205068167299 451.13472861424088 2679.6169108338654 21378.545789953321 629.67639792338014 278.60307189822197 4775.3030209802091 7330.670121666044 755.1093980409205 6650.5720378793776 373.07057159766555 1977.8133438006043 393.478849157691 1762.7982942610979 397.8120397105813 813.71259878575802 8923.9987467899919 487.73052965849638 4295.1881879456341
leaf_count=8315 7417 1382 38387 23445 550 739 27512 7050 27540 414 5828 29917 5243 21437 33271 1551 778 9973 29551 2134 80068 1369 5389 3076 4336 3372 4468 64966 434 22520
internal_value=0.0882012 0.0763381 0.0667751 0.103472 0.0723042 0.0855032 0.0738367 0.071413 0.0677246 0.0608112 0.0630682 0.0565298 0.063842 0.0263741 0.102236 0.0586392 0.0248507 0.0852272 0.0764236 0.0887756 0.0373007 0.111074 0.061092 0.0797783 0.0863783 0.0679107 0.0818384 0.0563554 0.053457 0.0508579
internal_weight=142461 80242.5 58581.7 62218.4 49328.2 18456.7 48487.1 46398.8 9725.51 8952 28893.4 23034.8 18715 2909.16 21660.8 16765.5 4319.81 17505.4 12730.1 5858.64 9253.49 43761.7 16314.4 5103.53 4710.06 2947.26 2549.45 14336.6 13706.9 13219.2
internal_count=472432 389173 354520 83259 236065 58445 228648 228098 50130 49391 161062 137848 107153 21851 34653 100103 30695 67036 57063 23214 118455 24814 94860 21080 18004 13668 10296 89471 87920 87486
cat_boundaries=0 2 4 55 56 107 111 112 161 162 165 166 167
cat_threshold=547948800 4194392 1482041544 10481057 0 0 0 0 0 8388608 0 0 0 128 1026 536870912 0 0 131072 0 0 2 16908288 0 0 2048 65792 0 2147483648 0 0 1073741824 33554432 0 0 0 64 32 268435536 0 0 8192 1050632 0 32 0 0 2147483648 0 256 0 268435456 0 32768 83902464 2 0 0 0 524288 0 8388672 0 268435456 0 0 524288 4096 0 0 0 134217728 0 0 131072 1048592 131072 0 128 16 0 0 4194305 0 0 16 0 0 2097152 0 0 537001984 1073741824 33587200 35653632 4194320 4098 0 0 0 0 0 0 0 16777216 536870912 65536 2158596096 548552729 632297122 1120 1 2097152 0 0 0 262144 128 0 33554432 0 0 8192 0 0 0 0 67110912 0 0 2112 2144 524292 0 67108864 0 0 0 805306368 0 0 65540 4 256 0 1024 8448 0 2147483648 0 1048576 0 32 0 256 3221225472 0 0 0 0 67108864 4 4052216202 722211016 49 4 4
is_linear=0
shrinkage=0.05


Tree=10
num_leaves=31
num_cat=15
split_feature=13 368 30 14 1 7 27 0 12 430 421 430 12 6 48 18 12 393 421 37 10 7 6 12 15 42 336 12 0 423
split_gain=9752.2 7258.7 4301.56 3516.5 2872.63 2791.05 2385.35 2050.36 1892.85 1785.3 1533.33 1394.65 1199.62 1163.87 1421.55 1221.25 1148.25 1107.22 1009.49 1004.52 915.478 887.299 1275.16 964.804 890.544 1066.35 874.361 1232.05 872.575 833.551
threshold=0 25.965300559997562 8.5000000000000018 1.5000000000000002 1 2 1.0000000180025095e-35 47.953125000000007 3 4 5 6 7 225.50000000000003 8 1.0000000180025095e-35 9 1.0000000180025095e-35 10 16.500000000000004 25.500000000000004 11 183.50000000000003 12 17.500000000000004 2.5000000000000004 3.5000000000000004 13 140.06250000000003 14
decision_type=9 8 10 2 1 9 2 2 9 9 9 9 9 8 9 2 9 10 9 10 10 9 8 9 2 8 10 9 2 9
left_child=3 2 4 6 -2 7 -1 -6 -9 -8 17 -12 -3 15 -15 28 -7 29 -14 -5 -16 -20 26 -24 -25 -26 -23 -28 -10 -11
right_child=1 12 -4 19 5 16 9 8 13 10 11 -13 18 14 20 -17 -18 -19 21 -21 -22 22 23 24 25 -27 27 -29 -30 -31
leaf_value=0.096516567885836499 -0.0056089720417037518 -0.025405240591208411 0.031972171591085979 0.10406531755592302 0.033688059740646897 0.013415316428508808 0.13903356733987113 -0.0013001741431427501 0.050502365680733186 0.0077814335918487167 0.13175248359591643 0.016126265934227665 0.017984468156342328 0.09492622360894834 0.050846867400384667 0.019239882360539987 0.088757424575975186 0.17259031567447922 0.10537620074839534 0.022890916684710133 0.11097611400268635 0.067207230611484467 0.011075733958323012 0.095860694327580834 0.15038637578421998 -0.054536893027614081 0.15346475864362433 -0.047302245246387327 0.088459387776622322 0.071380998362714027
leaf_weight=9210.4793023169041 1348.945560503751 222.64524398744106 11461.59308982268 44833.672498457134 6159.8581351600587 542.02549738064408 692.5347890034318 989.80550430715084 3768.1693922355771 582.02224323898554 278.22442259639502 2853.3262694217265 476.80358431488276 6749.2340374737978 4266.0081812515855 1818.5289035961032 14506.458282113075 251.56782338768244 9817.1433032080531 384.38482277840376 743.31630961969495 2183.3092062100768 376.75583945959806 13431.90992577374 91.677646704018116 206.41867803782225 85.084523305296898 380.0571077466011 2531.1865921840072 5699.8434666618705
leaf_count=8711 12124 1006 114685 23960 48908 3233 463 8270 20965 4599 556 22432 1550 29774 28024 20485 44322 327 8411 1436 3127 5423 1528 22176 74 1542 16 2154 8122 24029
internal_value=0.0811652 0.0696855 0.0592177 0.0956975 0.0664092 0.0687031 0.0780043 0.0590134 0.0665179 0.0615422 0.055788 0.0267858 0.0907777 0.0698606 0.0799488 0.0553342 0.0860544 0.0696269 0.0917095 0.103375 0.0597692 0.0930252 0.08573 0.0917578 0.0938953 0.00848597 0.0539469 -0.00829522 0.0657541 0.0656144
internal_weight=146943 82156.9 54885.1 64786.1 43423.5 42074.6 19568 27026.1 20866.2 10357.5 9664.98 3131.55 27271.8 19876.4 11758.6 8117.88 15048.5 6533.43 27049.2 45218.1 5009.32 26572.4 16755.2 14106.8 13730 298.096 2648.45 465.142 6299.36 6281.87
internal_count=472432 385919 342039 86513 227354 215230 61117 167675 118767 52406 51943 22988 43880 110497 60925 49572 47555 28955 42874 25396 31151 41324 32913 25320 23792 1616 7593 2170 29087 28628
cat_boundaries=0 2 3 4 6 57 61 110 112 113 115 119 120 122 123 130
cat_threshold=547948804 4194392 4 4 2420926664 21351303 0 0 4096 524288 0 64 0 268435456 0 0 524288 4096 0 0 0 134217728 0 0 131072 1048592 131072 0 128 16 0 0 4194305 0 0 16 0 0 2097216 0 0 537001984 0 33554432 35653632 4194320 4098 0 0 0 0 0 0 0 16777216 536870912 65536 2158596096 546717721 632297186 1120 2097152 0 0 0 0 128 0 33554432 0 0 8192 0 256 0 134217728 2048 0 1048578 2112 32 4 0 67108864 2048 0 0 805306384 0 0 65540 4 256 0 0 8448 0 2147483648 0 0 131073 0 0 256 3221225472 0 0 0 0 67108864 4204800 67344388 1 2168618321 12749860 0 2148552704 1581186 1026 2 42467336 8 33554432 50331648 66560 2129920 553648128 672137728 134483984 8
is_linear=0
shrinkage=0.05


Tree=11
num_leaves=31
num_cat=11
split_feature=13 30 14 421 0 1 27 47 430 4 26 358 364 421 430 34 332 42 47 19 359 37 48 8 393 2 18 46 3 420
split_gain=9337.71 6607.98 3494.22 3112.07 3255.82 2194.25 2183.33 1726.09 1511.02 1431.83 1416.6 1406.91 1350.75 1213.5 1210.47 1130.54 1130.28 1058.43 1306.77 1228.1 952.373 888.687 888.4 870.286 846.734 844.759 835.192 918.208 824.878 863.449
threshold=0 2.5000000000000004 1.5000000000000002 1 131.06250000000003 2 1.0000000180025095e-35 3 4 159.50000000000003 124.50000000000001 138.90999603271487 209.50000000000003 5 6 129.50000000000003 1.0000000180025095e-35 26.500000000000004 7 1.5000000000000002 590.45001220703136 16.500000000000004 8 484.00000000000006 1.0000000180025095e-35 11840.000000000002 1.0000000180025095e-35 9 529.50000000000011 10
decision_type=9 8 2 9 2 1 2 9 9 8 2 8 10 9 9 8 10 10 9 2 10 10 9 10 10 2 2 9 10 9
left_child=2 10 6 -3 7 -6 -1 22 -8 11 15 -9 -12 24 -15 -2 20 19 23 26 -17 -4 -5 -19 28 -20 27 -7 29 -10
right_child=1 3 21 4 5 17 8 9 13 -11 12 -13 -14 14 -16 16 -18 18 25 -21 -22 -23 -24 -25 -26 -27 -28 -29 -30 -31
leaf_value=0.08942686014777998 0.0081130009622805144 0.097826689238143583 0.097510811637902386 0.068510369611334873 -0.016051473827082535 0.032132862640148065 0.12766231662829261 0.019120606356359402 0.01673278107678336 0.076374775842492165 -0.027116469632208623 0.051726077608941767 0.12521195756869138 0.11568385178994606 0.015441166170553494 0.069478090202118523 0.096244568459096638 0.074873269412047611 0.054071227455867336 0.12026027923808469 0.091459640361027467 0.021516277802492385 0.035758396785871165 0.17782534280529944 0.1508195620085736 0.0068933525596247035 0.042885384788846778 0.087765357243787367 0.031247171155547804 0.079536060969440325
leaf_weight=9433.99163377285 505.30362178385258 3523.0453046262264 45502.6356546022 5847.3242545947433 778.15284459665418 848.81810017675161 695.3358182311058 14193.512687277049 656.97188784182072 1575.4397413432598 553.66707563772798 4314.0416072569788 197.42233360186219 327.45150235295296 2909.5550497025251 14666.846777804196 11407.291199747473 1878.6730062700808 2770.0197088420391 1599.7444800883532 7420.6030476912856 387.98209516704082 3205.5521626584232 230.45358913391829 266.62721779942513 1443.2039273157716 1859.5449887476861 5876.8673993684351 1811.6011482588947 4042.2398672364652
leaf_count=8736 1877 5128 23981 25576 6278 3254 460 146524 4868 4547 4687 31429 166 578 22575 43138 12777 7024 18928 3889 10057 1437 19174 300 324 11696 14815 14474 9099 14636
internal_value=0.0751176 0.064093 0.0892346 0.0524509 0.0489755 0.0661776 0.071888 0.0387868 0.0564384 0.030616 0.0808436 0.0267208 0.0129227 0.0513144 0.0259066 0.082344 0.0834638 0.0700212 0.0539941 0.0800388 0.0768631 0.0968683 0.0569132 0.0861223 0.0633935 0.0379108 0.0725441 0.0807442 0.0599106 0.0709607
internal_weight=150730 84695.5 66034.4 49944.4 46421.3 17285.5 20143.8 29135.9 10709.8 20083 34751.1 18507.6 751.089 10014.4 3237.01 34000 33494.7 16507.3 6322.35 10185 22087.4 45890.6 9052.88 2109.13 6777.44 4213.22 8585.23 6725.69 6510.81 4699.21
internal_count=472432 385738 86694 313036 307908 80658 61276 227250 52540 182500 72702 177953 4853 52080 23153 67849 65972 74380 37948 36432 53195 25418 44750 7324 28927 30624 32543 17728 28603 19504
cat_boundaries=0 2 6 7 8 59 63 112 113 114 115 118
cat_threshold=547948804 138412120 35659780 562463188 407111438 1056 4 2 0 0 4096 0 0 8388672 0 268435456 0 0 524288 0 0 0 0 134217728 0 0 131072 1048592 131072 0 128 16 0 0 4194305 0 0 16 0 0 2097216 0 0 537001984 0 33554432 35653632 4194320 4098 0 0 0 0 0 0 0 16777216 536870912 65536 2158071808 546717705 632297186 1120 2097152 0 0 0 0 128 0 33554432 0 0 8192 4096 256 0 134217728 2048 0 1048576 2112 32 4 0 67108864 2048 0 16777216 536870928 0 0 65540 4 256 0 0 8448 0 2147483648 0 0 393217 0 0 256 3221225472 0 0 0 0 67108864 2 1 2 253968 2216707334 108
is_linear=0
shrinkage=0.05


Tree=12
num_leaves=31
num_cat=16
split_feature=13 345 14 30 27 430 0 1 430 430 4 421 190 423 420 12 12 421 177 216 12 39 0 7 6 12 6 5 12 10
split_gain=8987.34 6107.24 3587.29 3331.24 2368.64 2165.19 2560.93 2725.39 1570.65 1482.21 1411.81 1387.38 1200.65 1177.61 1161.81 1408.27 1088.02 958.867 1136.63 939.106 915.676 829.805 996.273 824.333 984.455 866.177 815.152 801.46 953.78 791.096
threshold=0 1.0000000180025095e-35 2.5000000000000004 8.5000000000000018 1.0000000180025095e-35 1 59.015625000000007 2 3 4 149.50000000000003 5 1.0000000180025095e-35 6 7 8 9 10 26.970000267028812 457.50000000000006 11 9.5000000000000018 146.06250000000003 12 183.50000000000003 13 218.00000000000003 14 15 85.500000000000014
decision_type=9 8 2 10 2 9 2 1 9 9 10 9 8 9 9 9 9 9 8 10 9 8 2 9 8 9 10 9 9 10
left_child=2 3 4 5 -1 -2 12 -8 -6 -10 -11 -12 -7 -13 -15 21 -3 -14 26 23 -9 -16 -23 -18 -25 -26 -19 -22 -29 -28
right_child=1 16 -4 -5 8 6 7 20 9 10 11 13 17 14 15 -17 19 18 -20 -21 27 22 -24 24 25 -27 29 28 -30 -31
leaf_value=0.085676235138969048 0.10823029322216207 -0.031827437567461585 0.094018689787328288 0.026426943012014738 0.11674439694114525 -0.0381534304788907 -0.010791566424072457 0.035365226052110538 -0.060678896413616512 -0.018228674700985686 0.004100766869076301 0.0019562946060236531 0.076481490804286026 0.1034938483947868 0.088462339699204362 0.036857058916065936 0.091000024294422638 0.0093975587243023909 0.067276651506399374 -0.02057588882996152 0.11083625232267032 0.02627213536042964 0.10566169623137141 0.046565212493419994 0.0045383331250560882 0.080046692661215696 0.03295549019905971 0.052477067754249956 0.0739429749408098 0.088674579473098133
leaf_weight=13977.642823383212 1911.2523589916527 224.15973229706287 37238.204310998321 12020.008902724832 1043.7809530124068 510.00147121399641 1216.7024862989783 2334.3974368534982 275.51896501332521 624.80921347811818 1088.3272893130779 747.7327642776072 1601.3145170249045 1886.2352901771665 4075.0931349769235 3989.7964914962649 10553.275414720178 3652.3143221363425 2310.910325717181 235.77822028845549 1114.8244683593512 1394.2924342304468 551.48016374185681 2961.0142661929131 402.40112453699112 14714.857505366206 6637.8436343260109 8139.5205418393016 15713.512598961592 704.65725696086884
leaf_count=10594 503 1028 13486 114585 826 6600 10883 11558 2131 3195 7727 6277 4505 5178 9442 18617 8984 29492 10296 956 1952 7754 1497 7941 1596 24289 48971 37372 60551 3646
internal_value=0.0698753 0.0592446 0.0836734 0.0498563 0.0707109 0.0559989 0.05369 0.0625777 0.0573677 0.0530164 0.0552389 0.0586217 0.037284 0.0632611 0.0671093 0.0601571 0.0779397 0.0398649 0.0353741 0.0787758 0.0658271 0.0755105 0.0487731 0.0796215 0.0728886 0.0780927 0.0287009 0.0686599 0.0666431 0.0383028
internal_weight=153852 86958.7 66892.9 57867.3 29654.7 45847.3 43936 28519 15677.1 14633.3 14357.8 13733 15417 12644.6 11896.9 10010.7 29091.5 14907 13305.7 28867.3 27302.3 6020.87 1945.77 28631.5 18078.3 15117.3 10994.8 24967.9 23853 7342.5
internal_count=472432 385708 86724 340914 73238 226329 225826 122316 62644 61818 59687 56492 103510 48765 42488 37310 44794 96910 92405 43766 111433 18693 9251 42810 33826 25885 82109 99875 97923 52617
cat_boundaries=0 2 53 54 104 155 158 165 168 170 172 175 177 178 180 181 183
cat_threshold=547948805 138412120 0 0 0 0 0 8519680 0 0 0 128 1026 0 0 0 131072 0 0 2 16777216 0 0 2048 256 0 2147483648 0 0 1073741824 33554432 0 0 0 64 32 268443712 0 0 8192 2056 17 32 0 0 2147483648 0 256 0 268435456 0 32768 83902464 4 1073741824 0 0 0 0 64 0 268435456 0 0 532480 0 0 0 0 134217728 0 8388608 2048 1048592 131072 0 128 16 0 0 1 32 0 16 0 0 2097216 0 0 537001984 1073741824 33587200 2048 4194320 4098 0 0 1073741824 0 0 0 0 16793600 536870912 0 0 0 0 0 0 0 4194304 0 0 0 352256 0 0 1 0 4096 0 0 67108864 0 167838724 270592 0 131072 0 0 134217728 32 2 0 0 536870912 0 16 1073741824 67174400 80 0 0 8192 0 0 0 512 0 0 0 0 0 134774784 1528037380 3242800710 138436881 2197815296 1024 2129920 553648128 688914944 2281967632 8 2147488065 898643980 65 539034113 24 4204800 67344388 2105356 2148712708 884999066 2151966940 4644743 2 42467336 4194312 3 277349890 52494368
is_linear=0
shrinkage=0.05


Tree=13
num_leaves=31
num_cat=8
split_feature=145 368 14 0 27 4 32 29 430 35 294 6 89 430 48 19 106 332 12 46 0 153 47 45 0 430 100 121 8 0
split_gain=8734.79 5526.05 4757.95 2625.78 2616.2 2361.89 2042.65 1995.43 2042.29 1645.83 1285.23 1222.92 1560.8 1075.42 1071.99 1051.68 1045.78 1001.27 984.35 981.413 978.749 941.969 917.638 913.182 912.795 858.834 844.888 1013.61 813.043 798.536
threshold=1.0000000180025095e-35 25.965300559997562 2.5000000000000004 67.968750000000014 1.0000000180025095e-35 149.50000000000003 3.5000000000000004 37.500000000000007 0 39.984375000000007 1.5000000000000002 225.50000000000003 1.5000000000000002 1 2 1.5000000000000002 2.5000000000000004 1.0000000180025095e-35 3 4 380.25000000000006 27.500000000000004 5 6 280.12500000000006 7 1.5000000000000002 1.0000000180025095e-35 500.00000000000006 74.906250000000014
decision_type=8 10 2 2 2 10 10 8 9 10 10 10 10 9 9 2 10 10 9 9 2 8 9 9 2 9 10 10 10 2
left_child=1 3 4 11 13 -6 14 16 -9 10 18 -1 26 -2 -5 -14 -7 21 -10 20 -16 23 -21 24 28 -20 27 -13 -3 -8
right_child=2 17 -4 6 5 7 29 8 9 -11 -12 12 15 -15 19 -17 -18 -19 25 22 -22 -23 -24 -25 -26 -27 -28 -29 -30 -31
leaf_value=0.012634397098208301 0.019871370097979704 0.034397760349140181 0.088638837009722443 0.070226053977557365 -0.024148292048037163 0.084971821852562704 0.13586852944337227 0.10954652908240597 -0.0024484091113619396 0.002884358915262428 0.10085861219920632 0.042641119742266545 0.014211980824380284 0.082192683273685327 0.047401173105654802 0.15901379773545513 0.020870777445921029 0.087462782275206541 -0.058092121237083696 -0.022435407215339591 0.088559708919931424 -0.066349718883209716 0.040375507329387265 0.074927441142538201 0.082516251756512046 0.050725818695965985 0.12797214666938528 0.0066163613919575847 0.13334991667047752 0.028887706937045177
leaf_weight=7620.3166449181736 748.34479439258575 4254.8249665498734 40744.108615115285 11670.048366378993 930.36356465891004 6582.9448866993189 178.09775770455599 1211.4359680004418 1038.5135217420757 2273.8825223222375 1095.5891608372331 6504.8403273746371 176.90809070318937 16348.259113386273 4243.1563994660974 430.61860613524914 704.36595010757446 7376.5578029602766 178.77957554161549 675.6870970800519 2189.8645294085145 134.37180777639151 4171.0269389674067 11380.904714979231 1673.1055032387376 10168.075374484062 234.26012576371431 2790.0906691551208 218.23581965267658 8471.4255113266408
leaf_count=66308 2138 12112 18366 44110 5274 10016 1389 429 9329 18065 1422 36043 1061 13295 17053 1246 1735 6037 1499 4016 2824 798 25754 17962 1874 51436 1452 35329 195 63865
internal_value=0.0652651 0.0528584 0.0765176 0.0431525 0.0645538 0.0539704 0.0517977 0.0570959 0.0472007 0.0419792 0.0491354 0.0277681 0.0391449 0.0795245 0.059602 0.116848 0.078776 0.0719913 0.0441582 0.0486104 0.0614119 0.0655294 0.031619 0.0665404 0.0510101 0.0487913 0.034191 0.0318274 0.0392255 0.0310905
internal_weight=156419 74394.3 82024.7 49356.3 41280.6 24184 31599.3 23253.6 15966.3 14754.8 12481 17757 10136.7 17096.6 22949.8 607.527 7287.31 25038 11385.4 11279.7 6433.02 17661.4 4846.71 17527.1 6146.17 10346.9 9529.19 9294.93 4473.06 8649.52
internal_count=472432 339428 133004 300450 114638 99205 159011 93931 82180 81751 63686 141439 75131 15433 93757 2307 11751 38978 62264 49647 19877 32941 29770 32143 14181 52935 72824 71372 12307 65254
cat_boundaries=0 51 96 97 99 100 101 102 153
cat_threshold=1073741824 0 4096 0 0 131136 0 0 0 0 8194 0 0 0 131072 134217728 0 0 16779264 1048592 131072 262144 0 16 0 0 4194305 32 33554432 0 0 0 0 0 268435456 537001984 0 33554432 0 0 4098 0 0 1073741824 0 0 0 0 16793600 32768 65537 0 0 0 0 0 0 0 0 0 0 0 0 0 0 0 0 0 0 0 0 2097152 0 4 0 0 0 0 0 0 0 0 0 0 0 256 0 1073741824 32768 0 0 0 0 0 0 32768 1 2474685594 67454464 1 1 2 0 0 2048 0 0 2048 0 0 0 0 0 344064 0 0 1 67125248 4160 0 0 67108864 0 167838724 8192 0 131072 0 268435456 0 0 0 0 0 536870912 536870912 16 1073741824 67108864 8256 0 0 8192 0 0 0 512 0 0 0 0 0 134742016
is_linear=0
shrinkage=0.05


Tree=14
num_leaves=31
num_cat=11
split_feature=309 7 18 24 420 29 12 6 358 26 19 12 12 179 430 31 63 8 12 48 15 14 0 15 18 18 1 19 430 12
split_gain=8704.01 5409.91 3414.15 2980.83 2350.49 2001.28 2117.41 1637.58 1607.14 1524.82 1425.35 1559.69 1387.48 1319.21 1289.18 1199.61 1170.7 1743.12 1751.98 1214.76 1454.7 1163.89 1163.15 1118.8 1122.83 1128.78 1063.96 1012.03 990.923 1394.5
threshold=1.5000000000000002 0 1.0000000180025095e-35 1.5000000000000002 1 199.50000000000003 2 194.50000000000003 268.10000610351568 8.5000000000000018 1.5000000000000002 3 4 39.050699234008796 5 169.50000000000003 1.5000000000000002 264.50000000000006 6 7 9.5000000000000018 5.5000000000000009 46.890625000000007 13.500000000000002 12.500000000000002 3.5000000000000004 8 3.5000000000000004 9 10
decision_type=10 9 2 2 9 10 9 10 10 2 2 9 9 8 9 10 10 8 9 9 2 2 2 2 2 2 1 2 9 9
left_child=1 2 3 12 26 10 -7 -4 -9 15 11 -6 -1 14 -14 -5 17 27 -19 20 -20 -17 -16 24 25 -10 -3 -11 -13 -30
right_child=-2 4 7 9 5 6 -8 8 23 16 -12 28 13 -15 22 21 -18 18 19 -21 -22 -23 -24 -25 -26 -27 -28 -29 29 -31
leaf_value=-0.03724602208349044 0.084179375832931363 0.06157147907333569 -0.0072368293457215974 0.081731019913751882 -0.025425427176889032 0.080292525680063093 -0.039835229318398044 0.021990735150726498 0.072291420120365699 -0.043279024621090949 0.085400772481007609 0.098641041123540815 0.11227199372325139 0.058135088233403187 0.019434981514392127 0.011989970951683285 0.10116244928248777 0.10254486097647533 -0.052702143389272371 0.054117863506714249 0.091761970683204186 0.11150117402663487 0.043480284554271213 -0.00066309587320237374 0.15288802525337999 -0.025051127478446584 0.015658031301671392 0.037050931964354959 0.039946939627618167 0.070799107516857265
leaf_weight=516.46902326121926 32633.957410037518 2248.0433849431574 2987.5590154714882 12672.648538969457 452.89151903986931 654.63136168569326 810.02370180934668 8880.3732167109847 2655.5792485773563 821.67685203999281 16047.214293885976 2500.2855160236359 570.44332520663738 12624.210691183805 7064.8010051809251 1222.6657702252269 915.87913493067026 1404.6331580206752 653.3931647092104 2418.9466868638992 237.63497242331505 386.79455471783876 17456.471937756985 636.26103678718209 377.48959697782993 335.4299795255065 2912.8655770309269 749.93305433541536 4604.9419729560614 20041.207950793207
leaf_count=4216 14038 9287 35022 16498 2936 3109 7146 93585 10220 4633 17113 1236 600 28948 40673 5096 292 2393 3719 5160 132 187 83308 4112 234 2450 16851 2167 14106 42965
internal_value=0.0611685 0.0552021 0.0467209 0.0522056 0.0679317 0.0716061 0.0141324 0.0261159 0.0338491 0.0671077 0.0735511 0.0666614 0.0438315 0.0449398 0.0383188 0.0765669 0.0483497 0.0406551 0.0558567 0.0356264 -0.0141739 0.0359051 0.0365377 0.0601445 0.0716302 0.0613748 0.0357379 -0.00494757 0.0681819 0.0650532
internal_weight=158495 125861 75589.3 59716.6 50272.1 45111.2 1464.66 15872.7 12885.1 21484.2 43646.5 27599.3 38232.4 37715.9 25091.7 14282.1 7202.1 6286.22 4714.61 3309.97 891.028 1609.46 24521.3 4004.76 3368.5 2991.01 5160.91 1571.61 27146.4 24646.1
internal_count=472432 458394 343645 198022 114749 88611 10255 145623 110601 40277 78356 61243 157745 153529 124581 21781 18496 18204 11404 9011 3851 5283 123981 17016 12904 12670 26138 6800 58307 57071
cat_boundaries=0 1 4 6 8 10 61 63 64 65 115 117
cat_threshold=4 3784828416 151846339 32 590096 71303168 6433112 42175524 1549813976 54887811 0 0 0 0 0 8519744 0 0 0 0 524288 0 256 268435456 131072 0 0 0 0 1048576 536870912 0 9 2048 0 0 4194305 1073741824 0 16 0 256 0 0 0 0 0 8192 2048 4325392 4096 0 256 3221225472 67108864 256 0 8388608 0 0 100663300 2147484179 2097152 1 2 0 0 0 0 262144 0 0 0 0 0 0 0 0 8 0 0 1 0 16908352 16 2228224 2048 2147483648 0 2147483648 0 0 0 33554432 0 0 0 33554496 268435488 4168 536870912 0 0 36700168 262144 32 0 0 0 0 0 8192 16777216 16384 32768 3238544387 88080384
is_linear=0
shrinkage=0.05


Tree=15
num_leaves=31
num_cat=11
split_feature=309 7 18 24 430 29 12 19 12 6 26 358 12 12 12 430 421 28 29 365 347 27 15 3 71 14 31 12 420 6
split_gain=8583.42 4871.7 3024.96 2729.84 2117.29 2113.26 2041.86 1665.08 1636.71 1429.6 1425.96 1388.09 1309.92 1210.71 1248.05 1112.76 1103.31 1089.63 1216.73 1052.48 1002.22 961.136 950.362 961.374 932.142 884.366 883.197 1742.7 927.21 878.916
threshold=1.5000000000000002 0 1.0000000180025095e-35 1.5000000000000002 1 199.50000000000003 2 1.5000000000000002 3 194.50000000000003 1.5000000000000002 268.10000610351568 4 5 6 7 8 477.50000000000006 33.500000000000007 89.843750000000014 3.5000000000000004 1.0000000180025095e-35 13.500000000000002 173.50000000000003 1.5000000000000002 5.5000000000000009 60.500000000000007 9 10 218.00000000000003
decision_type=10 9 2 2 9 10 9 2 9 10 2 10 9 9 9 9 9 8 10 10 8 2 2 10 10 2 10 9 9 8
left_child=1 2 3 13 -3 7 -7 8 -6 -4 -5 -11 15 -1 17 -12 -10 18 24 21 26 -18 23 -13 -15 -17 28 -28 -16 -30
right_child=-2 4 9 10 5 6 -8 -9 16 11 12 22 -14 14 20 25 19 -19 -20 -21 -22 -23 -24 -25 -26 -27 27 -29 29 -31
leaf_value=-0.037883882877868875 0.080434611668238412 0.011202649195280278 -0.0069151676984962208 0.086920710877058438 -0.030137958926311777 0.070730992129679704 -0.04421508476610761 0.080264407300303889 0.082648906014509638 0.02052685156022506 0.087231217828856511 -0.011865437502420782 0.06091672440419077 0.028982031180071144 0.0045833385248945308 -0.038785755024207363 0.067737419218344044 0.091138207423045348 -0.0094450615948396786 0.07742110177814171 0.10193122112347944 0.044360273452840063 -0.00063018959893144282 0.074737876697523839 0.088572239720930188 0.042420987560456397 0.13036278900227349 0.0079938372367882142 0.037488480992024641 0.059846672223919962
leaf_weight=477.65288934111595 32449.967651583254 1873.1141640022397 2970.6430655904114 4833.9995860531926 487.64065055176616 696.89381517097354 842.46891135722399 16652.135634515435 5480.0994076542556 9033.894413985312 406.22412745654583 357.12795278802514 15107.830303877592 10018.358874637634 1072.1691854894161 830.13538068905473 6637.6445680856705 680.10484916344285 2016.9320804364979 5266.0573912449181 846.98170069232583 13024.302727773786 636.01676775887609 3120.3800346888602 702.25566309690475 562.39994105696678 316.6819189414382 2701.3212270736694 6489.2955607101321 13623.539651304483
leaf_count=3989 14038 11800 35022 4121 3521 3239 7907 17647 6038 93585 194 2490 30932 46108 6721 4242 7870 1907 13480 5739 782 50988 4112 10414 904 788 610 15344 25325 42575
internal_value=0.0574706 0.0516382 0.0436601 0.0487796 0.0636412 0.0656395 0.00799507 0.0675195 0.0606503 0.0244116 0.0629731 0.0314898 0.0561258 0.0408564 0.0418331 0.0154625 0.0620957 0.0294531 0.0261826 0.057546 0.0484498 0.0522521 0.055566 0.065844 0.0328855 -0.00594628 0.0465983 0.0212926 0.0502033 0.0526068
internal_weight=160214 127764 76803.9 60685.9 50960.4 49087.2 1539.36 47547.9 30895.7 16118.1 21740.6 13147.4 16906.6 38945.3 38467.6 1798.76 30408.1 13417.7 12737.5 24928 25050 19661.9 4113.52 3477.51 10720.6 1392.54 24203 3018 21185 20112.8
internal_count=472432 458394 343645 198022 114749 102949 11146 91803 74156 145623 40277 110601 36156 157745 153756 5224 70635 62399 60492 64597 91357 58858 17016 12904 47012 5030 90575 15954 74621 67900
cat_boundaries=0 1 52 54 56 58 60 62 113 117 119 122
cat_threshold=4 0 0 0 0 524288 0 0 0 0 0 16384 8192 0 0 524288 0 0 16777216 0 67108864 2097664 131072 0 0 0 0 134221824 134217728 32 16 0 0 1 0 256 8388608 67174400 16 0 256 12288 0 0 0 32768 0 0 0 0 0 151031808 590096 71303168 6453592 42175777 1183319304 71378948 1549813976 54886531 2156438022 2100752 1073741824 0 0 0 0 0 0 0 0 0 0 128 0 0 0 0 0 8388608 0 4194304 0 131072 0 0 0 0 301989888 0 0 18 0 0 64 0 4096 0 1073741824 0 2147483648 17 0 0 0 0 0 0 0 0 0 0 33554432 3301253124 563385629 570688834 352 33559552 67108868 1091713152 3520201987 112
is_linear=0
shrinkage=0.05


Tree=16
num_leaves=31
num_cat=15
split_feature=309 7 345 30 420 38 19 421 0 12 430 12 430 13 179 423 18 12 12 423 420 12 32 3 3 48 28 371 8 10
split_gain=8462.8 4449.15 2850.12 2037.95 2025.33 1674.77 1428.63 1301.1 1354.76 1273.93 1063.65 1113.53 1015.57 1005.19 932.508 880.634 872.462 856.504 808.123 793.593 904.066 783.442 865.052 1142.39 736.193 730.331 719.905 705.114 703.36 761.394
threshold=1.5000000000000002 0 1.0000000180025095e-35 2.5000000000000004 1 25.500000000000004 1.5000000000000002 2 75.031250000000014 3 4 5 6 7 30.970000267028812 8 1.0000000180025095e-35 9 10 11 12 13 2.5000000000000004 553.50000000000011 553.50000000000011 14 205.50000000000003 225.94999694824222 200.50000000000003 79.500000000000014
decision_type=10 9 10 10 9 10 2 9 2 9 9 9 9 9 8 9 2 9 9 9 9 9 10 8 10 9 8 10 8 10
left_child=1 2 3 7 15 6 10 -1 12 -10 -6 -12 -9 -13 19 -3 24 -7 -4 -14 -21 -5 -23 27 -15 -18 -19 28 -24 -30
right_child=-2 4 18 21 5 17 -8 8 9 -11 11 13 14 16 -16 -17 25 26 -20 20 -22 22 23 -25 -26 -27 -28 -29 29 -31
leaf_value=0.062709270880675377 0.077080390581470412 0.041572635080225406 -0.034252097912079775 0.096107141172405486 0.090728637894456288 -0.033439351533319783 0.078848966184718927 0.097974143446042272 0.006401677499727274 0.051399180884438969 0.019079188294436545 0.02839268956517671 -0.039410040859511705 0.070971634158926919 0.046218479693675013 -0.0069640320901650041 0.0640180699222999 0.049837382613556858 0.056609699225341086 0.090523117113778917 0.016394566459449113 0.033978506584913873 -0.018215440888611753 -0.036361934428493933 0.043458277226094452 0.0040891946123439212 -0.012712573791470332 0.0918994218167698 0.014071864904099403 0.063050005673139273
leaf_weight=5968.5522146336734 32175.6979393363 4408.5881047137082 245.03406639397144 327.29857142269611 2519.7379370704293 429.07942512631416 14787.943506788462 465.95387492328882 1770.7944786772132 15230.671624913812 1895.397012591362 2402.8917194344103 596.12408087402582 15154.978619437665 3431.7044865526259 1188.5927396304905 953.89546708762646 3202.8331261277199 22750.000120252371 421.05366235226393 9684.72527096048 6154.4912295639515 1456.5651434771717 1160.71269499138 2895.9310191646218 1088.4899823740125 537.15141638368368 297.5901735983789 7058.3592488989234 893.99932784587145
leaf_count=13700 14038 18646 1078 1846 1254 2862 14005 394 10429 57337 7938 7127 5467 22034 14176 8194 4682 9359 37469 961 65223 41597 14836 12130 6978 7364 4306 772 60617 5613
internal_value=0.0541329 0.048426 0.0408672 0.0346844 0.0598497 0.0633294 0.0663642 0.0412297 0.0371412 0.0467464 0.0595038 0.0562179 0.0259811 0.0593371 0.0235217 0.0312716 0.0630217 0.0331273 0.0556512 0.0162657 0.0195695 0.0205106 0.0189894 0.010518 0.0665576 0.032079 0.0407448 0.0161239 0.0137273 0.019578
internal_weight=161555 129379 77913.6 54918.6 51465.5 45868.3 41699.3 37569.6 31601 17001.5 26911.3 24391.6 14599.6 22496.2 14133.6 5597.18 20093.3 4169.06 22995 10701.9 10105.8 17349 17021.7 10867.2 18050.9 2042.39 3739.98 9706.51 9408.92 7952.36
internal_count=472432 458394 343645 305098 114749 87909 71382 167687 153987 67766 57377 56123 86221 48185 85827 26840 41058 16527 38547 71651 66184 137411 135565 93968 29012 12046 13665 81838 81066 66230
cat_boundaries=0 1 4 8 10 60 62 112 114 120 122 124 131 134 136 137
cat_threshold=4 3785352704 151846339 48 78742020 296944713 914360211 1024 2491967578 4557318 0 0 0 0 262144 0 0 0 0 0 0 0 0 8 0 0 1 0 16908352 16 2228224 2048 2147483648 0 2147483648 0 0 0 33554432 0 0 0 33554496 268435456 8256 536870912 0 33554496 36700168 262144 32 0 0 0 536870912 0 8192 16777216 16384 32768 2170715227 42142756 2097152 0 0 0 0 8192 0 0 512 0 524288 536870976 0 268435456 131072 0 4096 0 0 32 4 0 67174656 0 0 0 4194304 0 0 16 0 0 0 0 0 0 1073741824 33562624 1050624 4194320 2101250 0 256 3489660928 0 256 0 0 0 32768 1107853826 8388608 3238002704 1073818688 1075843072 16384 2162784 16384 3221229098 71692 75498504 71370772 2147483904 1073807424 2129920 16842752 3211328 16 32768 4097 134219780 8 1073747216 67108868 1
is_linear=0
shrinkage=0.05


Tree=17
num_leaves=31
num_cat=13
split_feature=309 7 345 421 18 24 24 42 363 430 430 12 30 423 12 421 430 13 362 47 26 26 12 12 18 6 26 27 126 22
split_gain=8356.41 4089.05 2607.93 1887.68 1817.37 1628.25 1611.15 1737.88 1258.27 1324.92 1225.14 1204.08 1059.99 1027.92 1187.55 929.141 1188.74 900.054 889.355 879.313 868.386 834.818 830.965 814.288 815.683 814.321 1206.19 1534.94 1038.54 1399.65
threshold=1.5000000000000002 0 1.0000000180025095e-35 1 1.0000000180025095e-35 3.5000000000000004 2.5000000000000004 60.500000000000007 91.531250000000014 2 3 4 2.5000000000000004 5 6 7 8 9 31.546875000000004 10 82.500000000000014 26.500000000000004 11 12 226.50000000000003 225.50000000000003 45.500000000000007 79.500000000000014 1.0000000180025095e-35 2.5000000000000004
decision_type=10 9 10 9 2 2 2 10 10 9 9 9 10 9 9 9 9 9 10 9 2 2 9 9 2 10 2 2 10 2
left_child=1 2 4 17 5 10 7 8 9 -5 -1 21 15 -11 -15 16 -12 -3 23 -17 -7 -9 -21 24 -6 -25 -27 28 -28 -30
right_child=-2 3 -4 6 18 20 -8 11 -10 13 12 -13 -14 14 -16 19 -18 -19 -20 22 -22 -23 -24 25 -26 26 27 -29 29 -31
leaf_value=0.10162150156562817 0.074051473159221379 0.039625040414234043 0.052390144645855091 0.089772973194241851 -0.032268796613843749 0.077886534895687642 0.075398842247630243 0.04706803935899468 0.076993949912454951 -0.012379948324631646 0.091312801530067891 -0.015336491938046259 0.018091458394882746 0.022863200305151158 0.055716977546067741 0.027661800425141693 -0.0086476133521754626 -0.018853497693534747 0.069348208689121227 0.024338726884688192 0.0054366416143490845 -0.049204457995405362 0.052244281645201666 0.00050921996174707032 0.48755641021645468 0.016927849068671504 0.04331614966892533 -0.0005938630455124672 0.33998847577483016 0.11465864752088058
leaf_weight=662.87046192958951 31825.928641013801 1583.2606270760298 23199.481785416603 2252.3308671861887 1050.6210673116148 3319.8040833100677 11121.370890881866 3463.3672470748425 6852.7052360996604 657.28970820084214 342.28009808436036 1290.182313170284 8780.0768839679658 3242.9293533749878 20050.01255371049 8809.0134146362543 1903.8660289980471 1114.9616467393935 757.55609804391861 3353.2179457321763 472.45823738723993 240.83728310838342 14332.960061766207 4486.4659242145717 7.6011157967150202 5863.7151496373117 440.99412863329053 565.42298668250442 79.323050305247307 525.30408003553748
leaf_count=474 14038 5256 38547 561 12902 3342 11242 11705 4547 4641 350 7877 50194 13097 45884 39785 12803 8342 2984 15602 1178 1597 45031 53249 30 55494 3301 5787 125 2467
internal_value=0.0510738 0.0454839 0.0382979 0.0564039 0.0324409 0.0376125 0.058646 0.0537648 0.0579184 0.0529296 0.0345091 0.0262742 0.0332876 0.0494066 0.0511547 0.0379413 0.00692212 0.0154801 0.0166836 0.0405531 0.0688604 0.0406988 0.0469968 0.0136192 -0.0282678 0.0173341 0.0274559 0.0657747 0.101664 0.14422
internal_weight=162648 130822 78953 51869.2 55753.6 41976.5 49171 38049.7 33055.3 26202.6 38184.3 4994.39 37521.4 23950.2 23292.9 28741.3 2246.15 2698.22 13777 26495.2 3792.26 3704.2 17686.2 13019.4 1058.22 11961.2 7474.76 1611.04 1045.62 604.627
internal_count=472432 458394 343645 114749 305098 168759 101151 89909 68730 64183 164239 21179 163765 63622 58981 113571 13153 13598 136339 100418 4520 13302 60633 133355 12932 120423 67174 11680 5893 2592
cat_boundaries=0 1 5 56 107 109 115 117 121 171 173 174 176 178
cat_threshold=4 320868352 3225493728 24605 2 0 0 0 0 262144 0 0 0 0 0 2 0 0 0 0 0 1 0 16908352 18 131072 18432 2147483776 0 2147483648 0 0 0 33554432 0 0 0 35651648 268435456 4096 0 0 64 36702216 262144 32 0 0 0 0 0 0 0 16384 32768 65536 1075838976 0 4096 0 0 8519744 0 0 0 128 524288 0 0 268435456 131072 134217728 0 8388608 0 1048608 536870912 0 8 2064 0 0 1 1073741824 131072 0 0 0 0 0 0 131072 268435456 0 0 16 4098 0 0 1342177280 67108864 0 0 0 16777216 0 67108864 42582044 90177624 33554432 1073741824 0 536870912 689455744 2281967888 3244439583 105057313 2701172736 554015621 17326152 386 0 0 0 0 32768 128 0 0 0 0 9216 536870976 1 0 0 2048 0 0 0 536870912 4 0 67109120 0 0 0 4194304 0 0 20 0 256 2048 0 0 0 1073741824 33562624 1050624 4194304 2097152 1 256 2147483648 0 256 0 8388608 4 67141632 612436992 4194376 1 3586428954 6621188 2735244739 329991
is_linear=0
shrinkage=0.05


Tree=18
num_leaves=31
num_cat=10
split_feature=309 7 153 18 24 430 29 12 19 12 430 421 430 26 430 12 2 2 2 12 37 2 371 364 27 6 28 384 0 134
split_gain=8235.35 3766.89 2400.01 1788.45 1986.75 1729.17 1737.07 1663.62 1469.44 1317.86 1131.96 1337.24 1118.97 1066.13 1064.69 1055.53 936.342 994.046 1165.97 881.562 869.444 857.715 905.024 819.608 1221.89 797.108 789.142 770.171 731.475 773.366
threshold=1.5000000000000002 0 1.0000000180025095e-35 1.0000000180025095e-35 2.5000000000000004 1 199.50000000000003 2 1.5000000000000002 3 4 5 6 8.5000000000000018 7 8 14067.000000000002 8965.5000000000018 7827.5000000000009 9 35.500000000000007 9917.5000000000018 632.10998535156261 146.25000000000003 1.0000000180025095e-35 115.50000000000001 379.50000000000006 15.500000000000002 370.12500000000006 1.0000000180025095e-35
decision_type=10 9 8 2 2 9 10 9 2 9 9 9 9 2 9 9 2 2 2 9 10 2 10 10 2 10 10 10 2 8
left_child=1 2 3 4 10 -3 8 25 9 -7 -1 12 -12 -6 -11 -13 17 18 26 -10 -21 -19 -23 24 -16 -8 -17 -2 29 -18
right_child=27 5 -4 -5 13 6 7 -9 19 14 11 15 -14 -15 23 16 28 21 -20 20 -22 22 -24 -25 -26 -27 -28 -29 -30 -31
leaf_value=0.088406222796619915 0.074055841568323663 0.0065647505386412898 0.052570372401422344 0.016050073667883909 0.07422909782478973 -0.03066476029241938 0.13133151107023217 -0.044329768069038065 0.074133501229614138 0.085320291861480407 0.084997369298703621 -0.02298758120031958 -0.01828245922831568 0.035689950057873614 0.061840987392503578 0.037710406880538588 0.05589433905949362 0.06613668110248562 -0.003007303071571878 0.059917135105127188 -0.0010692402964479568 0.035473624924183648 0.10185191482881094 0.072073409459966029 0.038545632703083123 0.022103865137938158 -0.03157019917770934 0.049087256333633041 0.066486641018293255 0.0075205778854681368
leaf_weight=856.35973232984543 27941.31294324249 1923.9041676521301 17106.450195226818 14507.376648493111 4703.936746366322 490.81681143864989 248.39606007561088 842.25401406735182 13761.436213053763 2221.494930177927 288.99135180562735 826.92842165008187 2128.5413674712181 2901.3462417945266 8320.2805487811565 12125.065958581865 952.8794815801084 4406.21197257936 2350.874754242599 2211.1608219854534 794.35507486015558 8767.1154977492988 545.45759402215481 3438.1636153310537 17402.640219718218 509.90483874455094 425.4506719186902 3472.236593067646 729.99178374558687 6216.8232164606452
leaf_count=660 10168 11830 28368 138160 4369 3523 665 7908 11686 537 345 5707 14867 6616 8758 46199 3654 12235 12087 2846 3108 35961 292 2963 58351 2574 3099 3870 1415 29611
internal_value=0.048287 0.0428115 0.0359648 0.0314424 0.0360728 0.0532735 0.0550605 0.00381922 0.056758 0.0504548 0.0316816 0.0304301 -0.00563713 0.0595268 0.0517167 0.0327656 0.034034 0.0382496 0.0293087 0.0687401 0.0436532 0.0479612 0.0393615 0.0491285 0.0460807 0.0571301 0.0353619 0.071296 0.0188044 0.0139496
internal_weight=163418 132005 79839.8 62733.4 48226 52164.8 50240.9 1600.55 48640.3 31873.4 40620.7 39764.3 2417.53 7605.28 31382.6 37346.8 36519.9 28620.2 14901.4 16767 3005.52 13718.8 9312.57 29161.1 25722.9 758.301 12550.5 31413.5 7899.69 7169.7
internal_count=472432 458394 343645 315277 177117 114749 102919 11147 91772 74132 166132 165472 15212 10985 70609 150260 144553 109873 61385 17640 5954 48488 36253 70072 67109 3239 49298 14038 34680 33265
cat_boundaries=0 1 52 54 56 107 111 161 212 214 216
cat_threshold=4 0 0 0 0 524288 0 0 0 0 0 16384 8192 0 0 524288 0 0 16777216 0 67108864 2097664 134348800 0 0 0 0 134221824 134217728 34 16 0 0 1 0 256 8388608 67174400 16 0 256 12288 0 0 0 32768 0 0 0 0 0 151027712 590096 71303168 6453592 42175777 1073741824 0 0 0 0 131136 0 268435456 0 128 524288 0 0 268435456 131072 134217728 0 0 0 1048576 536870912 0 8 2048 0 0 4194305 1073741824 0 16 0 0 0 0 0 131072 1342177280 8192 1048576 4194320 4096 0 0 1342177280 67108864 0 0 8388608 16777216 0 67108865 2835652616 2701959062 17326152 386 3145728 0 0 0 32768 128 0 0 1 0 9216 536870912 1 0 16777216 2048 0 16777216 131072 536870944 4 0 67240192 0 0 0 0 0 0 260 0 256 2048 0 0 0 0 0 2048 0 2097152 1 256 2147483648 0 256 0 0 4 67141632 0 0 0 0 262144 0 0 0 0 0 2 0 0 8 0 0 1 4194304 16908352 16 131072 2048 2147483648 0 2147483648 0 0 0 33554432 0 0 0 33554496 268435488 72 0 0 0 36700168 262144 32 0 0 0 0 0 8192 16777216 16384 32768 65536 1550076632 54903811 2726903832 2162712
is_linear=0
shrinkage=0.05


Tree=19
num_leaves=31
num_cat=10
split_feature=309 30 24 42 366 27 345 182 430 22 13 22 19 361 1 26 26 13 30 0 430 423 12 384 27 430 421 12 392 15
split_gain=8110.54 3519.11 2939.46 2138.31 1830.35 2547.86 1739.43 1553.11 1503.86 1337.81 1053.68 895.938 989.202 1125.27 893.772 886.344 863.834 861.182 846.049 831.71 1087.51 805.602 771.337 745.889 732.881 692.026 798.244 717.715 719.9 686.053
threshold=1.5000000000000002 3.5000000000000004 1.5000000000000002 78.500000000000014 154.25000000000003 1.0000000180025095e-35 1.0000000180025095e-35 28.976562500000004 0 15.500000000000002 1 7.5000000000000009 2.5000000000000004 767.25000000000011 2 1.5000000000000002 1.5000000000000002 3 61.500000000000007 59.015625000000007 4 5 6 15.500000000000002 1.5000000000000002 7 8 9 53084.500000000007 1.5000000000000002
decision_type=10 10 2 10 10 2 10 8 9 2 9 2 2 10 1 2 2 9 10 2 9 9 9 10 2 9 9 9 8 2
left_child=1 2 4 15 5 14 16 8 -7 11 -10 12 24 -14 -1 -4 18 -17 -3 20 -12 -16 -21 -2 -5 -22 -27 -28 -29 -25
right_child=23 6 3 9 -6 7 -8 -9 10 -11 19 -13 13 -15 21 17 -18 -19 -20 22 25 -23 -24 29 -26 26 27 28 -30 -31
leaf_value=0.062452891949928827 0.071543829609181361 0.080903781030445071 0.075857705780268056 0.04875189676384642 0.060614071895982308 0.082775593984284551 0.049240913520313602 0.046857423803617522 -0.021067918012118367 -0.032730008119165266 -0.033353676380170713 0.074911182744634527 0.05545485233302936 -0.02634326772345566 -0.025104524971778119 -0.0065769296910610855 0.014691919419536157 0.058502441871272348 0.0037856411496585488 0.0099898053695096824 0.080135852766454088 0.043102453772525431 0.036171433286730614 0.016721079438395122 -0.0046936947841936883 -0.031979067172029259 0.072534057862029711 0.067204152856219737 0.013785712804774593 0.063351663263043395
leaf_weight=9185.9087565839291 27487.732395537198 999.2786553427577 8907.2755830511451 921.05698958039284 8082.8066266253591 1049.1903769522905 5450.5447359532118 9521.5067752897739 1347.417370043695 659.83558028191328 1072.270662907511 1608.9664216265082 4486.9656844846904 463.91863840818405 458.96662762761116 529.06737757846713 19500.116094782948 18104.011115156114 552.17083599418402 3521.1412357203662 436.5429705530405 6960.8623028062284 14534.199787337333 1219.1450566872954 2112.7992858961225 782.74654598534107 606.76360959559679 671.27687894180417 10436.616253834218 2234.466810323298
leaf_count=8599 10168 1999 6377 1944 8417 473 9857 21854 13309 5073 9928 2101 10136 1760 1452 1786 147277 30910 2942 18869 572 13206 61816 2493 9608 5165 1904 2903 58157 1377
internal_value=0.0457355 0.0403701 0.0444286 0.0556274 0.0382649 0.0352832 0.0240668 0.0289827 0.0240436 0.036136 0.0221677 0.0408725 0.0340135 0.04779 0.0519699 0.0628842 0.0175488 0.0566824 0.0534569 0.0239907 0.0148549 0.0388553 0.0310911 0.0687921 0.011532 0.0188627 0.01666 0.0199345 0.0169986 0.0468908
internal_weight=163906 132964 106462 37793.9 68668.2 60585.4 26502.1 43979.7 34458.2 10253.5 33409 9593.71 7984.74 4950.88 16605.7 27540.4 21051.6 18633.1 1551.45 32061.6 14006.2 7419.83 18055.3 30941.3 3033.86 12933.9 12497.4 11714.7 11107.9 3453.61
internal_count=472432 458394 296319 69695 226624 218207 162075 194950 173096 30622 172623 25549 23448 11896 23257 39073 152218 32696 4941 159314 78629 14658 80685 14038 11552 68701 68129 62964 61060 3870
cat_boundaries=0 51 53 54 56 107 112 114 162 166 168
cat_threshold=0 0 0 0 0 131136 0 0 0 0 8194 0 0 0 131072 0 0 0 16908288 1048656 0 17039360 2147483648 0 0 0 541065216 0 0 0 4 0 0 0 0 536870912 0 33554432 3145728 4587520 32 0 0 1073741824 0 256 0 0 83886080 32768 65536 3631648794 253624324 3 1140851718 8650752 0 0 2048 0 0 0 0 33554432 0 0 32768 73728 0 0 1 0 4096 1048576 0 0 2097152 167837696 4 0 131072 0 268439552 0 0 2 0 0 536870912 32 16 1073741824 65536 320 0 0 0 0 0 0 33280 4194304 0 0 0 131072 134250496 16777216 0 32768 536887296 3145728 2483563742 314245 0 0 0 0 262144 8388736 0 0 0 0 524288 0 256 0 134217728 0 1 0 0 2048 33685508 67108864 67109120 2048 0 0 17 0 0 65552 0 0 0 0 8200 131072 0 40960 33556480 0 2 1 256 2147483648 0 0 0 1024 1376550912 1879410162 558368208 384 545300513 1560
is_linear=0
shrinkage=0.05


Tree=20
num_leaves=31
num_cat=13
split_feature=309 7 18 24 24 29 420 26 6 45 63 8 12 48 15 430 363 12 31 347 46 0 104 420 358 50 430 421 12 19
split_gain=7980.65 3488.12 2066.86 2241.24 1670.22 1479.84 1382.3 1200.5 1094.27 1060.87 1045.93 1441.39 1319.59 1040.19 1205.4 1008.34 1269.12 1088.58 986.023 983.71 1028.41 1354.13 1132.61 976.236 924.816 1032.95 897.471 976.27 811.397 809.175
threshold=1.5000000000000002 0 1.0000000180025095e-35 1.5000000000000002 2.5000000000000004 139.50000000000003 1 8.5000000000000018 194.50000000000003 2 1.5000000000000002 264.50000000000006 3 4 9.5000000000000018 5 88.031250000000014 6 282.50000000000006 3.5000000000000004 7 370.12500000000006 1.5000000000000002 8 173.87500000000003 9 10 11 12 3.5000000000000004
decision_type=10 9 2 2 2 10 9 2 10 9 10 8 9 9 2 9 10 9 10 8 9 2 10 9 10 9 9 9 9 2
left_child=1 2 3 9 5 6 -3 18 -4 -1 11 29 -13 14 -14 -8 17 -17 -5 20 22 23 -11 -22 -10 -26 -25 -28 -7 -9
right_child=-2 4 8 7 -6 28 15 10 24 19 -12 12 13 -15 -16 16 -18 -19 -20 -21 21 -23 -24 26 25 -27 27 -29 -30 -31
leaf_value=0.051092124304968622 0.066503031286193129 0.014289498100206972 -0.010352859453172318 0.060181908609387796 0.065074302357875022 0.037054192751686893 0.081544899606384461 -0.047913296768083397 0.0116991707436701 -0.005120002541311959 0.082769189529972018 0.077210318093687377 -0.056630206211659276 0.038386612820307559 0.073822453344623104 0.051611966153050665 0.063641127199374301 0.030977394862988884 0.0067924108774288497 0.074037465279542317 0.058733182642995374 0.061855010214078021 0.10359762280429763 0.084102265772517212 0.064584996800526914 0.021098018485571832 -0.0083294034298912432 0.023939776752916753 -0.034866698305352502 0.021434211332574647
leaf_weight=4780.3415136635303 30419.737142950296 3305.0850249528885 3142.2128654681146 13864.620684079826 11472.064688503742 678.58044558018446 2161.9705293700099 871.79945555329323 8454.8206081613898 3958.0752712115645 906.71982554346323 1550.3884899243712 696.0721088424325 2506.6150141730905 237.49547056853771 12243.247797198594 7897.4718427285552 13696.149489048868 922.32914121821523 1038.0872594155371 1952.1935566551983 2666.2431649267673 254.99744194746017 563.83143644779921 2203.0677432380617 3591.8752030022442 2600.0737703703344 23792.703167524189 901.3065899387002 812.86114803701639
leaf_count=13823 14038 17752 35051 18380 12043 3165 550 4633 83393 19937 292 2393 3719 5160 132 24659 6467 42088 3401 1202 5345 4474 163 412 8240 18968 15104 97286 7995 2167
internal_value=0.0433875 0.0381291 0.0316352 0.0357941 0.0482062 0.0434848 0.045392 0.0485575 0.0163552 0.0289321 0.0323812 0.0255369 0.0390361 0.021545 -0.0234436 0.0482302 0.0460781 0.0407486 0.0568518 0.0260556 0.0246638 0.0277598 0.00146016 0.0246153 0.0222446 0.0376305 0.0221144 0.0207588 -0.00396197 -0.0144526
internal_weight=164143 133723 81367.4 63975.4 52355.9 40883.8 39303.9 22368.9 17392 41606.5 7581.95 6675.23 4990.57 3440.18 933.568 35998.8 33836.9 25939.4 14786.9 36826.2 35788.1 31575 4213.07 28908.8 14249.8 5794.94 26956.6 26392.8 1579.89 1684.66
internal_count=472432 458394 343675 198023 114719 102676 91516 40277 145652 157746 18496 18204 11404 9011 3851 73764 73214 66747 21781 143923 142721 122621 20100 118147 110601 27208 112802 112390 11160 6800
cat_boundaries=0 1 4 5 7 8 58 60 61 64 65 116 120 122
cat_threshold=12 4053787648 156026307 112 1 2147484179 2097152 1 67108864 0 0 0 262144 0 0 0 0 0 2 0 0 0 0 0 1 0 16908352 18 131072 18432 2147483776 16 2147483648 0 0 0 33554432 0 0 0 35651648 268435456 4104 0 0 0 1050632 262144 32 0 0 0 0 0 8192 16777216 16384 32768 646037504 16777304 2 66577 774125572 5 1 0 0 0 0 0 8388800 0 0 1 0 525312 0 0 268435456 131072 0 0 0 0 1048576 536870912 0 9 2048 0 0 4194305 1073741824 131072 16 0 0 0 0 0 0 2415919104 8192 2048 4194320 4096 0 0 1073741824 0 0 0 8388608 0 67108864 67108868 319070216 2701418453 558383112 450 67698960 67108864
is_linear=0
shrinkage=0.05


Tree=21
num_leaves=31
num_cat=10
split_feature=309 7 153 24 118 430 42 420 430 12 6 3 45 363 421 12 31 113 27 105 430 26 358 309 2 28 8 0 282 12
split_gain=7830.58 3213.62 1977.45 1578.95 1560.66 1414.22 1382.95 1317.13 1155.06 1209.14 1133.59 1282.6 1268.99 1084.46 1250.7 1153.96 951.779 918.275 901.605 901.5 888.914 851.733 850.352 848.033 819.157 818.401 810.773 761.323 710.356 702.842
threshold=1.5000000000000002 0 1.0000000180025095e-35 2.5000000000000004 1.5000000000000002 1 60.500000000000007 2 3 4 225.50000000000003 553.50000000000011 5 91.531250000000014 6 7 24.500000000000004 1.0000000180025095e-35 1.5000000000000002 1.0000000180025095e-35 8 26.500000000000004 171.03054809570315 2.5000000000000004 3605.5000000000005 24.500000000000004 119.50000000000001 146.06250000000003 1.5000000000000002 9
decision_type=10 9 8 2 8 9 10 9 9 9 10 8 9 10 9 9 10 10 2 10 9 2 10 10 2 8 10 2 10 9
left_child=1 2 4 5 8 24 13 27 -1 20 12 22 -11 14 -7 -16 -14 18 -13 -20 -10 29 -12 28 -3 -19 -21 -6 -2 -8
right_child=23 3 -4 -5 7 6 21 -9 9 10 11 17 16 -15 15 -17 -18 25 19 26 -22 -23 -24 -25 -26 -27 -28 -29 -30 -31
leaf_value=0.0831247813578357 0.058629094348193737 0.056709576732024494 0.04486712502036129 0.062184978594429154 -0.0053592101591624338 0.067401491649727391 0.03602095263889446 0.055212355703058637 0.0722433300723304 0.0010294485737032759 0.028044713349844225 -0.0096603733621414001 0.033940633950709252 0.064766820234650413 0.010411855823973783 0.042349008781143602 0.0040700680575911641 0.0090235443473186405 0.13333380148188204 0.53235357760933588 -0.009390669577193568 -0.052022538662222867 0.047920605296882426 0.070864579369557049 -0.021453557887370474 -0.048776935011827248 -0.014273230701170854 0.050603517079285343 0.022756370176296819 -0.0076028423508653258
leaf_weight=767.71269661933184 9580.2402927875519 444.64641040191054 17290.72417319566 11406.479428596795 1752.3305048346519 4245.5899979807436 3623.3952601402998 7210.4462348148227 352.02970667928457 8982.5570615157485 15413.586853593588 450.55963499099016 9362.6820573806763 6759.8636317253113 3332.0361407585442 19642.267357610166 3728.9051767103374 1635.4770685322583 358.70443294197321 7.0134984627366057 4221.4733998030424 387.97420145943761 8267.7710342630744 18688.694582484663 1361.8022037483752 979.00280172750354 206.90890273451805 930.40923353284597 1612.2733465135098 1239.6358920484781
leaf_count=502 6845 1673 28368 12043 11124 4024 11706 14140 465 60924 89816 2610 38409 4604 14178 46472 23990 7778 1028 6 25170 2706 26830 4868 10361 8807 1544 2164 2325 6952
internal_value=0.0411954 0.0360469 0.0298447 0.0457204 0.0258301 0.0411552 0.0431412 0.044106 0.0225268 0.0216453 0.0239241 0.0307378 0.0155023 0.0468426 0.0423912 0.0377236 0.0254325 0.00309547 0.0432524 0.0848857 -0.00296327 0.0192714 0.0349839 0.064346 -0.00220199 -0.0126201 0.00364806 0.0139972 0.0534617 0.0249592
internal_weight=164243 134362 81918.3 52443.7 64627.6 41037.2 39230.8 9893.19 54734.4 53966.7 49393.2 27319 22074.1 33979.8 27219.9 22974.3 13091.6 3637.67 1023.19 572.627 4573.5 5251.01 23681.4 29881.2 1806.45 2614.48 213.922 2682.74 11192.5 4863.03
internal_count=472432 458394 343675 114719 315307 102676 90642 27428 287879 287377 261742 138419 123323 69278 64674 60650 62399 21773 5188 2578 25635 21364 116646 14038 12034 16585 1550 13288 9170 18658
cat_boundaries=0 1 52 55 106 108 109 113 115 165 167
cat_threshold=12 0 0 1024 0 0 0 0 0 0 0 0 8192 0 0 0 2048 0 0 0 67108864 538968064 134217728 0 0 0 0 4096 134217728 32 16 4194304 0 536870912 0 0 8388608 67174400 272 0 256 8192 0 0 0 32768 0 0 0 0 0 184582144 3238176992 3504243970 82 1075838976 0 4096 0 0 8388672 0 0 0 0 524288 4096 256 268435456 131072 134217728 0 8388608 0 1048576 0 0 65544 0 0 0 1 0 131072 0 0 0 64 0 0 131072 2147483648 8192 1050624 4194304 2 0 0 3489660928 0 0 0 0 0 536870912 33554433 474892488 54918019 2 3838386180 562336025 572786274 96 1130510430 71503137 524288 0 0 0 0 0 0 0 0 0 9216 128 0 0 16777216 2048 0 0 0 32 2 336463872 131329 0 0 0 440401920 0 0 18 0 0 0 0 0 0 1073741824 0 2147483648 16 2105344 0 0 0 0 0 0 0 4 8192 42582044 23068760
is_linear=0
shrinkage=0.05


Tree=22
num_leaves=31
num_cat=11
split_feature=309 18 14 332 27 0 12 430 26 2 3 19 420 13 12 360 430 133 12 3 47 5 12 108 105 28 12 14 27 31
split_gain=7705.97 3152.44 3592.25 2342.87 3126.38 1982.8 1856.82 1553.74 1447.21 1331.27 1516.04 1402.25 1093.65 1092.31 1071.01 1039.4 1001.06 998.144 967.391 928.16 924.712 1072.63 908.924 1107.17 892.621 1203.33 1492.53 863.2 972.556 828.474
threshold=1.5000000000000002 1.0000000180025095e-35 4.5000000000000009 1.0000000180025095e-35 1.0000000180025095e-35 370.12500000000006 0 1 30.500000000000004 15066.500000000002 553.50000000000011 1.5000000000000002 2 3 4 44.515625000000007 5 1.0000000180025095e-35 6 111.50000000000001 7 8 9 1.0000000180025095e-35 1.5000000000000002 58.500000000000007 10 3.5000000000000004 1.0000000180025095e-35 16.500000000000004
decision_type=10 2 2 8 2 2 9 9 2 2 10 2 9 9 9 10 9 8 9 8 9 9 9 8 10 10 9 2 2 10
left_child=1 2 3 4 -1 6 -6 -8 -4 10 11 12 -9 -5 -12 18 -14 19 -3 -11 -20 -22 -10 -24 25 -18 -27 28 -2 -16
right_child=27 15 8 13 5 -7 7 9 22 17 14 -13 16 -15 29 -17 24 -19 20 -21 21 -23 23 -25 -26 26 -28 -29 -30 -31
leaf_value=0.048635962567450786 0.063596187836453086 -0.032915393359599816 0.066686283126159776 -0.0053021059925050578 -0.038641905506784001 0.052857563807763332 0.078360315678765183 0.062261284141184196 0.081957796939433614 0.13105527374966322 0.10088862896747655 0.043822480950670331 -0.041825051497702874 0.055730776218626793 0.0059762951777175216 0.046431079747731592 0.025277708710937388 -0.0016774627833564871 0.04722328098327578 0.024558704774112178 -0.007976097763615712 0.019839900539829463 -0.059060273382122414 0.029739669036044875 0.06839898541698744 0.092520419054636593 -0.013791563090779904 0.069016469445703763 0.033294139021728862 -0.044427593903378221
leaf_weight=18664.523930191994 6518.2611751407385 1046.7135101482272 12986.973239682615 780.86557877808809 1210.5304657295346 5915.703942194581 1266.9956554025412 1683.3693208880723 552.46698477119207 257.05346138030291 243.91940617188811 11759.449807673693 616.7210816219449 13743.851946935058 3967.1744732111692 2753.0063786916435 20635.912523057312 7797.8959410004318 2146.4536290355027 1002.5045086815953 4710.9187025390565 13082.596790309995 451.2443745136261 1580.3677883520722 1006.8115248978138 352.13605715334415 3730.966145850718 18322.528238177299 4459.6154121533036 1026.1160373948514
leaf_count=22277 2710 11240 8619 2361 9223 9623 512 5181 372 434 173 27665 6254 14849 19590 7045 82320 38602 6278 3851 47849 99795 2201 2150 1210 770 21691 4439 6889 6259
internal_value=0.0391309 0.0340853 0.0376154 0.0339903 0.0306796 0.025315 0.0224341 0.0237727 0.0598868 0.0224795 0.0260023 0.0293312 0.0232507 0.0524843 0.000713876 0.0175447 0.0207263 0.00499343 0.0137555 0.0462928 0.0162138 0.0124821 0.0257142 0.00996712 0.0222416 0.0203705 -0.00443016 0.0623736 0.0512864 -0.00437289
internal_weight=164274 134973 111234 95662.5 81137.8 62473.3 56557.6 55347 15571.1 54080 45022.6 39785.4 28025.9 14524.7 5237.21 23739.7 26342.5 9057.45 20986.7 1259.56 19940 17793.5 2584.08 2031.61 25725.8 24719 4083.1 29300.4 10977.9 4993.29
internal_count=472432 458394 286187 272845 255635 233358 223735 214512 13342 214000 171113 145091 117426 17210 26022 172207 112245 42887 165162 4285 153922 147644 4723 4351 105991 104781 22461 14038 9599 25849
cat_boundaries=0 2 53 56 58 59 110 112 113 114 115 117
cat_threshold=1364593352 43449731 1073741824 0 4096 0 0 131136 0 0 0 0 8194 0 256 0 0 134217728 0 8388608 16777216 1048592 131072 0 2147483648 16 0 0 536870912 32 0 16 4 0 0 0 0 536870912 0 33554432 2048 16 34 0 0 1342177280 0 0 0 0 16793600 32768 65537 16781363 995258381 1 67633154 8388608 4385 0 0 0 0 0 0 0 33554432 0 0 0 278528 0 0 16777216 67108864 4289 0 0 0 2097152 402653184 0 0 131072 0 4096 0 0 258 4194304 0 536870912 0 536870928 0 67108864 256 0 256 8192 0 0 0 33280 0 0 0 0 0 134742016 2164305227 362755 2 4 516 2189460496 4
is_linear=0
shrinkage=0.05


Tree=23
num_leaves=31
num_cat=10
split_feature=309 7 105 134 24 430 421 14 430 12 360 42 363 430 420 48 3 29 2 2 2 6 6 368 309 423 1 26 138 2
split_gain=7562.44 2979.65 1707.33 1487.83 1461.33 1340.35 1255.84 1234.4 1226.64 1257.21 1187.58 1181.52 1156.34 1220.18 1058.24 1010.89 1675.22 990.725 944.984 1205.56 1150.02 941.132 1229.59 884.118 883.751 867.375 864.962 857.951 846.141 1903.97
threshold=1.5000000000000002 0 1.5000000000000002 2.5000000000000004 2.5000000000000004 1 2 1.5000000000000002 3 4 60.093750000000007 60.500000000000007 69.156250000000014 5 6 7 553.50000000000011 17.500000000000004 11840.000000000002 9480.5000000000018 9501.0000000000018 223.50000000000003 162.50000000000003 261.52499389648443 2.5000000000000004 8 9 1.5000000000000002 1.5000000000000002 1566.0000000000002
decision_type=10 9 8 10 2 9 9 2 9 9 10 10 10 9 9 9 8 10 2 2 2 8 10 10 10 9 1 2 10 2
left_child=1 2 3 5 6 -1 -3 14 -7 17 15 12 13 -8 -4 18 21 -10 19 -11 -21 22 -17 -24 -2 -15 -16 -20 -18 -30
right_child=24 4 7 -5 -6 8 11 -9 9 10 -12 -13 -14 25 26 16 28 -19 27 20 -22 -23 23 -25 -26 -27 -28 -29 29 -31
leaf_value=-0.075005800983379334 0.0493675511648504 -0.0059349691914175814 -0.011649892599384263 0.075514081405238132 0.057685454120544322 0.074381113720450184 0.075339481103352063 0.059502791915042222 0.010502636077813661 0.0093498063884041548 0.044132110122783869 0.017094232125766919 0.060377628634642577 -0.025859367707494748 0.048226425804702648 0.035525913797267224 -0.015371877626774716 -0.041108968008137146 0.022693189991785864 0.079895483771701664 0.021155821836510661 0.035144070237602382 -0.003921596974936381 0.052414354079684769 0.067454336073860532 0.036141528301298298 -0.0013067846167526074 -0.016612243136810503 0.40329196792486499 0.020433242997600881
leaf_weight=343.03561840206385 10888.617926239967 1617.7210689596832 1323.8256886564195 1340.1203603632748 11202.72562020272 1127.7908493280411 2005.2885544970632 6084.3954128138721 3805.5082919485867 7741.2774975821376 6489.7608580850065 5288.7322243489325 7145.9458348304033 573.96665043756366 4356.5378812141716 5331.6192593164742 3019.1077997535467 1230.4642912745476 2056.0882991589606 1396.3229226060212 2066.3936844132841 23162.897600840777 5630.9712616428733 794.72277078032494 17785.321176424623 24472.665436323732 1112.915580175817 4274.9329482465982 38.711071465164423 201.51815953478217
leaf_count=2086 9170 9291 8014 1083 12043 634 513 6296 15760 47160 11827 21313 5163 4027 10154 18307 18348 10077 10108 4043 12020 92580 35444 1070 4868 62369 6203 31626 31 804
internal_value=0.0372622 0.0323169 0.0264097 0.0233369 0.0416691 0.0223193 0.0373141 0.0431456 0.0228152 0.0219394 0.0238859 0.0390776 0.0424888 0.0377633 0.0284952 0.0215319 0.0260962 -0.00210371 0.0115939 0.0203191 0.0448423 0.029296 0.0177747 0.00304597 0.0605861 0.034711 0.0381635 -0.00384725 -0.00818566 0.0821279
internal_weight=163910 135236 82928.9 70051.2 52307 68711.1 41104.3 12877.7 68368.1 67240.3 62204.3 39486.6 34197.9 27051.9 6793.28 55714.6 38179.5 5035.97 17535 11204 3462.72 34920.2 11757.3 6425.69 28673.9 25046.6 5469.45 6331.02 3259.34 240.229
internal_count=472432 458394 343675 313008 114719 311925 102676 30667 309839 309205 283368 93385 72072 66909 24371 271541 166584 25837 104957 63223 16063 147401 54821 36514 14038 66396 16357 41734 19183 835
cat_boundaries=0 1 51 55 106 108 159 162 163 169 170
cat_threshold=12 0 0 0 0 262144 2097152 0 33554432 33554432 0 0 262144 16384 0 1 67125248 193 0 0 0 2097152 2281702400 8196 0 131072 0 16 0 2 0 0 0 536870912 0 536870928 0 0 64 33554440 256 0 0 0 0 512 0 0 16777216 0 2147483648 18874368 3225485474 548889 1024 1075838976 0 4096 0 0 0 0 268435456 1 0 524288 4096 256 268435456 0 134217728 0 8388608 0 1048576 0 0 65545 16 0 0 33554432 0 131072 0 0 0 64 0 0 131072 0 73728 0 4194320 5122 0 0 3221225472 0 0 0 0 0 536870912 33554432 474892488 55039875 0 0 0 0 262144 0 0 0 0 0 2 0 0 0 0 0 1 0 16908352 18 0 18432 2147483776 0 2147483648 0 0 0 33554432 0 0 0 35651648 268435456 0 536870912 0 64 36702216 262144 0 0 0 0 536870912 0 8192 0 16384 32768 65536 3778193408 3520741634 122 2 33554432 0 0 536870912 689455744 2282230032 19
is_linear=0
shrinkage=0.05


Tree=24
num_leaves=31
num_cat=10
split_feature=309 18 14 332 27 0 12 26 430 22 8 48 420 13 14 27 13 2 26 2 212 6 0 12 228 421 430 421 6 6
split_gain=7411.46 2861.27 3382.48 2072.53 2910.53 1774.72 1641.53 1412.92 1396.04 1168.14 1028.77 997.263 1266.99 979.354 935.064 997.28 916.218 895.309 1064.48 968.673 985.45 885.104 871.037 983.216 801.774 778.361 774.735 971.16 751.956 1592.47
threshold=1.5000000000000002 1.0000000180025095e-35 4.5000000000000009 1.0000000180025095e-35 1.0000000180025095e-35 370.12500000000006 0 13.500000000000002 1 2.5000000000000004 203.50000000000003 2 3 4 3.5000000000000004 1.0000000180025095e-35 5 10960.500000000002 1.5000000000000002 9480.5000000000018 73.000000000000014 192.00000000000003 58.953125000000007 6 2.5000000000000004 7 8 9 117.50000000000001 182.50000000000003
decision_type=10 2 2 8 2 2 9 2 9 2 10 9 9 9 2 2 9 2 2 2 8 8 2 9 8 9 9 9 8 8
left_child=1 2 3 4 25 6 -6 -4 -8 11 -11 28 16 -5 15 -2 -13 19 -19 26 -21 -3 -23 -24 -17 -1 -14 -28 -10 -30
right_child=14 21 7 13 5 -7 8 -9 9 10 -12 12 17 -15 -16 24 -18 18 -20 20 -22 22 23 -25 -26 -27 27 -29 29 -31
leaf_value=0.059413366901909161 0.060072404981138 -0.004334314836178371 0.066944426787709829 -0.0065835117231027827 -0.038190856075676329 0.048356186476076521 0.074036646754763749 0.034917102534290541 0.053250026294024026 -0.020616762037878475 0.051686691654367706 0.06600160274479018 0.071714107141667038 0.051107937405505725 0.066010389961625879 0.035057451131757636 -0.033762585057937229 0.010571719408020845 -0.021251683328081996 -0.023716258621338485 0.047155360237554518 0.0037611827714020825 -0.029411582561661001 0.029959938151792039 -0.046529854339761124 0.037490958856898952 -0.031842464573417405 0.012152843329392593 -0.0098033851336275461 0.029984525744498711
leaf_weight=6191.2380473166704 6257.9267240613699 4741.716436162591 9978.3670963719487 782.985361546278 1194.0301757007837 5936.3413792401552 1200.8604775369167 5258.3380869850516 2293.9781576767564 556.66422210261226 4233.3118898794055 1601.1210677884519 478.0678252838552 13642.864545956254 17367.074163809419 4111.1380076035857 265.82768311351538 6686.0068277679384 4329.2722504101694 568.72990630567074 3565.3789195306599 5921.865450527519 731.97046283632517 12809.264368496835 324.9245288670063 12378.425257317722 1391.8707333244383 11963.127669222653 3074.5705544129014 13813.635450035334
leaf_count=4330 2710 43343 5016 2361 9223 9623 483 8326 5215 2286 7823 3050 646 14849 4439 5908 2417 34077 21364 4621 10582 53813 6579 68472 981 17947 9754 50798 15374 46022
internal_value=0.0354585 0.0306179 0.0340038 0.0305352 0.027451 0.0223343 0.0196344 0.0558915 0.02087 0.0196921 0.043284 0.0174374 0.0118709 0.0480075 0.0588482 0.0472168 0.0516924 0.00928472 -0.00193565 0.0161688 0.0374055 0.0150368 0.0197561 0.026751 0.0290815 0.0448522 0.00982211 0.00754722 0.0263895 0.022741
internal_weight=163651 135590 111385 96148.3 81722.5 63152.8 57216.5 15236.7 56022.4 54821.6 4789.98 50031.6 30849.4 14425.8 28061.1 10694 1866.95 28982.5 11015.3 17967.2 4134.11 24204.8 19463.1 13541.2 4436.06 18569.7 13833.1 13355 19182.2 16888.2
internal_count=472432 458394 286187 272845 255635 233358 223735 13342 214512 214029 10109 203920 137309 17210 14038 9599 5467 131842 55441 76401 15203 172207 128864 75051 6889 22277 61198 60552 66611 61396
cat_boundaries=0 2 53 54 57 59 61 63 67 118 122
cat_threshold=1364593352 43449731 1073741824 0 4096 0 0 131136 0 0 0 0 524290 0 256 0 0 134217728 0 8388608 16777216 1048592 131072 0 0 16 0 0 536870912 32 0 16 0 0 0 0 0 536870912 0 33554432 2048 16 34 0 0 1342177280 0 0 0 0 83902464 32768 65537 1 19 1024618508 1 67633154 8388608 42008580 4227072 2172693827 331014 1625096196 27694616 914360066 1312 2097152 0 0 0 0 0 0 0 0 0 8192 4224 0 0 134217728 0 0 0 133120 0 33554436 67125248 2147484032 0 0 0 138412049 0 0 2 0 0 2097152 0 4096 0 0 32768 33554432 393216 0 0 0 0 0 4194560 8192 1024 0 0 67108868 538779648 556107238 21520664 386
is_linear=0
shrinkage=0.05


Tree=25
num_leaves=31
num_cat=9
split_feature=294 13 368 430 430 14 1 420 423 29 27 27 19 26 0 10 134 4 34 27 12 22 46 26 18 12 26 31 37 118
split_gain=7275.72 3390.79 3332.8 2320.23 1652.98 1440.93 1329.72 1417.43 1299.53 1213.64 1077.31 969.811 879.498 1258.45 1057.44 988.322 887.607 828.614 812.425 798.079 1059.49 1045.53 763.895 728.268 714.558 688.292 686.496 836.969 901.907 712.083
threshold=1.5000000000000002 0 171.15644836425784 1 2 2.5000000000000004 3 4 5 3.5000000000000004 1.0000000180025095e-35 1.0000000180025095e-35 2.5000000000000004 6.5000000000000009 47.953125000000007 1.5000000000000002 1.0000000180025095e-35 149.50000000000003 2.5000000000000004 1.5000000000000002 6 2.5000000000000004 7 85.500000000000014 8.5000000000000018 8 20.500000000000004 217.50000000000003 512.50000000000011 1.5000000000000002
decision_type=10 9 8 9 9 2 1 9 9 8 2 2 2 2 2 10 8 8 8 2 9 2 9 2 2 9 2 10 10 10
left_child=1 4 3 -3 -1 8 -5 -8 -6 18 -10 -11 14 -14 -13 16 23 -12 -9 21 -21 -16 26 24 -15 -17 -4 28 29 -28
right_child=-2 2 22 6 5 -7 7 9 10 11 17 12 13 15 19 25 -18 -19 -20 20 -22 -23 -24 -25 -26 -27 27 -29 -30 -31
leaf_value=-0.039940445303333821 0.061411259404774078 0.071983959171703582 0.054003083176134614 -0.010725041323968121 -0.0066345835030822047 0.060843199544952632 0.058272388994580593 -0.014381461287198414 0.056460773669559421 0.033661058463747125 -0.035753332096291696 -0.00011793852289163714 0.055799925717076516 0.063980612131870951 0.019680936469070105 0.058157685217154087 0.021907636390249438 0.034034741138541068 0.041009717347538881 0.097199553513514877 0.002820339211497496 0.072235882914712737 0.028514644133136587 -0.017842915687850996 0.16921313599376558 -0.0038133330934711422 -0.048223855518118308 0.05213323927872348 0.084429151557745177 0.051770894083997002
leaf_weight=559.18624375388026 20819.991225406528 2222.3326144888997 12960.854286722839 3316.4183635637164 1510.3442446142435 10942.198851704597 2543.7434422336519 714.19887898117304 7181.9997930824757 8901.3104357346892 446.78808746114373 11934.439688272774 2975.2283805795014 1161.2280668579042 25669.041716471314 487.89995584636927 5333.3056972287595 8857.6908777281642 9053.0992040634155 296.09483474865556 10496.435336921364 982.56753079965711 6200.6491282954812 228.98516891524196 187.34107467904687 4468.9895360022783 762.99964210391045 1427.5005557313561 232.80288860946894 232.22779326140881
leaf_count=2862 8382 711 11327 19476 7016 5418 5484 2258 4802 15367 1961 72135 7173 3493 123229 2290 27033 24903 14247 711 61921 2279 10613 1899 355 30259 2958 1580 95 195
internal_value=0.0338046 0.0297651 0.0258093 0.0216025 0.0448666 0.0465186 0.0203306 0.0215372 0.037835 0.020403 0.0418875 0.0181943 0.0160505 0.0267228 0.0128425 0.0194332 0.0316532 0.0306836 0.0369594 0.0169733 0.00550232 0.0216185 0.0433624 0.0646006 0.0785993 0.00239602 0.0492578 0.0260978 -0.00416667 -0.0248909
internal_weight=163108 142288 112790 90972.7 29498.2 28939 88750.3 85433.9 17996.8 82890.2 16486.5 73122.9 64221.6 14843 49378.6 11867.7 6910.86 9304.48 9767.3 37444.1 10792.5 26651.6 21817 1577.55 1348.57 4956.89 15616.4 2655.53 1228.03 995.227
internal_count=472432 464050 417088 390320 46962 44100 389609 370133 38682 364649 31666 348144 332777 72502 260275 65329 32780 26864 16505 188140 62632 125508 26768 5747 3848 32549 16155 4828 3248 3153
cat_boundaries=0 2 52 103 104 107 114 116 117 119
cat_threshold=547424513 32856 2097152 0 0 0 0 131072 0 0 0 0 8194 536870912 0 0 0 0 0 8388608 16777216 32 0 33556480 458753 16 2147483648 0 436207616 1073741856 0 0 0 0 100663360 0 64 0 0 65536 0 16 34 0 0 0 536870912 0 0 0 0 32768 0 0 0 0 0 0 0 0 0 0 0 270336 16384 0 1 16384 1 0 0 67108864 0 2583823364 270592 0 131072 0 402653184 0 0 0 0 0 536870912 0 536879104 0 71303168 16 2147483648 256 8192 0 0 0 32768 0 0 0 0 0 32768 4 4097 712144908 132 16777216 1024 2097152 536887296 554697344 2147483664 8 1107300352 4194308 1 3758096410 67108864
is_linear=0
shrinkage=0.05


Tree=26
num_leaves=31
num_cat=12
split_feature=238 13 368 430 14 423 32 423 27 430 29 21 0 1 216 47 46 421 28 430 4 46 6 10 12 2 0 95 26 31
split_gain=7132.4 3493.72 3021.92 2355.79 1529.31 1406.54 1203.36 1179.72 1169.49 920.939 858.333 892.228 1068.94 1167.6 821.99 871.478 887.268 808.647 807.059 792.177 791.767 772.154 727.663 653.581 895.285 671.948 643.303 642.733 622.348 761.491
threshold=1.5000000000000002 0 171.15644836425784 1 2.5000000000000004 2 4.5000000000000009 3 1.0000000180025095e-35 4 292.50000000000006 1.5000000000000002 40.015625000000007 5 957.50000000000011 6 7 8 169.50000000000003 9 149.50000000000003 10 117.50000000000001 185.50000000000003 11 13928.500000000002 191.25000000000003 1.5000000000000002 20.500000000000004 217.50000000000003
decision_type=10 9 8 9 2 9 10 9 2 9 10 2 2 1 8 9 9 9 10 9 8 9 8 10 9 2 2 8 2 10
left_child=1 4 3 -3 5 17 7 -5 -7 -9 11 12 -11 -14 -15 -16 18 -1 22 -10 -21 28 -17 24 26 -26 -18 -13 -4 -30
right_child=-2 2 21 6 -6 8 -8 9 19 10 -12 27 13 14 15 16 23 -19 -20 20 -22 -23 -24 -25 25 -27 -28 -29 29 -31
leaf_value=0.050048081128363231 0.060947081304194475 0.069210722135202254 0.051693163207525587 -0.023565620935288745 0.058339959113033836 0.054477166583395277 0.0080654281057707042 -0.079317127838960597 -0.070134729498835535 0.0089677125746767845 -0.00030858522022397632 0.017813712459113486 -0.012885006766822369 0.058620159551012435 0.035931432298958649 0.045666738874664263 -0.00041784617012514605 -0.022327323129489037 0.062595280537645681 -0.032684497348815643 0.033568121173509588 0.026122139738403102 -0.030410301352010116 0.049542305199640709 0.035471572528716459 0.009327687198715939 0.025451862811748917 0.056144802035287072 -0.0040269138003115211 0.04982121187742574
leaf_weight=504.25646617636085 19086.335927195847 2400.4330475255847 12833.912237778306 1378.4364241790026 11050.284827403724 7511.3905826956034 19391.784131791443 209.9631453640759 192.42434540018439 11066.921964082867 3616.4687869884074 1565.3076289407909 1838.0089823268354 2059.7303658947349 15388.132928714156 377.46950954943895 5940.1554730348289 1537.8338732309639 363.53702957928181 474.68116849660873 9021.350074544549 6086.5828877314925 1878.5853771455586 2282.1688604839146 11018.474323786795 3163.3376508019865 4035.7931198701262 3629.2491424717009 1215.8942477926612 1427.1692740693688
leaf_count=1130 7767 775 11320 9735 5577 4935 127780 1318 1109 51444 22227 2909 11566 4478 36261 942 32943 8361 1119 2042 24214 10564 8585 6166 41002 14652 13046 3635 3249 1581
internal_value=0.0322324 0.0284122 0.0243673 0.0204053 0.0435007 0.0350015 0.019082 0.0221449 0.0396469 0.0230657 0.0233924 0.0247227 0.0229853 0.0261941 0.0277353 0.0263103 0.0212156 -0.00429876 -0.00654104 0.0281901 0.0302245 0.0412097 -0.0176815 0.0239656 0.0215494 0.0296191 0.0100377 0.0445943 0.0471431 0.0250493
internal_weight=162546 143460 113168 91604 30292.2 19241.9 89203.5 69811.7 17199.8 68433.3 68223.3 64606.9 59412.3 48345.4 46507.4 44447.7 29059.5 2042.09 2619.59 9688.46 9496.03 21563.6 2256.05 26439.9 24157.8 14181.8 9975.95 5194.56 15477 2643.06
internal_count=472432 464665 417297 390583 47368 41791 389808 262028 32300 252293 250975 228748 222204 170760 159194 154716 118455 9491 10646 27365 26256 26714 9527 107809 101643 55654 45989 6544 16150 4830
cat_boundaries=0 2 52 59 66 117 118 119 120 124 175 176 178
cat_threshold=547424513 32856 2097152 0 0 0 0 131072 0 0 0 0 1026 536870912 0 0 0 0 0 8388608 16777216 32 0 2048 458753 2048 2147483648 0 436207616 1073741824 33554432 2 0 0 65600 0 268435520 0 0 33619968 0 16 32 0 0 0 536870912 0 0 0 0 32768 2164260864 1024 2129920 536887296 554697344 2147487760 8 33558530 1073741824 268468224 553648128 725107360 2282229896 16384 0 0 0 0 0 2097152 0 306184192 0 0 32768 134291520 0 0 1 0 4096 524290 0 256 0 16859136 0 0 131072 0 4096 0 2 0 0 0 536870912 0 256 0 67108864 64 33554432 256 0 0 0 0 0 0 0 0 0 0 134742016 4 2 2 537133056 1099169792 549455266 1024 0 512 2048 0 0 0 0 0 1 0 32768 65536 0 0 1 0 4097 0 0 67108864 0 2583887876 8448 0 0 0 0 0 0 2 0 0 536870913 0 16 1073741824 65536 64 0 16 0 0 0 0 0 0 0 0 0 2147483648 201850880 1 13051999 42388231
is_linear=0
shrinkage=0.05


Tree=27
num_leaves=31
num_cat=14
split_feature=309 13 359 430 14 423 47 27 46 10 96 1 210 420 4 4 8 421 430 45 113 0 48 420 430 364 4 3 29 12
split_gain=6974.3 3561.12 2903.25 2200.57 1949.89 1449.02 1340.16 1208.02 1137.02 1111.3 1297.7 1327.9 1324.1 1641.23 964.9 959.017 948.66 842.425 806.043 786.382 767.965 712.255 685.066 678.557 799.98 678.3 677.86 665.514 688.169 624.844
threshold=2.5000000000000004 0 342.00999450683599 1 2.5000000000000004 2 3 1.0000000180025095e-35 4 77.500000000000014 1.5000000000000002 5 1256.5000000000002 6 184.00000000000003 149.50000000000003 475.00000000000006 7 8 9 1.5000000000000002 280.12500000000006 10 11 12 30.015625000000004 185.50000000000003 127.50000000000001 162.50000000000003 13
decision_type=10 9 8 9 2 9 9 2 9 10 8 1 10 9 10 8 10 9 9 9 8 2 9 9 9 10 10 8 10 9
left_child=1 4 3 -3 5 17 16 -7 -4 10 18 12 13 -12 -15 -9 19 -1 -8 22 21 29 -5 -17 -25 -10 -26 -11 -29 -20
right_child=-2 2 8 6 -6 7 9 15 25 27 11 -13 -14 14 -16 23 -18 -19 20 -21 -22 -23 -24 24 26 -27 -28 28 -30 -31
leaf_value=0.035483407230566207 0.062146053611912694 0.067142304705856623 0.04717188647551894 -0.0017964512071894801 0.057020535997765069 0.051918289945499185 -0.058573498174745636 -0.040316671345322332 0.0021640979687950566 0.074430380878958188 0.067703973404649842 -0.011973167104562789 -0.035154759664539167 0.01608645814502856 0.044709644714848146 -0.013244372142215322 0.059753222055836219 -0.018605951686869859 0.0082304858195299136 0.033318468723970568 0.033240952164864793 0.021995874631720237 0.023864111648038977 -0.068948762703935559 0.037045825771979471 0.03657570477249366 -0.08418000286253878 0.034702673194735106 -0.025593614380006541 -0.00719802370777108
leaf_weight=1109.6125725582242 15940.758399620652 2308.4416028447449 14822.883806765079 3937.2609279565513 12517.945916771889 8337.915276363492 473.0814574919641 507.98737712576985 2612.0181710459292 908.5193979665637 2317.9560428522527 2674.2746619414538 858.00954489037395 12599.027227446437 3842.2397717386484 837.47473917528987 2072.3784346692264 2006.1797281615436 14237.177075877786 12253.472699496895 2484.3469126261771 4836.8062905222178 7663.7689957879484 178.76482155919075 9635.7283686511219 3169.9305799007416 116.71279894560575 3976.1420288048685 537.13623056188226 12156.763023708016
leaf_count=3596 4868 875 15805 15700 6611 5710 3124 2291 7525 2678 3797 16375 8144 62076 4734 4760 3982 10160 76023 31055 6553 18948 22997 1073 22529 3895 537 13754 4188 88069
internal_value=0.0307437 0.0273148 0.0229016 0.0190329 0.041162 0.0324466 0.0177588 0.0374688 0.0398362 0.0137636 0.0116879 0.0210739 0.025572 0.0283632 0.0227617 0.0268181 0.0273043 0.000708533 0.00556802 0.0244852 0.00648349 0.00435706 0.0151552 0.029985 0.03361 0.0210301 0.0355586 0.0353862 0.0275267 0.00112467
internal_weight=161931 145990 110742 90136.8 35248.3 22730.4 87828.4 19614.6 20604.8 61901.5 56479.7 22291.5 19617.2 18759.2 16441.3 11276.7 25926.9 3115.79 34188.2 23854.5 33715.1 31230.7 11601 10768.7 9931.21 5781.95 9752.44 5421.8 4513.28 26393.9
internal_count=472432 467564 410297 383072 57267 50656 382197 36900 27225 308463 287843 95126 78751 70607 66810 31190 73734 13756 192717 69752 189593 183040 38697 28899 24139 11420 23066 20620 17942 164092
cat_boundaries=0 2 52 59 60 61 62 65 69 120 121 122 125 176 178
cat_threshold=547424513 4227160 2097152 0 0 524288 0 0 0 0 0 0 9218 536870912 0 0 0 0 0 8388608 16777216 32 2 33554432 458753 0 2147483648 0 301989888 1073741824 0 0 0 0 100663360 0 8256 0 0 0 2147483656 16 32 0 0 0 536871424 256 0 0 0 32768 1090519040 1073741824 2129920 553664512 689439360 2147488016 8 2 1 19 1048897 36744193 78 537133056 1094976032 549455266 1090 0 0 2048 0 524288 2097152 0 4194304 0 0 16384 134283456 0 0 524289 0 192 0 0 64 2097152 2164342784 0 0 131072 0 4096 0 34 0 0 0 0 32 272 0 0 0 33554432 262144 0 0 0 0 32768 0 0 0 0 131072 524288 2 2 1074965504 6310916 40 0 512 2048 0 0 0 0 0 0 0 32768 81920 0 0 1 0 4097 0 0 0 0 2583887876 270592 0 0 0 0 0 0 2 0 0 536870913 536870912 16 1073741824 0 64 0 16 8192 0 0 0 0 0 0 0 0 0 201326592 2986906898 73401932
is_linear=0
shrinkage=0.05


Tree=28
num_leaves=31
num_cat=11
split_feature=309 13 368 430 14 423 1 105 216 27 180 0 4 25 46 421 14 6 8 2 141 89 421 12 0 19 430 420 421 19
split_gain=6822.32 3352.56 2723.62 2010.21 1900.67 1316.6 1244.01 1167.41 1774.65 1162.92 1004.28 1030.05 865.124 804.783 769.906 759.674 757.881 716.27 840.182 833.398 739.834 695.081 693.704 689.447 666.206 662.074 660.419 652.767 637.418 631.785
threshold=2.5000000000000004 0 171.15644836425784 1 2.5000000000000004 2 3 1.5000000000000002 957.50000000000011 1.0000000180025095e-35 13.500000000000002 167.12500000000003 149.50000000000003 2.5000000000000004 4 5 7.5000000000000009 225.50000000000003 202.50000000000003 3681.5000000000005 1.5000000000000002 1.5000000000000002 6 7 380.25000000000006 1.5000000000000002 8 9 10 1.0000000180025095e-35
decision_type=10 9 8 9 2 9 1 8 10 2 8 2 8 2 9 9 2 10 10 2 10 10 9 9 2 2 9 9 9 2
left_child=1 4 3 -3 5 15 28 10 27 -7 11 13 -11 17 24 -1 -16 23 29 -20 21 -21 -4 -8 -13 -23 -25 -9 -5 -19
right_child=-2 2 22 6 -6 9 7 8 -10 12 -12 14 -14 -15 16 -17 -18 18 19 20 -22 25 -24 26 -26 -27 -28 -29 -30 -31
leaf_value=0.033549410439678344 0.060932961593175065 0.066117031113758412 -0.042624814882037884 -0.04481916570687091 0.055400365957456593 0.050092106316712438 0.058076440552802401 -0.0297213648078847 -0.02451682727045008 -0.038899626659279901 0.033234862473779929 0.022392066510373631 0.028349335017856331 0.035591646358574723 0.0076126280154074841 -0.017782615714110158 0.065401923141472015 0.04057077133333483 -0.010100866005753809 0.018712474575195526 0.10912420520586641 0.0081835474106614573 0.038844499156879451 0.060842317732442523 0.047464212240972636 0.086166516310531849 -0.00021925994357881556 0.04951877337748592 0.0074138448762464245 -0.011404642290870504
leaf_weight=1115.3229476772249 15457.503352463245 2105.1672573387623 259.01229245215654 1185.3432389069349 12246.767061397433 8212.995589107275 532.42762868106365 268.65096507966518 1025.9386869110167 500.3646033629775 7564.460658274591 6496.5102766901255 10816.493104949594 2982.4957711994648 7261.0110808759928 1994.8711366690695 615.4306344166398 679.80085605382919 2201.7352367416024 17040.787621594965 242.92628136277199 423.43037227541208 20956.067422367632 442.00129512697458 4474.2882140576839 761.93090957403183 21794.492463577539 6206.6153518632054 1142.6405012011528 4178.1831066012383
leaf_count=3596 4868 797 874 9391 6611 5710 1721 1569 9141 2291 16898 19278 28899 3780 35858 10160 2292 2303 13635 89030 994 1614 25751 514 6782 1460 124499 11498 6568 24050
internal_value=0.0293484 0.0259982 0.0217364 0.0179251 0.0395211 0.0309489 0.0167565 0.0177428 0.0365814 0.0357517 0.0159262 0.0140591 0.025376 0.0103854 0.0240547 0.000673698 0.012128 0.00882888 0.0145793 0.0189767 0.0224431 0.0212877 0.0378481 0.00238141 0.0326174 0.0583097 0.00102128 0.0462618 -0.0192597 -0.00413147
internal_weight=161186 145728 110841 89626.3 34886.8 22640 87521.1 85193.1 7501.21 19529.9 77691.9 70127.5 11316.9 51280.2 18847.2 3110.19 7876.44 48297.7 25528.8 20670.8 18469.1 18226.1 21215.1 22768.9 10970.8 1185.36 22236.5 6475.27 2327.98 4857.98
internal_count=472432 467564 410297 383672 57267 50656 382875 366916 22208 36900 344708 327810 31190 263600 64210 13756 38150 259820 133086 106733 93098 92104 26625 126734 26060 3074 125013 13067 15959 26353
cat_boundaries=0 2 52 59 60 61 65 69 71 122 125 129
cat_threshold=547424513 4227160 2097152 0 0 524288 0 131072 0 0 0 0 9218 0 0 0 0 0 0 8388608 16908288 0 2 0 458753 0 2147483648 0 436207616 1073741824 33554432 0 0 0 100663360 0 64 0 0 0 2147483656 16 32 0 0 0 536871424 256 0 0 0 32768 1090519040 1073741824 2129920 553664512 689439360 2147488016 8 4 1 537133056 1094976032 549455266 1090 0 16384 532609 2 570462481 1540 1073741824 0 0 0 0 0 0 0 0 128 0 0 0 0 131072 134219776 0 0 0 32 0 101451776 4194568 0 0 0 4194320 2 0 16 0 0 0 0 8192 536870912 0 33595392 0 4194304 2097152 0 0 0 0 0 8192 1024 4 8192 33587200 2164261008 3489661186 17 2097152 3223378560 13132304 128
is_linear=0
shrinkage=0.05


Tree=29
num_leaves=31
num_cat=10
split_feature=238 13 153 430 35 363 27 14 27 19 26 393 430 216 42 12 430 421 430 31 0 2 7 2 361 3 12 12 10 113
split_gain=6716.52 2915.23 2469.13 1934.54 1491.34 1187.72 1213.2 1178.6 961.535 792.808 1333.74 921.502 792.11 752.867 708.191 680.928 671.659 874.246 771.841 639.579 632.527 572.823 560 603.417 1155.95 1003.25 582.487 542.846 613.141 733.167
threshold=1.5000000000000002 0 1.0000000180025095e-35 1 78.968750000000014 64.968750000000014 1.0000000180025095e-35 2.5000000000000004 1.0000000180025095e-35 2.5000000000000004 6.5000000000000009 1.0000000180025095e-35 2 402.50000000000006 25.500000000000004 3 4 5 6 169.50000000000003 42.953125000000007 13052.500000000002 7 16874.500000000004 500.25000000000006 318.50000000000006 8 9 1.5000000000000002 1.0000000180025095e-35
decision_type=10 9 8 9 10 8 2 2 2 2 2 8 9 10 10 9 9 9 9 10 2 2 9 2 8 8 9 9 10 8
left_child=1 4 3 -3 7 6 -5 8 -1 11 -11 -8 -6 15 -7 -4 -10 -18 -19 20 -13 27 -17 24 -24 -26 -27 -12 29 -29
right_child=-2 2 13 5 12 14 9 -9 16 10 21 19 -14 -15 -16 22 17 18 -20 -21 -22 -23 23 -25 25 26 -28 28 -30 -31
leaf_value=0.048126030863384857 0.05711544570543832 0.066078383187544359 -0.043395164367661457 0.028658995150707592 0.068936421834589937 0.037852881826869939 -0.017995746247517767 0.056378018923809198 0.072616951817246811 0.050969180071673538 0.11777886230980442 -0.001023712686853082 -0.0069092353872304245 -0.046444321908087331 0.017393072879183593 0.046099422042139557 0.031890683392995473 0.053903929608057524 -0.011488861507854761 -0.0046698781002941165 0.015096781807467239 -0.011232341905575635 0.032933477199890274 0.052725829840888076 -0.061000737068128474 -0.069005196726447046 0.023801119275243997 0.072087990455982465 -0.002226441037701176 0.01824784548779828
leaf_weight=7272.0214876383543 17655.909426741302 1939.1358311101794 265.8766079954803 10220.037144459784 391.14642681181431 8395.8754445947707 3385.5278441496193 9414.3850494101644 659.10989551246166 2920.6431383602321 127.05728508532047 7693.1853626593947 2419.3130477741361 284.62865252792835 8523.015207156539 9150.4328507110476 5947.5266923122108 532.30710706114769 2677.1997154019773 7093.4518165178597 29109.84278523922 2048.8844562061131 11109.094042081386 2558.4232451990247 608.75478799641132 180.4741121456027 1529.7350109815598 802.11241755262017 2507.6637295559049 2986.9248070009053
leaf_count=5293 7767 684 1052 17545 127 12546 19040 4383 324 6763 339 46445 8537 982 27559 8428 15758 626 12320 50813 145245 15080 17843 2952 2504 786 2687 3556 18727 15721
internal_value=0.0280233 0.0244252 0.0207865 0.0167973 0.0384867 0.0156741 0.012761 0.0421724 0.0343461 0.00999185 0.0218318 0.00713884 0.0038673 0.0344225 0.0275461 0.0353286 0.0241376 0.0205464 -0.000509513 0.00907735 0.011727 0.0117877 0.0361641 0.030452 0.0262309 -0.00587796 0.0137432 0.0191301 0.0169256 0.0296454
internal_weight=160410 142754 113441 87753.4 29313 85814.2 68895.3 26502.5 17088.2 58675.3 11393.3 47282 2810.46 25687.4 16918.9 25402.8 9816.14 9157.03 3209.51 43896.5 36803 8472.64 25136.9 15986.5 13428.1 2318.96 1710.21 6423.76 6296.7 3789.04
internal_count=472432 464665 417297 380063 47368 379379 339274 38704 34321 321729 60186 261543 8664 37234 40105 36252 29028 28704 12946 242503 191690 53423 35200 26772 23820 5977 3473 38343 38004 19277
cat_boundaries=0 2 52 99 101 152 156 203 204 206 208
cat_threshold=547424513 32856 2097152 0 0 524288 0 131072 0 0 0 0 9218 536870912 0 0 131072 0 0 8388608 16777216 32 0 67110912 458752 2064 2147483648 0 704643072 1073741824 33554432 2 0 0 64 0 268435520 0 0 33554432 0 16 0 0 0 0 536870912 0 0 0 0 32768 1073741824 0 0 0 0 8192 0 4194306 1 0 0 4096 1 2 0 134217728 128 0 0 0 0 131072 0 0 0 0 0 134217728 50331648 4 0 0 0 268435456 8 1073741824 0 268468224 2097152 0 0 0 0 0 0 0 67117056 2312 67213316 0 0 4096 0 0 8388672 0 268435456 0 0 524288 0 0 0 0 0 0 0 131072 1048592 131072 0 67108864 0 0 0 1 0 0 0 4 0 0 32 0 131072 1073741824 33554432 33556480 4194304 4098 0 0 1073741824 0 0 0 0 83902464 536870912 65541 76120064 2953988633 634393760 32 0 0 0 0 262144 128 0 0 0 0 0 4096 256 0 0 0 0 1048578 2112 2048 4 4212736 128 0 0 16777216 16 0 0 65536 0 256 2097152 0 256 536870912 2147483648 40960 1048584 131073 0 0 256 2147483648 0 4194304 8192 2 1082654726 8 16 67108864
is_linear=0
shrinkage=0.05


Tree=30
num_leaves=31
num_cat=17
split_feature=309 13 359 430 14 47 423 27 10 96 1 216 421 46 8 4 134 430 46 12 7 44 48 12 12 26 347 6 12 421
split_gain=6594.66 2972.77 2444.68 1931.14 1830.82 1199.74 1175.27 1141.54 1024.98 1109.91 1131.87 1711.69 1195.67 937.45 870.725 769.136 719.681 730.268 723.386 702.69 703.109 677.691 638.693 679.734 640.334 904.68 701.821 652.927 629.875 616.71
threshold=2.5000000000000004 0 414.91000366210943 1 2.5000000000000004 2 3 1.0000000180025095e-35 77.500000000000014 1.5000000000000002 4 957.50000000000011 5 6 475.00000000000006 149.50000000000003 2.5000000000000004 7 8 9 10 11 12 13 14 5.5000000000000009 2.5000000000000004 182.50000000000003 15 16
decision_type=10 9 8 9 2 9 9 2 10 8 1 10 9 9 10 8 10 9 9 9 9 9 9 9 9 2 10 8 9 9
left_child=1 4 3 -3 6 14 29 -8 9 16 11 -11 -12 -4 19 -9 17 -7 28 -5 22 -10 23 -21 -24 27 -27 -26 -19 -1
right_child=-2 2 13 5 -6 8 7 15 21 10 12 -13 -14 -15 -16 -17 -18 18 -20 20 -22 -23 24 -25 25 26 -28 -29 -30 -31
leaf_value=0.02909603691223743 0.058861252365494755 0.062995583218606335 0.043584850040756996 -0.01864089570430856 0.052493374099779569 -0.058332241760185248 0.04742576540266339 -0.038336702179831275 0.053745810210232697 0.042538249013373025 -0.035366947263959919 -0.027410119319249138 0.014359936418962422 0.017996566917878088 0.053927476633843646 0.025429325038582154 0.075015158953824601 0.092323016234116179 0.0061688551518576697 -0.049325608857513026 0.03763470181394532 0.018259265526983662 0.071508082365021597 0.0094685049052245316 0.0080408531724820449 -0.0099793474783168735 0.057071868293597262 0.038522062126319978 -0.025003541861071722 -0.01564327979704459
leaf_weight=1197.619179777801 14544.492025211453 2156.169287122786 12932.126694761217 1050.836745750159 11704.435525901616 466.72386683523655 7904.4642208367586 494.71575402840972 2155.4645615816116 6785.6583400666714 1317.0504415556788 1004.0077650435269 13663.007834762335 4949.2101269587874 2226.7445843368769 10721.306491333991 351.71134006604552 110.0320713147521 31399.256437987089 538.77115912362933 6161.8933069817722 3579.7538808062673 668.07697220891714 4714.6819486431777 2449.8874709159136 2859.3378746770322 451.94270681589842 6210.7382076904178 2723.477260697633 2116.9058364145458
leaf_count=3975 4868 859 13527 4948 6611 3151 5558 2287 6024 11224 9368 8997 66372 9708 4074 28158 438 258 176198 3077 9716 14849 783 17630 8612 11034 479 15022 13949 10678
internal_value=0.0267639 0.0235458 0.0195687 0.0163164 0.036452 0.0152005 0.0280994 0.0328557 0.0114349 0.00943513 0.0180301 0.0334796 0.00996726 0.0365025 0.0239619 0.0226167 0.00385173 0.00313043 0.00398427 0.0213042 0.0230473 0.0315962 0.0180057 0.00336297 0.0241058 0.021383 -0.00082781 0.0298996 -0.0202099 0.000561027
internal_weight=159610 145066 110927 93045.2 34139.4 90889.1 22435 19120.5 63556.1 57820.9 22769.7 7789.67 14980.1 17881.3 27332.9 11216 35051.2 34699.5 34232.8 25106.2 24055.3 5735.22 17893.4 5253.45 12640 11971.9 3311.28 8660.63 2833.51 3314.53
internal_count=472432 467564 410297 387062 57267 386203 50656 36003 310828 289955 95961 20221 75740 23235 75375 30445 193994 193556 190405 71301 66353 20873 56637 20707 35930 35147 11513 23634 14207 14653
cat_boundaries=0 2 52 53 60 61 65 66 116 117 119 120 121 122 124 126 128 132
cat_threshold=547424513 4227160 2097152 0 0 0 0 131072 0 0 0 0 9218 536870912 0 0 0 0 0 8388608 16908288 0 2 0 458753 0 2147483648 0 301989888 1073741824 0 16 0 0 100663360 0 8256 0 0 0 2147483656 16 32 0 0 0 536871424 256 0 0 0 32768 2 1090519040 1073741824 2129920 553664512 691536512 2147488016 131080 3 262144 1075895936 13132312 128 1 0 0 2048 0 524288 2097152 0 37748736 0 0 16384 134291520 0 0 1 0 192 0 0 64 2097152 2164342784 0 0 131072 0 4097 0 34 0 0 0 0 32 536871184 0 65536 0 33554432 0 0 0 0 0 32768 0 0 0 0 131072 2 1358961098 331271 4 1 2 537403925 67108864 570435073 67108864 8421632 516 537133056 1094976512 549455266 1090
is_linear=0
shrinkage=0.05


Tree=31
num_leaves=31
num_cat=10
split_feature=309 17 27 359 29 430 13 421 332 0 1 29 12 147 26 14 26 420 420 282 384 430 2 423 361 3 2 336 430 10
split_gain=6429.43 2865.33 2081.66 2753.03 1438.35 1241.55 1138.66 989.549 948.201 837.954 892.111 801.484 747.151 727.686 699.314 887.766 931.615 994.751 646.573 644.192 612.825 574.174 560.35 559.592 550.765 639.958 555.488 546.699 532.319 533.862
threshold=2.5000000000000004 1.5000000000000002 1.0000000180025095e-35 273.25000000000006 58.500000000000007 0 1 2 1.0000000180025095e-35 131.06250000000003 3 11.500000000000002 4 5.5000000000000009 238.00000000000003 4.5000000000000009 1.5000000000000002 5 6 1.5000000000000002 19.000000000000004 7 3155.0000000000005 8 587.25000000000011 453.50000000000006 2803.5000000000005 16.500000000000004 9 29.500000000000004
decision_type=10 2 2 10 10 9 9 9 10 2 1 8 9 8 2 2 2 9 9 10 10 9 2 9 8 8 2 10 9 8
left_child=1 2 7 5 14 -4 -7 -1 9 13 -11 -5 -13 18 15 16 -3 -18 -8 -10 -9 -19 -6 -24 25 26 -15 -14 -20 -30
right_child=-2 4 3 11 22 6 8 20 19 10 -12 12 27 24 -16 -17 17 21 28 -21 -22 -23 23 -25 -26 -27 -28 -29 29 -31
leaf_value=0.049456166278537265 0.057825991227325041 0.052543677021500416 0.064152152830265041 0.043012791154731347 0.042454035416141817 -0.02631011726571604 -0.038780695369633772 0.030110036746611748 0.031512290227403039 0.075771161052424374 0.018038331684394015 -0.034735485692458781 0.028043327397440723 -0.072202190552847295 0.008663290372163894 0.059939511093839187 0.070115911587271859 0.067984751254076645 -0.067341740235780309 -0.073077844779653581 -0.0034915713639508865 -0.013017723940938168 0.060188567496241012 -0.032725107465571592 -0.020751076952039049 -0.0034932365596174902 0.054356177706257884 -0.054216180275006236 -0.00066328782323023478 0.010857953709441743
leaf_weight=7090.197551690042 14076.542451128364 3272.3527664132416 1155.0101125836372 10142.829282782972 524.12359638139606 1873.1966372095048 767.83312633819878 12393.174026936293 7730.1224806830287 686.205531463027 18958.268150627613 512.69970244914293 11391.315004918724 90.058575488626957 1133.5276151746511 8381.5035955607891 578.41273396462202 237.99653673171997 228.69093156978488 150.08067923784256 1523.761844612658 1848.9995491467416 181.63155065476894 1075.6833092048764 471.54063181579113 740.28858000785112 2326.7620555795729 205.62962824106216 14123.433417063206 34902.34654238075
leaf_count=4922 4868 2607 536 9239 836 15081 6993 18812 13332 1415 75911 2049 19689 533 1695 2781 365 63 1566 547 3161 5001 172 4348 1807 2516 3497 1082 91276 175732
internal_value=0.0255671 0.0224289 0.0198417 0.0170033 0.0415637 0.0128698 0.0121474 0.0342259 0.013038 0.0112677 0.0201028 0.0326443 0.0239599 0.0080327 0.0464681 0.0494608 0.0346694 0.0127249 0.00646434 0.0295203 0.026412 -0.00350023 -0.000978935 -0.0190844 0.029653 0.0371813 0.0496402 0.0265619 0.00717609 0.00753736
internal_weight=158774 144698 127463 106456 17234.2 84203.8 83048.8 21007.1 81175.6 73295.4 19644.5 22252.5 12109.6 53651 15452.8 14319.3 5937.76 2665.41 50022.3 7880.2 13916.9 2087 1781.44 1257.31 3628.65 3157.11 2416.82 11596.9 49254.5 49025.8
internal_count=472432 467564 449696 422801 17868 390742 390206 26895 375125 361246 77326 32059 22820 283920 12512 10817 8036 5429 275567 13879 21973 5064 5356 4520 8353 6546 4030 20771 268574 267008
cat_boundaries=0 51 53 57 58 60 63 66 116 123 174
cat_threshold=0 0 0 0 262144 131136 0 0 0 0 2 0 0 0 0 134217728 0 0 16779264 1048592 131072 0 2147483648 0 0 0 805306368 32 33554432 16 4 0 0 0 64 537001984 0 33554432 2056 0 34 0 0 1073741824 67108864 0 0 0 83886080 32768 5 3732307994 84295680 1658650628 28709912 914360066 1024 2 33554690 67181068 17825873 469762316 1 3221421492 1194115406 32 0 0 0 0 0 0 0 4194304 0 0 0 0 0 0 0 0 0 8388608 0 0 0 0 0 0 0 16777216 0 134217728 0 0 0 0 0 0 0 0 0 40960 2048 16 4098 0 0 0 0 268435456 0 0 0 536870912 16777218 0 0 0 64 0 16392 0 0 0 0 0 0 0 4194304 0 0 1024 286784 16384 0 17301505 0 4288 0 0 0 0 167838720 270592 0 131072 0 4096 134217728 0 0 0 0 536870912 536870912 16 0 65536 0 0 0 0 0 0 0 512 0 0 0 0 0 134742016
is_linear=0
shrinkage=0.05


Tree=32
num_leaves=31
num_cat=11
split_feature=309 7 105 24 430 207 87 430 12 118 421 42 410 430 12 420 29 0 6 12 421 48 2 2 0 336 371 19 8 3
split_gain=6259.13 2743.73 1465.34 1443.84 1364.26 1188.75 1300.07 1184.04 1298.81 1171.55 1009.93 1003.75 966.258 937.54 975.425 904.738 866.525 862.623 841.336 1277.91 1354.07 1104.28 1171.72 1262.88 936.918 1031.39 912.251 861.004 1005.52 1104.62
threshold=2.5000000000000004 0 1.5000000000000002 2.5000000000000004 1 1.5000000000000002 1.0000000180025095e-35 2 3 1.5000000000000002 4 141.50000000000003 314.50000000000006 5 6 7 17.500000000000004 146.06250000000003 223.50000000000003 8 9 10 11840.000000000002 3716.5000000000005 211.18750000000003 1.5000000000000002 250.25000000000003 2.5000000000000004 206.50000000000003 355.50000000000006
decision_type=10 9 8 2 9 8 10 9 9 10 9 10 8 9 9 9 10 2 10 9 9 9 2 2 2 10 10 2 8 8
left_child=1 2 4 7 -1 15 -7 -3 12 13 -10 -12 -9 -6 16 -4 -15 -17 19 -16 -21 26 23 -23 25 -22 -20 -25 -29 -30
right_child=-2 3 5 -5 9 6 -8 8 10 -11 11 -13 -14 14 18 17 -18 -19 21 20 24 22 -24 27 -26 -27 -28 28 29 -31
leaf_value=-0.082633961897263464 0.056839120681821786 0.064341410105616212 0.036225595125263119 0.045622835427378584 0.062940979067523592 0.060265521956991058 0.012377728756512925 0.004685364762189408 -0.025349907659306409 0.040299626636482733 0.021771590624268311 -0.018669875932768452 0.035161412266862639 0.0028463577488690803 0.07348112213032261 -0.016318918932011425 -0.041916173938014223 0.032291531485257992 0.021324497307079152 0.042529479393882061 -0.0017477576606227696 -0.01090512242102184 -0.0082981200246922109 0.015312881307365567 0.021960718284458842 -0.036810887330654074 0.057918088779121003 -0.014899646640619988 0.082182066904354825 0.018087719410874475
leaf_weight=360.55795541778207 13616.599845468998 1913.8584701865911 3257.3227755390108 11780.029090814292 886.76849057525396 4713.6608146205544 2026.6467034742236 2954.2500497065485 1510.1852823719382 3891.2148996628821 14069.495129618794 1722.1024199016392 21742.128802385181 4438.050618827343 630.92770209908485 2599.0462466925383 1429.3800855688751 1406.5484798997641 22768.07573999837 1800.7454517036676 10006.234938625246 3169.6965459771454 6973.3433813154697 7295.9608215689659 3004.6364348120987 2653.4633203744888 1840.8143470622599 570.35465810447931 1768.7397922202945 1084.3328417614102
leaf_count=2199 4868 587 7649 12876 507 2985 4295 10226 8797 4944 35950 9330 42058 17890 1092 14251 11320 3057 90466 2720 57360 15743 39103 32754 9290 16786 1969 3375 3501 4484
internal_value=0.0244344 0.0213759 0.015902 0.0300739 0.013117 0.0307446 0.0458668 0.0259095 0.024137 0.0135915 0.0136108 0.0173504 0.031503 0.0121156 0.0114558 0.0167105 -0.00804465 0.000748576 0.0132567 0.00414043 0.00159251 0.0168875 0.00842492 0.0168211 -0.00313767 -0.00909696 0.0240618 0.0250197 0.0457067 0.0578225
internal_weight=157885 144269 88576.5 55692 74573.3 14003.2 6740.31 43912 41998.2 74212.7 17301.8 15791.6 24696.4 70321.5 69434.8 7262.92 5867.43 4005.59 63567.3 18096 17465.1 45471.3 20862.4 13889.1 15664.3 12659.7 24608.9 10719.4 3423.43 2853.07
internal_count=472432 467564 347740 119824 315503 32237 7280 106948 106361 313304 54077 45280 52284 308360 307853 24957 29210 17308 278643 87248 86156 191395 98960 59857 83436 74146 92435 44114 11360 7985
cat_boundaries=0 1 51 102 104 108 159 161 164 166 169 170
cat_threshold=12 0 0 0 0 262144 2097152 0 33554432 33554432 0 0 134479872 16384 0 1 16384 193 0 0 67108928 2621440 2147484672 8196 0 131072 0 0 0 2 0 0 0 536870912 0 536870928 0 0 64 33554440 256 0 0 0 0 512 0 0 16777216 0 2147483648 67108864 0 0 0 262144 0 0 0 0 0 2 0 0 0 0 0 1 0 16908352 18 131072 18432 2147483776 16 2147483648 0 16 0 33554432 0 0 0 35651584 268435456 0 0 0 64 1050632 262144 32 0 0 0 67108864 0 0 16777216 16384 32768 65536 914472976 2097240 1092648960 3225487008 1597457 1408 1075838976 0 4096 0 0 8388608 0 0 0 0 524288 4096 256 268435456 131072 134217728 0 8388608 0 1048576 0 0 65545 131088 0 0 0 0 131072 0 0 0 64 0 0 131072 2147483648 0 2048 4194304 4098 0 0 3489660928 0 268435456 0 0 0 536870912 33554433 483281096 55956355 87571 790951941 5 2199916801 1056 5308416 271777857 81265410 1
is_linear=0
shrinkage=0.05


Tree=33
num_leaves=31
num_cat=13
split_feature=238 96 7 421 430 430 363 13 32 24 26 45 63 184 3 3 430 3 423 38 420 13 29 12 421 0 12 15 371 126
split_gain=6147.92 2647.82 1933.82 1406.74 1163.3 1120.66 1170.04 1278.84 1025.03 885.759 1343.86 933.05 927.158 1029.2 868.247 831.911 720.907 691.075 716.604 688.664 665.259 661.916 659.772 758.014 617.469 714.269 638.915 605.128 601.867 591.996
threshold=1.5000000000000002 2.5000000000000004 0 1 2 3 86.968750000000014 4 2.5000000000000004 1.5000000000000002 8.5000000000000018 5 1.5000000000000002 566.26000976562511 553.50000000000011 547.50000000000011 6 545.50000000000011 7 25.500000000000004 8 9 54.500000000000007 10 11 43.953125000000007 12 182.50000000000003 225.94999694824222 1.0000000180025095e-35
decision_type=10 10 9 9 9 9 8 9 10 2 2 9 10 8 10 10 9 10 9 10 9 9 10 9 9 2 9 2 10 10
left_child=1 2 3 -1 -4 -5 7 17 9 11 -11 -6 13 -12 15 28 -13 -7 -19 -8 -18 -9 -23 -24 -22 -26 -27 -17 -10 -3
right_child=-2 29 4 5 8 6 19 21 14 10 12 16 -14 -15 -16 27 20 18 -20 -21 24 22 23 -25 25 26 -28 -29 -30 -31
leaf_value=-0.022820093297752055 0.05287394436773956 0.058858565111113904 -0.079491376063931071 0.062939634920656948 0.034069154524156015 0.041145061109994802 0.04706643797227885 -0.063668449540857819 0.0046327988610125308 0.036925476637590986 0.011964632278814988 0.062423685095544967 0.062151367228858501 -0.059582805566344613 -0.028662205579496083 0.071608643057711405 -0.031209970605248299 0.043267225662747967 -0.013799048483047064 0.0089671912159712316 0.030296195707845849 0.019310362738059469 0.021509719711031019 -0.031884352035678354 -0.0056768611917298621 0.050445138967403318 0.010785286425911946 0.45122085445178312 0.051923933103016462 -0.0034391160025262278
leaf_weight=1403.6071641631424 15834.533318988979 5049.2047517672181 321.33739758096635 2177.9685048982501 4777.8846403881907 9896.3925526216626 8344.0772007368505 251.43540412187576 17802.548204202205 12054.645062316209 9106.4554788507521 650.06680651009083 861.60603761672974 531.99773500114679 1777.881879158318 351.15992847830057 960.14835894480348 943.01829321309924 1294.9522915482521 1382.6164933368564 3633.3449009917676 21754.006341133267 1233.5113683789968 1419.6912989877164 6912.8984413035214 1052.0570589564741 24228.595401972532 10.821516156196592 699.21691709011793 412.49620279669762
leaf_count=8337 7767 2129 2061 640 14087 14414 7162 1984 107759 23585 36872 424 431 2150 14395 780 6329 1468 4817 3133 8707 58925 4582 10262 34047 2583 90155 6 1243 1198
internal_value=0.0233302 0.0200193 0.0186468 0.0264528 0.0140803 0.0278774 0.0262227 0.0221512 0.0144416 0.0175355 0.0255348 0.0132615 0.0124578 0.00801555 0.00474055 0.00788871 0.010606 0.0354415 0.0103788 0.0416508 0.00967071 0.0155905 0.0164327 -0.0070998 0.0107747 0.00856279 0.01246 0.0829572 0.00642002 0.0541535
internal_weight=157130 141296 135834 50101.3 85732.7 48697.7 46519.7 36793 85411.3 64769.7 22554.7 42215 10500.1 9638.45 20641.6 18863.7 37437.1 12134.4 2237.97 9726.69 36787 24658.6 24407.2 2653.2 35826.9 32193.6 25280.7 361.981 18501.8 5461.7
internal_count=472432 464665 461338 115724 345614 107387 106747 96452 343553 219370 63038 156332 39453 39022 124183 109788 142245 20699 6285 10295 141821 75753 73769 14844 135492 126785 92738 786 109002 3327
cat_boundaries=0 1 4 52 103 105 106 157 164 167 169 171 175 177
cat_threshold=2 18878464 2147549346 24593 0 0 0 0 262144 2097152 0 33554432 33554432 0 0 134479872 0 0 1 67125248 65 5242880 0 67108928 0 2147484672 8196 0 131072 0 0 0 2 0 0 0 536870912 0 536870928 0 67108864 64 33554440 256 24576 0 0 0 0 0 0 16777216 0 0 0 0 262144 0 0 0 0 128 2 536870912 0 8 134217728 0 0 0 16908288 16 0 2048 136 0 2147483648 0 16 0 33554432 0 0 0 64 32 64 0 0 33554432 2056 262144 32 0 0 0 536870912 0 8192 16778240 16384 32768 65536 545328388 100663386 1 0 0 0 0 0 8519872 0 268435456 0 0 1024 0 0 268435456 131072 0 0 0 0 1048576 0 0 67109128 2048 0 0 4194305 1073741824 0 16 0 256 0 0 0 0 268435456 73728 2048 4325376 0 0 0 3221225472 67108864 0 0 8388608 16777216 536870912 67108868 536870928 67648 4096 16842752 134218432 0 163840 1899145416 3503948042 96 3525476376 393248 638124048 4194304 10551300 1351680104 377489299 1024 1660951297 67109984
is_linear=0
shrinkage=0.05


Tree=34
num_leaves=31
num_cat=9
split_feature=309 17 27 359 29 430 13 421 332 29 12 0 1 26 14 26 420 420 423 12 284 89 8 70 2 8 6 2 31 22
split_gain=6004.36 2572.02 1879.68 2366.26 1313.8 1077.91 986.503 930.68 810.623 758.094 706.475 699.071 804.739 676.536 932.818 868.147 912.369 652.148 768.679 646.278 579.506 553.462 627.006 601.417 824.187 842.435 821.994 790.744 738.664 725.7
threshold=2.5000000000000004 1.5000000000000002 1.0000000180025095e-35 273.25000000000006 58.500000000000007 0 1 2 1.0000000180025095e-35 11.500000000000002 3 131.06250000000003 4 238.00000000000003 4.5000000000000009 1.5000000000000002 5 6 7 8 1.5000000000000002 1.5000000000000002 305.50000000000006 1.0000000180025095e-35 2582.0000000000005 309.00000000000006 223.50000000000003 2884.5000000000005 93.500000000000014 10.500000000000002
decision_type=10 2 2 10 10 9 9 9 10 8 9 2 1 2 2 2 9 9 9 9 10 10 10 8 2 8 10 2 10 2
left_child=1 2 7 5 13 -4 -7 -1 10 -5 -8 17 -13 14 15 -3 -17 -12 -19 -11 -10 23 -23 24 -20 26 27 -26 -25 -28
right_child=-2 4 3 9 -6 6 8 -9 20 19 11 12 -14 -15 -16 16 -18 18 21 -21 -22 22 -24 28 25 -27 29 -29 -30 -31
leaf_value=0.045940359709877913 0.05513791443368779 0.048459243332590857 0.060277610777629387 0.039275676580592569 -0.002834097555943839 -0.026099506545357077 0.041088729756553317 0.023248532050065867 0.027960917751094869 -0.038677982649545098 0.050678007036953014 0.069034360806674203 0.014449785193571261 0.0052778531282999652 0.057303801211027322 0.065401674240130478 -0.0060257155449329192 -0.035674846828038363 -0.042596171533776178 0.022791113964519667 -0.068327509920648885 0.010369013145072714 0.051890875540963291 0.0053120154079486157 0.11752432803076995 0.0010109730669876861 0.04586189058759587 -0.012819160755214923 -0.010727991899028871 -0.060736321981880059
leaf_weight=6813.1944829300046 12769.704585105181 3145.2397633120418 1065.3738484308124 9830.736134365201 1758.0922307930887 1854.5786279607564 1676.0297650918365 13696.314257897437 7668.3890428952873 436.47057526186109 772.19903062283993 692.33538466319442 18792.901940625161 1104.0175470709801 7759.0936072766781 560.87479401379824 2059.0774865970016 1144.5636012945324 596.19688501954079 11527.038365330547 159.51112341880798 3090.6463511772454 1288.136600188911 26260.118647405878 127.30444405972958 4228.0925202332437 4064.6397737748921 1353.2458654940128 9877.2916155233979 166.18835530057549
leaf_count=4950 4868 2607 540 9239 5356 15048 5814 21945 13318 1797 1612 1373 74483 1695 2781 365 5064 9212 4106 21023 575 8662 3433 134229 311 21875 16187 8778 69761 1425
internal_value=0.0222823 0.0193599 0.0169577 0.0142924 0.0380043 0.0105188 0.00987796 0.0308204 0.0106952 0.0289885 0.00908058 0.00833334 0.0164321 0.0429125 0.0459847 0.0307508 0.00949196 0.00535567 0.00467457 0.0205352 0.0259988 0.00558599 0.0225838 0.00399249 0.0145042 0.0179292 0.0304536 -0.00161164 0.000927865 0.0416747
internal_weight=156338 143568 127181 106672 16386.4 84877.7 83812.4 20509.5 81957.8 21794.2 74129.9 72453.9 19485.2 14628.3 13524.3 5765.19 2619.95 52968.6 52196.4 11963.5 7827.9 51051.9 4378.78 46673.1 10535.7 9939.47 5711.38 1480.55 36137.4 4230.83
internal_count=472432 467564 449696 422801 17868 390742 390202 26895 375154 32059 361261 355447 75856 12512 10817 8036 5429 279591 277979 22820 13893 268767 12095 256672 52682 48576 26701 9089 203990 17612
cat_boundaries=0 51 53 57 59 60 63 65 71 73
cat_threshold=0 0 0 0 262144 131136 0 0 0 0 2 0 0 0 0 134217728 0 0 16779264 1048656 131072 0 2147483648 0 0 0 805306368 32 33554432 16 0 0 0 0 64 537001984 0 33554432 2056 0 34 0 0 1073741824 0 0 0 0 83886080 32768 1 3598090266 84295680 1658658820 28709912 914360066 1024 1644171553 67109456 2 17825873 469762316 1 3 684732416 3238002960 65536 2101248 553648128 688914848 2147745792 33554690 6668
is_linear=0
shrinkage=0.05


Tree=35
num_leaves=31
num_cat=14
split_feature=309 17 27 359 29 430 13 421 134 29 10 45 430 12 26 14 26 420 48 12 12 2 421 420 47 421 384 105 2 3
split_gain=5823.59 2442.85 1738.25 2174.2 1233.4 1035.78 908.363 894.268 775.275 712.25 688.165 848.341 741.33 670.668 620.542 944.256 821.739 850.289 619.777 709.524 598.31 594.046 578.193 583.914 577.168 570.863 547.413 545.226 541.492 525.444
threshold=2.5000000000000004 1.5000000000000002 1.0000000180025095e-35 273.25000000000006 62.500000000000007 0 1 2 1.5000000000000002 11.500000000000002 73.500000000000014 3 4 5 238.00000000000003 4.5000000000000009 1.5000000000000002 6 7 8 9 11378.500000000002 10 11 12 13 19.000000000000004 1.5000000000000002 3155.0000000000005 127.50000000000001
decision_type=10 2 2 10 10 9 9 9 10 8 8 9 9 9 2 2 2 9 9 9 9 2 9 9 9 9 10 10 2 8
left_child=1 2 7 5 14 -4 -7 -1 10 -5 13 29 -13 -8 15 16 -3 -18 20 -20 -11 22 -14 -24 -15 -23 -9 -25 -6 -12
right_child=-2 4 3 9 28 6 8 26 -10 18 11 12 21 24 -16 -17 17 -19 19 -21 -22 25 23 27 -26 -27 -28 -29 -30 -31
leaf_value=0.044498668573653991 0.054261214979877619 0.046732769962345995 0.061263740103864012 0.037779647801659183 0.039694207033780425 -0.025356746333026915 0.048800109330176367 0.025664696269708027 0.031411705128420966 -0.037215453392847965 0.068326623979141035 -0.068721013913790041 0.075338086396424905 0.010938603672295251 0.0058418576303396951 0.056240685219520518 0.063274200260576563 -0.0061001397192831748 -0.04186036250526589 0.013539850878679694 0.032687143704327515 -0.030054317317207042 0.051358000400703631 0.011786423280961553 -0.005134624528811093 0.0058051468597512829 -0.0063196057883439741 0.057625773268240636 -0.021777920585131959 0.024673122295046621
leaf_weight=6703.3913064971566 12338.201623767614 3097.5786122493446 963.83294232189655 9712.084622271359 511.49121175333858 1832.2791590951383 738.10168910771608 12136.13428568095 4078.0957448855042 315.14061480015516 828.38385318592191 285.81676931865513 382.0355463437736 8792.5553787611425 1119.2602774947882 7533.7133653014898 551.16834316030145 2071.2461111731827 653.62278046086431 4482.5059731118381 6489.1799499988556 1181.1184174455702 1010.2499625235796 28530.234274335206 15310.855946179479 16294.462153039873 1503.49992082268 663.78602661564946 1195.6738535314798 4106.6118900105357
leaf_count=4954 4868 2611 459 9239 826 15092 2457 18780 10375 1102 2134 2207 514 29269 1702 2795 363 5119 2833 9456 9429 6654 2489 122859 102223 77028 3161 866 4452 16116
internal_value=0.021302 0.0184597 0.0161349 0.01358 0.0368202 0.00997685 0.00938021 0.0295288 0.0101575 0.0277246 0.00904931 0.0122535 0.0102378 0.00217661 0.0415927 0.0446118 0.0292955 0.0086987 0.019546 0.00643449 0.029443 0.0107195 0.0149235 0.0141297 0.000728341 0.00336764 0.0221228 0.0128243 -0.00335999 0.0320008
internal_weight=155412 143074 126994 106651 16080.1 84998.4 84034.6 20343 82202.3 21652.5 78124.2 53282.7 48347.7 24841.5 14373 13253.7 5719.99 2622.41 11940.4 5136.13 6804.32 48061.9 30586.3 30204.3 24103.4 17475.6 13639.6 29194 1707.17 4935
internal_count=472432 467564 449696 422801 17868 390742 390283 26895 375191 32059 364816 230867 212617 133949 12590 10888 8093 5482 22820 12289 10531 210410 126728 126214 131492 83682 21941 123725 5278 18250
cat_boundaries=0 51 53 57 58 109 111 114 115 117 119 123 126 127 131
cat_threshold=0 0 0 0 0 131264 0 0 0 0 524290 0 0 0 0 134217728 0 0 16779264 1048592 131072 0 2147483648 0 0 0 805306368 32 33554432 0 4 0 0 0 64 537001984 0 33554432 2056 0 34 0 0 1073741824 0 0 0 1024 83886080 32768 1 3732307994 84295680 1658658820 28709912 914360070 1024 1 0 0 0 0 524288 0 0 272629760 2 0 0 90112 16384 0 1 0 4160 0 0 67108864 0 134414336 8448 0 131072 0 0 0 0 0 0 0 671088640 536870912 16 0 67174400 256 0 256 8192 0 0 0 512 0 0 0 0 0 151552000 1644204321 67108932 17825873 201326860 33 1 2189426950 68108 1107820554 4108 2155941888 536870913 69207648 1056 16777475 206581768 65 2 2157973504 1105311458 67126033 1922
is_linear=0
shrinkage=0.05


Tree=36
num_leaves=31
num_cat=13
split_feature=295 96 430 0 420 1 4 358 430 12 13 42 10 368 430 1 13 336 42 24 33 12 12 14 31 12 430 3 6 18
split_gain=5669.81 2336.62 1905.76 1638.43 1489.56 1335.3 1228.6 1683.73 1285.83 1177.49 1081.64 845.277 908.6 726.022 719.063 715.331 1136.9 708.08 693.038 987.198 643.972 624.29 608.514 656.151 681.06 632.168 608.155 604.993 634.892 602.51
threshold=1.5000000000000002 2.5000000000000004 0 131.06250000000003 1 2 180.50000000000003 135.07975006103518 3 4 5 76.500000000000014 1.5000000000000002 360.23289489746099 6 7 8 12.500000000000002 25.500000000000004 2.5000000000000004 257.50000000000006 9 10 1.5000000000000002 361.50000000000006 11 12 318.50000000000006 224.50000000000003 1.0000000180025095e-35
decision_type=10 10 9 2 9 1 8 8 9 9 9 10 8 10 9 1 9 10 10 2 10 9 9 2 8 9 9 10 8 2
left_child=1 2 -1 4 -4 -5 7 15 -8 -7 14 -9 21 18 -10 16 -6 22 19 29 -12 -13 -14 24 25 -24 -16 -25 -29 -11
right_child=-2 -3 3 5 6 9 8 11 10 13 20 12 17 -15 26 -17 -18 -19 -20 -21 -22 -23 23 27 -26 -27 -28 28 -30 -31
leaf_value=0.060228044397118458 0.05151772049004142 0.051549819133125313 -0.026296970559863464 0.055192039874764787 0.054002586146684378 -0.00087462463223663572 -0.083090965313147025 0.027204914268074743 0.054817412343469374 0.026844248589568732 0.035699829466745249 0.072373474983068481 0.069105397634962054 0.038413517390285645 -0.081102611428839441 -0.018890944412286462 0.0033841127362434103 -0.068443354947204271 0.009635059330854033 0.058082645044257475 -0.022017839901106756 0.01271583722407757 0.056824881634777037 -0.026054271894261911 0.045908745113206265 -0.0291148251806112 0.006927007000123709 -0.027872614681007997 0.015895956725819088 0.0028073977941152784
leaf_weight=2407.365191668272 13343.231696039438 4842.584099855274 2517.3888810314238 3061.0075648613274 1134.9317603893578 5373.521277397871 271.39517482742667 14602.77994665131 777.35045922547579 13133.336433429271 12496.14328872785 865.0842584297061 356.88304187729955 7220.2706582248211 192.29066993668675 3428.487462669611 35822.512417443097 330.8884936645627 9479.043620031327 2153.396906517446 502.71101103723049 909.85151766240597 283.32771423831582 2230.3880593068898 1551.0738024525344 782.41969911381602 6558.4446496590972 1081.6837266720831 3540.4180198572576 3252.7338914126158
leaf_count=929 6385 3234 16003 3057 1437 20984 1633 27539 646 25818 17438 1054 644 7267 1100 16652 200185 1812 38168 2385 1463 3749 509 11531 4363 4126 18834 6421 12050 15016
internal_value=0.0203639 0.0174191 0.0162066 0.0154096 0.0115631 0.0233606 0.0126512 0.00935376 0.023267 0.0209427 0.0247016 0.0191381 0.00926573 0.0242689 0.00958518 0.00292513 0.00495275 0.00349799 0.0206325 0.0262554 0.033442 0.0422717 0.00592055 0.00346258 0.0247648 -0.00600785 0.00430328 -0.00466723 0.00565305 0.0220728
internal_weight=154503 141160 136317 133910 90236.5 43673.3 87719.1 66920.7 20798.3 40612.3 20526.9 26534.8 11932 35238.8 7528.09 40385.9 36957.4 10157.1 28018.5 18539.5 12998.9 1774.94 9826.19 9469.31 2616.82 1065.75 6750.74 6852.49 4622.1 16386.1
internal_count=472432 466047 462813 461884 349189 112695 333186 292072 41114 109638 39481 73798 46259 88654 20580 218274 201622 41456 81387 43219 18901 4803 39644 39000 8998 4635 19934 30002 18471 40834
cat_boundaries=0 50 53 54 105 107 109 160 161 163 165 167 168 209
cat_threshold=1140850688 0 0 0 0 64 0 268435456 0 0 0 536875008 0 268435464 0 0 0 8388608 16908288 1048592 0 0 8 16 0 0 0 1073741856 33554432 0 0 0 33554496 0 0 131072 0 33619968 2048 0 2 0 0 3221225472 67108864 0 0 0 16793600 536903680 3891946428 2198340034 2 2 131072 514 0 0 8 512 0 0 33554432 0 49152 0 16384 0 1 18432 33554496 2621440 0 0 1 150995968 8192 0 131072 0 0 1 34 0 0 0 537919488 0 536870912 0 65536 0 0 256 0 0 0 0 0 0 0 0 0 0 524288 2189961282 4579079 3322413058 41943072 2097152 0 0 524288 0 0 0 0 0 0 0 0 0 0 134348800 0 0 0 0 32 0 67371008 4653056 0 0 0 436207616 2 0 18 0 0 67108864 0 8192 0 0 32832 2147483648 16 2097152 1024 0 0 536871424 4194304 0 0 4 8192 32768 26 579338240 201326664 513 2097152 1107301376 67108868 524292 0 0 2048 0 524288 2097152 0 37748736 0 0 0 73792 0 0 524288 0 4224 1048576 0 64 0 81924 4 0 0 0 4096 0 0 0 0 0 2048 32 272 0 0 8192 35651584 262144 4096
is_linear=0
shrinkage=0.05


Tree=37
num_leaves=31
num_cat=8
split_feature=309 17 27 332 0 29 324 430 48 2 2 347 6 2 9 12 45 421 6 12 207 336 38 12 29 420 30 182 26 14
split_gain=5509.98 2243.74 1548.23 2003.27 1167.85 1140.48 1049.79 986.185 1095.46 1334.21 1143.09 936.975 968.714 909.27 863.282 816.36 900.274 813.784 768.96 747.803 715.723 705.27 760.837 693.75 663.082 660.198 638.368 634.534 616.512 939.88
threshold=2.5000000000000004 1.5000000000000002 1.0000000180025095e-35 1.0000000180025095e-35 237.06250000000003 58.500000000000007 9.2187500000000018 0 1 11840.000000000002 8965.5000000000018 2.5000000000000004 109.00000000000001 10112.500000000002 82.500000000000014 2 3 4 215.50000000000003 5 1.5000000000000002 6.5000000000000009 14.500000000000002 6 5.5000000000000009 7 373.50000000000006 309.50000000000006 238.00000000000003 5.5000000000000009
decision_type=10 2 2 10 2 10 10 9 9 2 2 10 8 2 10 9 9 9 8 9 10 8 8 9 10 9 8 10 2 2
left_child=1 2 14 4 7 28 -5 -4 11 10 15 12 -9 17 26 -10 -17 -12 23 -19 25 -20 -23 -14 -11 -16 -1 -6 29 -3
right_child=-2 5 3 6 27 -7 -8 8 9 24 13 -13 18 -15 20 16 -18 19 21 -21 -22 22 -24 -25 -26 -27 -28 -29 -30 -31
leaf_value=-0.00082273982306397544 0.052687459226826452 0.028940597386895157 0.058967524902187533 0.031985030780229136 0.017169944733973392 -0.0033864120900550889 -0.041889104517933588 0.044934707744263495 0.053558937399668986 -0.0031347249270378568 -0.030929768094461664 0.045631048560249764 0.054484072970396813 0.0013898098917203723 -0.058798436259048042 -0.020976225686260824 0.0046366366869838209 0.018956545223850572 0.015476016596015532 0.055700124976665759 0.05965700342481383 0.061234562916641526 -0.049082439540171517 -0.0084417065816299545 -0.025427587309343191 0.018092858077251379 0.046927641137648558 0.043390118418589696 0.0033713260046877194 0.056156621475334859
leaf_weight=789.21456523239613 11542.130078569055 6308.6843499019742 888.67116674780846 13997.875942733139 12957.923398301005 1743.8969783857465 498.01050870865583 1956.7036010734737 669.52729834616184 8773.0065651852638 457.09552039019763 2065.5352833792567 455.51634218543768 3664.45102840662 276.92249123752117 4706.947834610939 12654.496881006286 2696.3036796562374 20590.056101199239 2917.3700618669391 1033.0406200289726 194.10496032238007 802.38453272730112 7435.9962472729385 5381.8661799281836 11698.785075232387 6187.2407775372267 2807.2971074879169 1085.8331285864115 6380.6001760810614
leaf_count=1303 4868 8512 485 18812 41073 5356 1542 3599 2717 44782 2830 2539 1144 18269 1034 30172 58740 10434 89431 7434 324 123 3324 45150 37126 20141 4093 3075 1695 2305
internal_value=0.0194643 0.0167652 0.0145649 0.0121701 0.00945004 0.0347087 0.0294471 0.00689056 0.0062683 0.000882349 0.00725119 0.01301 0.0108665 0.0210578 0.0273355 -0.000203258 -0.00230607 0.0329299 0.00860509 0.0381169 0.0197254 0.0134878 -0.0275939 -0.00475114 -0.0116108 0.0162809 0.0415259 0.0218389 0.0395315 0.0426257
internal_weight=153617 142075 126556 106571 92075.3 15519 14495.9 76310 75421.4 41921.1 27766.2 33500.3 31434.8 9735.22 19985.2 18031 17361.4 6070.77 29478.1 5613.67 13008.7 21586.5 996.489 7891.51 14154.9 11975.7 6976.46 15765.2 13775.1 12689.3
internal_count=472432 467564 449696 422801 402447 17868 20354 358299 357814 212504 130596 145310 142771 38967 26895 91629 88912 20698 139172 17868 21499 92878 3447 46294 81908 21175 5396 44148 12512 10817
cat_boundaries=0 51 52 54 55 59 61 63 66
cat_threshold=0 0 0 0 0 192 0 0 0 0 524290 0 0 0 0 134217728 0 0 2048 1048656 131072 262144 2147483648 0 0 0 268435457 32 0 16 4 0 0 0 0 537001984 0 33554432 2048 131072 34 0 0 1073741824 0 256 0 1024 67108864 32768 5 1 1644176640 67174468 2 1076101120 1074037760 1057153 130 1149829901 71368708 2726297601 1536 1628577792 22151425 64
is_linear=0
shrinkage=0.05


Tree=38
num_leaves=31
num_cat=9
split_feature=240 21 27 29 430 407 35 359 26 26 14 106 420 138 0 89 420 14 27 24 12 420 2 22 1 12 423 421 3 8
split_gain=5328.46 2376.18 1784.59 1910.18 1082.85 1061.46 1015.69 889.899 894.697 876.159 885.061 829.881 789.04 758.992 747.465 942.176 766.141 719.138 657.652 881.418 622.048 607.388 606.486 568.28 602.706 563.783 560.729 907.056 518.79 510.027
threshold=1.5000000000000002 3.5000000000000004 1.0000000180025095e-35 25.500000000000004 0 169.50000000000003 81.343750000000014 342.00999450683599 1.5000000000000002 25.500000000000004 4.5000000000000009 2.5000000000000004 1 1.5000000000000002 131.06250000000003 1.5000000000000002 2 2.5000000000000004 86.500000000000014 83.500000000000014 3 4 13832.500000000002 7.5000000000000009 5 6 7 8 160.50000000000003 305.50000000000006
decision_type=10 2 2 8 9 10 10 10 2 2 2 10 9 10 2 10 9 2 2 2 9 9 2 2 1 9 9 9 10 10
left_child=1 2 5 7 -5 17 14 8 11 10 22 -4 -11 -14 15 16 -6 21 19 20 -18 -1 -3 24 -16 -26 -23 -28 -25 -17
right_child=-2 9 3 4 6 -7 -8 -9 -10 12 -12 -13 13 -15 23 29 18 -19 -20 -21 -22 26 -24 28 25 -27 27 -29 -30 -31
leaf_value=-0.065346127974766605 0.05100184977547785 0.029186478354515849 0.038096885397558282 0.059538793607779174 -0.039132514376740729 0.044036937183067872 -0.022350185770800182 0.034403668703575606 0.0091527484553335196 0.060242964547780845 0.05416544554686599 -0.0335256150303972 -0.027987549522017086 0.047368823445728639 0.060138057304674322 0.01447629120235684 -0.028133359284420501 0.053157967593364934 -0.038753747347538441 0.15369140211135748 0.0049927564660064861 0.041206988881502399 -0.041858277851225693 -0.048525937884513433 -0.0076930842849503543 0.014914528428209853 -0.048822686804186471 0.016211418143579768 0.050933767528482589 0.051006916198202856
leaf_weight=216.3505729585886 11723.685306988657 1910.4188923016191 5310.1660645119846 973.88141451776028 1073.9874526634812 6571.322068810463 2888.7386730574071 10027.259343363345 13756.096028715372 572.45122945308685 6689.7883412539959 437.78622721135616 1218.5443427748978 460.39532864093781 648.93788236007094 2777.8577098846436 1455.102376434952 1448.6414619982243 907.17433292418718 98.44558198004961 43573.680028419942 2068.6349201053381 356.44604536518455 142.90942475199699 3237.5511082969606 18503.152265891433 557.31229944527149 10013.813022479415 1588.0263901501894 1456.4270228371024
leaf_count=866 5702 2793 7318 508 8983 4539 17888 9867 40874 223 2699 1243 3185 304 1240 7278 11666 717 9070 215 225944 1866 1169 830 15905 63418 1802 17653 3414 3253
internal_value=0.0186135 0.0159194 0.0140112 0.0114431 0.00740191 0.0274023 0.00674541 0.0222985 0.0160751 0.0380072 0.0450161 0.0326418 0.0101239 -0.00728012 0.00786009 0.00444932 0.00241866 0.0197607 0.00339582 0.00424388 0.00391715 0.0159975 0.0180153 0.0151202 0.0129863 0.0115459 0.0174277 0.0127399 0.0427222 0.0270414
internal_weight=152665 140941 129733 108857 79325.9 20876.1 78352 29531.3 19504 11208 8956.65 5747.95 2251.39 1678.94 75463.3 51342.7 47108.4 14304.8 46034.4 45127.2 45028.8 12856.1 2266.86 24120.6 22389.6 21740.7 12639.8 10571.1 1730.94 4234.28
internal_count=472432 466730 456357 428914 369612 27443 369104 59302 49435 10373 6661 8561 3712 3489 351216 266409 255878 22904 246895 237825 237610 22187 3962 84807 80563 79323 21321 19455 4244 10531
cat_boundaries=0 51 54 57 59 62 63 65 72 75
cat_threshold=1073741824 0 4096 0 0 8519744 0 0 512 0 2 0 256 0 131072 134217728 0 0 16777216 1048592 0 0 0 0 0 0 536870912 32 0 0 4 0 0 0 64 536870912 0 33619968 2048 262144 2 0 0 1342177280 0 256 0 0 83902464 32768 1 268439568 2147491844 1 3489852860 1194119426 54 1105349336 50845955 554835968 5374209 64 2 3523750466 4573963 2684354834 76800 1073745920 16777216 65792 278560 33280 0 2149617792 25217
is_linear=0
shrinkage=0.05


Tree=39
num_leaves=31
num_cat=12
split_feature=309 7 24 430 21 26 430 12 347 45 430 336 423 421 134 86 28 40 423 10 42 27 14 207 47 2 12 14 421 6
split_gain=5184.38 2086.56 1254.89 1150 1130.27 1014.24 966.507 949.153 944.285 936.437 985.635 931.501 892.792 863.367 814.759 805.198 782.853 771.625 758.388 748.056 693.614 685.299 859.754 666.071 660.18 650.117 632.114 614.165 611.195 859.188
threshold=2.5000000000000004 0 2.5000000000000004 1 3.5000000000000004 32.500000000000007 2 3 2.5000000000000004 4 5 6.5000000000000009 6 7 2.5000000000000004 1.0000000180025095e-35 242.50000000000003 6.5000000000000009 8 73.500000000000014 141.50000000000003 2.5000000000000004 7.5000000000000009 1.5000000000000002 9 6395.0000000000009 10 2.5000000000000004 11 225.50000000000003
decision_type=10 9 2 9 2 2 9 9 10 9 9 8 9 9 10 8 8 10 9 10 10 2 2 10 9 2 9 2 9 8
left_child=1 2 5 -3 8 6 -1 12 9 19 -11 14 -8 -9 17 27 -6 23 -15 24 -20 -4 25 26 -5 -23 -12 -13 -28 -30
right_child=-2 3 21 4 16 -7 7 13 -10 10 11 15 -14 18 -16 -17 -18 -19 20 -21 -22 22 -24 -25 -26 -27 28 -29 29 -31
leaf_value=0.059239643658899888 0.051216665031142763 -0.083612732655153912 0.051726879752035507 -0.010050743362038173 0.038509533067938764 -0.068797430589904465 -0.041448807716290274 -0.01562461058043218 0.035343125300682489 0.055868531652372801 0.054408105975633392 -0.061448830560758998 0.026334140732241652 0.065654840341719423 0.053876431064951928 -0.053308252875295052 -0.05241361169619714 -0.053531651388551593 0.015748895337699725 0.041373587186565294 -0.021671077511227002 0.027749048149463204 0.037552310196091447 0.058029872001488486 0.022253919256129379 -0.042405008544651894 0.023980749661534191 0.038806496006169387 -0.0029380487714365353 0.0092967788821039822
leaf_weight=1503.2477011829615 10781.20874542743 313.43294896557927 5101.2645035721362 2188.8518213741481 4747.168699003756 324.40757756307721 488.99623535200953 2861.7690326236188 3387.0151122845709 973.8520353063941 652.72043978609145 209.18568267673254 23199.493233112618 679.89982363581657 894.40901472046971 1228.439298633486 249.16565513238311 542.92523294314742 11826.425632229075 3390.3861619196832 1383.2109827436507 633.08365697786212 4065.712807007134 616.94865373522043 5699.7279413677752 690.34267188981175 4086.3607090115547 566.3253688775003 25307.799968510866 33138.892764324322
leaf_count=537 4868 1969 3478 8789 4042 2100 3220 13630 5230 593 1487 1012 47966 981 868 5616 1288 2425 30107 7678 7729 1192 5299 270 23123 2743 9570 1035 126496 147091
internal_value=0.0177987 0.0152426 0.0231086 0.0105334 0.0108786 0.0192713 0.0199524 0.0184728 0.00948763 0.00838604 0.00617946 0.00545072 0.024918 0.00934906 0.00648292 -0.028126 0.0339752 0.00582414 0.0145021 0.021732 0.0118216 0.0385917 0.0261582 0.00632923 0.0132903 -0.00884561 0.00582442 0.0117637 0.00530776 0.00399833
internal_weight=151733 140951 52757.9 88193.6 87880.2 42267.5 41943 40439.8 82883.8 79496.8 68217.9 67244 23688.5 16751.3 65240.1 2003.95 4996.33 64345.6 13889.5 11279 13209.6 10490.4 5389.14 63802.7 7888.58 1323.43 63185.8 775.511 62533.1 58446.7
internal_count=472432 467564 118982 348582 346613 106270 104170 103633 341283 336053 296463 295870 51186 52447 288207 7663 5330 287339 38817 39590 37836 12712 9234 284914 31912 3935 284644 2047 283157 273587
cat_boundaries=0 1 49 99 101 102 153 159 163 170 171 173 177
cat_threshold=2 0 0 0 524288 262144 2097152 0 33554432 33554432 0 16384 134479872 16384 0 1 67125248 129 0 0 67108928 524288 2147484672 8196 0 131072 0 0 0 0 0 0 0 536870912 0 536870928 0 0 64 33554440 256 16384 0 0 0 512 0 0 16777216 67108864 0 0 0 262144 0 0 0 0 0 0 0 0 0 0 0 1 4194304 16908352 18 131072 2048 2147483776 16 2147483648 0 16 0 33554432 0 0 0 35651584 268435456 0 0 0 64 1050632 262144 32 0 0 0 67108864 0 0 0 16384 32768 914440240 2097240 1 1075838976 0 4096 0 0 8388672 0 268435456 0 128 0 0 256 268435456 0 134217728 0 8388608 0 1048576 0 0 0 133136 0 0 0 1073741856 131072 0 0 0 0 0 0 0 268435456 73728 0 4194320 4098 0 0 1342177280 67108864 0 0 8388608 0 536870912 67108865 0 0 2097152 536936448 688914592 2281705488 1092648960 3225783968 9986065 1408 1610613008 2048 2097152 536936448 32 128 32768 1 1612714241 64 45154308 1351681088 914363651 1024
is_linear=0
shrinkage=0.05


Tree=40
num_leaves=31
num_cat=14
split_feature=309 13 368 430 430 14 35 12 0 4 423 12 423 113 270 47 12 26 46 216 1 421 10 421 4 14 8 12 105 28
split_gain=5003.4 1949.89 1556.76 1496.76 1282.53 1191.71 863.343 843.334 838.824 1108.93 1094.46 724.055 723.508 883.911 755.58 682.771 833.01 675.383 646.52 635.948 771.301 734.718 623.912 607.901 607.071 597.941 579.472 626.945 593.685 551.438
threshold=2.5000000000000004 0 250.50000000000003 1 2 2.5000000000000004 51.734375000000007 3 140.06250000000003 180.50000000000003 4 5 6 1.5000000000000002 2.5000000000000004 7 8 20.500000000000004 9 957.50000000000011 10 11 71.500000000000014 12 185.50000000000003 7.5000000000000009 475.00000000000006 13 1.5000000000000002 223.50000000000003
decision_type=10 9 8 9 9 2 10 9 2 8 9 9 9 8 10 9 9 2 9 10 1 9 10 9 10 2 10 9 10 10
left_child=1 4 3 -3 -1 6 8 -5 9 10 -6 -4 -9 14 15 26 18 -7 29 20 -15 -22 -20 -12 -11 -19 27 -14 -29 -17
right_child=-2 2 11 7 5 17 -8 12 -10 24 23 -13 13 19 -16 16 -18 25 22 -21 21 -23 -24 -25 -26 -27 -28 28 -30 -31
leaf_value=-0.044917225032217116 0.050454584875515407 0.057055744829692612 -0.0092585639334796781 -0.026438751234108944 0.024712041866516748 0.049519299707015428 -0.007493677903461067 -0.020105362331544946 0.046342524502788938 0.031377212787205538 -0.00071313847185327855 0.029080095384116711 0.050458325671904308 -0.00078074530614256562 -0.062037751131141572 -0.029508818362558122 0.015753751048204232 -0.078026059910628651 0.0011203446372314051 -0.024996598652563609 0.05151578060106228 0.021594322767231916 0.022534543311154735 -0.053329804600344324 -0.088202594319758909 0.023434962702152323 0.041844028874502462 0.0090582438436642692 0.047366110525755539 0.022791078099988822
leaf_weight=606.17623047344387 10406.388185322285 1600.0992500782013 1342.7264763489366 1694.1814198195934 2024.6642030403018 7165.9490648731589 2302.5895853415132 2070.6569938287139 3642.01307855919 8060.769596517086 1142.5294653847814 14964.467391528189 1046.4888729900122 2418.8565595764667 385.97961073368788 2698.9909146986902 13453.869181148708 174.67409076541662 33681.277981635183 684.31607346795499 2981.3819643370807 6740.3486522063613 3783.504663605243 1056.3001773320138 107.55240853875875 860.89877519011497 1864.0268731787801 20315.82311623171 1064.3813443891704 619.73320497572422
leaf_count=3081 4868 768 3016 11995 5656 3891 8076 12663 4217 12235 3465 18339 1424 12147 1304 12647 57440 712 176550 5642 3855 15526 14407 5855 471 923 3791 63265 1293 2910
internal_value=0.017001 0.0145241 0.0116395 0.00923991 0.0265624 0.0282114 0.0211359 0.00843193 0.0252473 0.0190474 -0.00175371 0.0259355 0.00906444 0.00972496 0.00774746 0.00809047 0.00497039 0.0440648 0.00140891 0.0219004 0.0245438 0.0308139 0.00328293 -0.0261168 0.0298027 0.00632114 0.0150571 0.0128307 0.0109602 -0.0197424
internal_weight=150962 140555 113411 97103.9 27144.1 26537.9 18336.4 95503.8 16033.8 12391.8 4223.49 16307.2 93809.6 91739 78914.1 78528.1 54237.4 8201.52 40783.5 12824.9 12140.6 9721.73 37464.8 2198.83 8168.32 1035.57 24290.7 22426.7 21380.2 3318.72
internal_count=472432 467564 418982 397627 48582 45501 39975 396859 31899 27682 14976 21355 384864 372201 335031 333727 263954 5526 206514 37170 31528 19381 190957 9320 12706 1635 69773 65982 64558 15557
cat_boundaries=0 2 52 103 105 112 114 120 121 123 124 125 129 132 134
cat_threshold=547424513 32858 2097152 0 0 524288 0 0 0 0 0 0 9218 536871040 0 0 0 0 0 8388608 16777216 32 2 0 131073 2064 2147483648 0 704643072 1073741856 0 0 0 0 100728896 0 64 0 0 65536 0 16 0 0 0 0 536871424 0 0 0 0 40960 0 0 0 0 0 0 0 0 33554432 0 0 0 16384 0 1 16384 1 0 0 67108864 0 2583823364 270592 0 131072 0 402653184 0 128 0 0 0 536870912 0 536870928 0 71303168 16 2147483648 256 8192 0 0 0 32768 0 0 0 0 8192 32768 408299720 31452579 536870930 1073809408 0 81920 2097728 134480000 163840 1107820802 67213316 33558530 1073741888 268468224 553648640 725107360 2282229888 2 2257141767 35655684 2 4 2149908488 10895377 2359623 2 524288 2159040512 25166082 578847777 64
is_linear=0
shrinkage=0.05


Tree=41
num_leaves=31
num_cat=12
split_feature=240 96 430 7 113 13 29 430 134 12 421 12 105 35 420 10 423 14 26 407 421 6 48 3 26 3 138 2 12 19
split_gain=4871.93 2138.5 1709.63 1272.67 1132.06 956.788 951.322 938.502 829.085 821.429 807.801 773.821 740.613 932.3 759.926 773.653 704.708 679.205 1148.16 653.08 661.622 700.041 1050.88 1078.77 1460.23 1290.19 1086.46 1027.65 981.633 880.168
threshold=1.5000000000000002 2.5000000000000004 0 1 1.5000000000000002 2 186.50000000000003 3 2.5000000000000004 4 5 6 1.5000000000000002 120.71875000000001 7 155.50000000000003 8 12.500000000000002 26.500000000000004 221.50000000000003 9 182.50000000000003 10 305.50000000000006 11.500000000000002 548.50000000000011 1.5000000000000002 12503.000000000002 11 2.5000000000000004
decision_type=10 10 9 9 10 9 10 9 10 9 9 9 8 10 9 8 9 2 2 8 9 8 9 10 2 10 10 2 9 2
left_child=1 2 -1 4 5 -4 10 -5 11 -8 -7 -9 19 14 -14 -16 -12 18 -18 -13 -21 28 23 24 -23 -25 -27 29 -22 -24
right_child=-2 -3 3 7 -6 6 9 8 -10 -11 16 12 13 -15 15 -17 17 -19 -20 20 21 22 27 25 -26 26 -28 -29 -30 -31
leaf_value=0.05599389957786588 0.048717795980354195 0.047191661498955484 -0.063149540880289123 -0.081304343288763029 0.045063953171050719 -0.015824635421858666 0.048819543328657226 -0.044273183189923529 0.048682605953286946 -0.032964146935409416 0.047532527413750893 -0.053492667605640011 -0.0045369294834166829 -0.029135243547933166 -0.0089849624966625869 0.035327890882521716 0.017539256163824974 0.044464348175316651 -0.067418127017890836 0.029390921619294543 0.069900848334998184 0.01169665398663617 0.00017510282249047051 0.027028149698391703 -0.035419068836851947 -0.0212930146817919 0.091528116857112776 -0.015472429293303454 -0.005527044796670301 0.026115904998058111
leaf_weight=2223.601472504437 10724.812114596367 4620.9742462672293 367.55460141040385 281.98574281670153 3682.0218808986247 1643.1390707679093 372.08331719040871 694.95747645571828 1265.6594125851989 1576.085327167064 2180.3007898516953 452.10558442026377 1953.2909052670002 898.6561761572957 1123.0061845295131 8013.859228014946 34859.239083601162 2326.2412499636412 402.27463461458683 3088.1794635057449 433.77555609494448 7429.3512682840228 11469.688768941909 16437.906862914562 2111.971899703145 2342.9970137067139 234.77171041071415 6927.6241595745087 15442.186853960156 4573.9269446693361
leaf_count=937 5702 3385 3034 1848 3004 8014 987 5748 1229 10989 2612 2301 8601 4791 2947 14858 83550 2252 1974 5664 580 28654 54266 52964 13517 12133 457 39562 78234 17638
internal_value=0.0162439 0.013746 0.0125996 0.0118667 0.018434 0.0161959 0.0168792 0.00820958 0.00851645 -0.0172628 0.0184894 0.00790958 0.00835119 0.0198462 0.0238153 0.0298488 0.0199062 0.0182915 0.01657 0.00640983 0.00679402 0.00575351 0.00858273 0.0149868 0.00126759 0.0218706 -0.0110178 0.000621361 -0.0034256 0.00757065
internal_weight=150154 139429 134808 132585 47408.9 43726.9 43359.4 85175.9 84893.9 1948.17 41411.2 83628.3 82933.3 11988.8 11090.2 9136.87 39768.1 37587.8 35261.5 70944.5 70492.4 67404.2 51528.2 28557 9541.32 19015.7 2577.77 22971.2 15876 16043.6
internal_count=472432 466730 463345 462408 116416 113412 110378 345992 344144 11976 98402 342915 337167 31197 26406 17805 90388 87776 85524 305970 303669 298005 219191 107725 42171 65554 12590 111466 78814 71904
cat_boundaries=0 50 51 53 101 103 107 109 112 119 123 124 126
cat_threshold=0 0 0 0 0 8388672 0 268435456 2 0 0 536875008 0 268435464 0 0 0 0 16908288 1048592 0 0 65544 0 0 0 0 1073741856 33554432 0 0 0 64 0 0 0 0 33619968 2048 0 2 0 0 3489660928 603979776 0 0 8388608 16384 536903680 2 3529670680 18229792 131072 0 0 524288 262152 2097152 0 33554432 33554432 0 0 134479872 16384 0 1 16384 1 5242880 0 67108864 0 2147484672 270340 0 131072 0 0 0 0 0 0 0 0 0 16 0 0 64 33554440 256 8192 0 0 0 512 0 0 16777216 524560 4194304 18878464 2147549346 24601 1280 474235080 55046531 3239225824 3537502466 82 536870914 3072 4128 0 65600 16384 49152 70332928 1343225857 315621634 1152 1 52433152 1056
is_linear=0
shrinkage=0.05


Tree=42
num_leaves=31
num_cat=6
split_feature=309 17 27 332 26 0 430 220 48 2 2 386 14 347 6 19 421 26 12 361 421 15 14 336 6 89 384 423 317 42
split_gain=4703.35 1787.95 1605.73 1615.47 1065.83 961.654 996.39 885.78 828.182 1311.03 1856.71 830.105 827.612 767.317 813.645 731.502 726.449 699.208 805.614 694.143 689.505 688.39 674.298 674.265 590.761 603.076 587.427 653.753 578.023 573.604
threshold=2.5000000000000004 2.5000000000000004 1.0000000180025095e-35 1.0000000180025095e-35 25.500000000000004 237.06250000000003 0 1.5000000000000002 1 10369.500000000002 9480.5000000000018 56.000000000000007 2.5000000000000004 2.5000000000000004 109.00000000000001 1.5000000000000002 2 32.500000000000007 3 564.25000000000011 4 1.5000000000000002 4.5000000000000009 5.5000000000000009 215.50000000000003 1.5000000000000002 19.000000000000004 5 100.03125000000001 20.500000000000004
decision_type=10 2 2 10 2 2 9 10 9 2 2 10 2 10 8 2 9 2 9 8 9 2 2 8 8 8 10 9 10 10
left_child=1 2 12 5 22 6 -4 -5 13 10 11 17 16 14 -8 20 -1 21 -19 24 -12 -10 29 -11 -16 -26 -18 -28 -2 -3
right_child=28 4 3 7 -6 -7 8 -9 9 23 15 -13 -14 -15 19 -17 26 18 -20 -21 -22 -23 -24 -25 25 -27 27 -29 -30 -31
leaf_value=0.039751718390117347 0.050288208234480207 0.027880713711976274 0.053058454755168794 0.027304974902842023 0.00081286293055468314 0.018165275029779365 0.039559033764867524 -0.03127363825087922 -0.0071771643234037801 -0.008703047663792287 0.047879241932771599 0.048174380891737666 0.05502732019319824 0.040141124272222134 -0.0040579030653966472 0.056460313584558643 0.019544688872648777 0.068413447249854972 -0.044068993775344845 -0.027458866122041254 -0.0034528512859506298 0.011956180934033035 0.052750751904491223 -0.060010061903955039 0.00633740399339504 0.024629713986865094 0.035021609183286853 -0.033493864422672263 -0.078066984059697891 -0.058148424599684223
leaf_weight=4129.1058367341757 9647.2852230072021 1264.0650429278612 1042.6871543079615 14261.55646654591 1772.278846308589 15994.690409783274 1933.1661990620196 675.92412965744734 10710.343621024862 17895.290567448363 1091.4122868701816 876.70635980367661 2019.2725060284138 1988.9483329281211 7639.5279840305448 2153.8133147917688 12565.992762975395 169.96751159057021 1502.6579970605671 1466.3576189130545 1615.0162547230721 8378.5853295922279 5282.1063750684261 664.11356300488114 14023.568249851465 6638.9621721245348 494.59549514949322 1119.8615642935038 88.516696944832802 228.83506929129362
leaf_count=3263 4585 1737 673 19798 3247 44626 3599 1929 58781 98702 2306 1073 846 2539 45172 4972 19825 638 10521 5292 8666 30523 2269 3343 66919 21789 501 3020 283 995
internal_value=0.0155205 0.0131772 0.0117321 0.00936058 0.0353343 0.00697558 0.00473253 0.0246543 0.0040854 -0.000347921 0.00678984 0.000517216 0.0246487 0.0100158 0.00812571 0.0347161 0.0212983 -0.00149522 -0.0324933 0.00608443 0.0174118 0.00122092 0.0443648 -0.010539 0.00782234 0.0122148 0.0158858 -0.0124944 0.0491212 0.014694
internal_weight=149335 139599 131052 110723 8547.29 95785.8 79791.1 14937.5 78748.4 45057.9 26498.5 21638.3 20328.8 33690.5 31701.6 4860.24 18309.6 20761.6 1672.63 29768.4 2706.43 19088.9 6775.01 18559.4 28302.1 20662.5 14180.4 1614.46 9735.8 1492.9
internal_count=472432 467564 459316 431861 8248 410134 365508 21727 364835 219525 117480 101536 27455 145310 142771 15944 26609 100463 11159 139172 10972 89304 5001 102045 133880 88708 23346 3521 4868 2732
cat_boundaries=0 51 52 56 58 61 68
cat_threshold=0 0 4096 0 0 192 0 0 0 0 2 0 0 0 0 134217728 0 8388608 2048 1048592 131072 67108864 2147483648 16 0 0 0 32 0 16 0 0 67108864 0 0 537001984 0 33554432 2056 393232 34 0 0 268435456 0 256 0 0 67108864 32768 1 1 1658650628 25433176 931137286 1120 2 67108864 65536 280117317 13107712 536870928 68608 0 0 134283520 134496256 32768
is_linear=0
shrinkage=0.05


Tree=43
num_leaves=31
num_cat=11
split_feature=240 96 430 12 7 113 430 134 12 3 113 28 3 19 187 126 423 4 0 421 29 421 126 147 45 14 31 421 12 3
split_gain=4528.93 1954.82 1607.23 1196.2 1415.19 1013.78 884.14 786.763 740.012 787.534 897.572 944.27 764.809 821.286 763.247 757.748 710.099 845.977 1093.53 1107.97 733.161 705.08 631.796 629.514 615.483 744.163 670.626 651.355 601.29 593.58
threshold=1.5000000000000002 2.5000000000000004 0 1 2 1.5000000000000002 3 2.5000000000000004 4 553.50000000000011 1.0000000180025095e-35 3.5000000000000004 545.50000000000011 70.500000000000014 34.05274963378907 1.5000000000000002 5 180.50000000000003 159.18750000000003 6 31.500000000000004 7 1.0000000180025095e-35 23.500000000000004 8 4.5000000000000009 27.500000000000004 9 10 564.50000000000011
decision_type=10 10 9 9 9 10 9 10 9 8 10 8 10 2 8 10 9 10 2 9 8 9 10 10 9 2 8 9 9 10
left_child=1 2 -1 21 5 16 -6 8 9 12 -11 -12 13 14 24 23 -5 18 19 -18 -21 -4 -3 29 -8 26 -26 -28 -19 -10
right_child=-2 22 3 4 6 -7 7 -9 15 10 11 -13 -14 -15 -16 -17 17 28 -20 20 -22 -23 -24 -25 25 -27 27 -29 -30 -31
leaf_value=0.054969105094345855 0.047180501246119548 0.051387279579788316 -0.04062059165082562 0.044148692091683955 -0.081048059788687454 0.045501983703997023 -0.0023169308996596554 0.048448024230040569 0.012610497264417739 0.022278076133768324 -0.0031979917970344964 -0.049162352061549279 0.05710750501833603 -0.035345642540519438 0.025808396143498599 0.059063595901269798 -0.033760696843501053 0.0095794119380296708 0.022029203386270287 0.026724533074291908 0.00016795296472105642 -0.0011976411112852754 -0.014133495519892195 -0.079256145720975557 0.013600364281474965 0.03052898562920562 -0.044289046860381036 0.00077758160904240251 0.037399649869372054 0.051218226657994997
leaf_weight=2075.5478668808937 10089.662985309958 3980.087194994092 1341.7498786728829 2275.5963004641235 267.49562664702535 3408.0368796288967 17375.743192955852 1206.9077137894928 17940.615930533037 1432.2416981291026 2579.6699591577053 1971.14593924582 747.51656921580434 1164.6457679718733 4936.0885907001793 974.71090269833803 1878.9653989691287 2862.5493240877986 12506.855367861688 3524.7059294506907 9894.9559501018375 7064.6958782877773 405.40006773918867 179.76134828478098 14444.770566185936 3698.7814943343401 860.93896771222353 10097.023109817877 6193.705566175282 1054.0602609962225
leaf_count=930 5702 2187 8730 3149 1791 2622 88561 1131 67120 5098 10723 14292 1613 8671 11450 534 10893 5933 26916 5372 36047 32992 1198 938 45884 11126 5289 46591 6467 2482
internal_value=0.0148402 0.0124816 0.0114062 0.0107157 0.0119584 0.0193422 0.00807492 0.00838048 0.00777293 0.00495746 -0.0122426 -0.0231071 0.00688822 0.00617424 0.00711477 0.0160498 0.0170692 0.0153813 0.0110626 0.00209726 0.00713778 -0.00753071 0.0453305 0.0138716 0.00512943 0.00957545 0.0065245 -0.0028029 0.028658 0.0147529
internal_weight=148435 138345 133959 131884 123477 42545.4 80932.1 80664.6 79457.7 59308.6 5983.06 4550.82 53325.5 52578 51413.3 20149.1 39137.3 36861.7 27805.5 15298.6 13419.7 8406.45 4385.49 19174.4 46477.3 29101.5 25402.7 10958 9056.25 18994.7
internal_count=472432 466730 463345 462415 420693 97399 323294 321503 320372 249298 30113 25015 219185 217572 208901 71074 94777 91628 79228 52312 41419 41722 3385 70540 197451 108890 97764 51880 12400 69602
cat_boundaries=0 51 53 54 105 107 114 118 122 123 127 128
cat_threshold=1073741824 0 0 0 0 64 0 268435456 2 0 0 536875008 0 268435464 0 0 0 0 16908288 1048592 0 0 65544 0 0 0 0 1073741856 33554432 0 0 0 64 0 0 0 0 33619968 2048 0 2 0 0 3489660928 603979776 0 0 8388608 16384 536903680 65536 139864266 31456675 2 131072 0 0 524288 262144 2097152 0 33554432 33554432 0 0 134479872 16384 0 1 16384 65 5242880 0 67108864 0 2281702400 8196 0 131072 0 0 0 0 0 0 0 0 0 528 0 0 268435520 33554440 0 8192 0 0 0 0 0 0 16777216 0 0 524288 2508832772 35652116 536870930 11264 4128 0 65600 16384 49160 2097152 1090886048 542139033 1280 1092943872 3223428232 77094977 1408 2 1149542412 2147978064 575169032 256 103284736
is_linear=0
shrinkage=0.05


Tree=44
num_leaves=31
num_cat=6
split_feature=309 17 27 332 26 430 0 220 14 48 2 2 2 407 213 12 26 19 347 6 12 14 26 361 42 45 105 30 182 423
split_gain=4397.81 1632.08 1448.75 1427.66 994.164 863.793 872.717 810.744 793.601 727.731 1228.01 895.153 836.098 698.598 697.993 683.589 687.84 728.998 677.624 719.677 675.437 661.701 636.388 635.825 604.674 586.224 594.153 585.323 577.862 562.038
threshold=2.5000000000000004 2.5000000000000004 1.0000000180025095e-35 1.0000000180025095e-35 25.500000000000004 0 237.06250000000003 1.5000000000000002 2.5000000000000004 1 11840.000000000002 8965.5000000000018 10112.500000000002 169.50000000000003 8.7500000000000018 2 32.500000000000007 3.5000000000000004 2.5000000000000004 109.00000000000001 3 4.5000000000000009 1.5000000000000002 443.25000000000006 608.50000000000011 4 1.5000000000000002 373.50000000000006 309.50000000000006 5
decision_type=10 2 2 10 2 9 2 10 2 9 2 2 2 10 10 9 2 2 10 8 9 2 2 8 10 9 10 8 10 9
left_child=1 2 8 5 21 -4 9 -5 13 18 11 14 20 29 15 -11 17 25 19 -7 -13 -3 -12 -21 -25 -17 -27 -15 -8 -1
right_child=-2 4 3 7 -6 6 28 -9 -10 10 22 12 -14 27 -16 16 -18 -19 -20 23 -22 -23 -24 24 -26 26 -28 -29 -30 -31
leaf_value=0.049161673330862132 0.047847787404075269 0.013207663195623668 0.054595712364255471 0.025413802232883521 0.00028159890748461359 0.036963013255239395 0.01205135235267967 -0.030745202580151555 0.053645542161410223 0.040605019054257306 -0.0016795564231572319 0.012336210900334607 -0.0016441334844028808 -0.0090234203726903169 0.054303478418619634 -0.022460041152301973 -0.037212507191008992 0.034977169140775276 0.037669403210877729 0.0074704531747577275 0.044208144688932041 0.051433289211839442 -0.022350588892397581 -0.027042517862258059 0.079921794016875228 -0.0015011314478622743 0.062896821431302249 0.04238734655217484 0.037490940646735041 0.010672223238242675
leaf_weight=1022.163821965456 9101.6944955065846 1466.3182630762458 900.9778258278966 14069.850979369134 1756.7347888275981 1921.8413695171475 13266.760147221386 673.42536268383265 1910.8129803463817 856.6891811247915 7188.5548345055431 3521.2985878065228 3864.2128998152912 635.3020891174674 550.96455470845103 3630.1751022152603 1505.9189133420587 1238.7281471937895 1950.2960667461157 27614.73353362456 3184.375699646771 4967.2662544101477 7724.2105102092028 2089.8438740409911 141.04153511300683 11421.924074525014 369.76935977488756 4307.125228382647 2683.8370744287968 12084.673365794122
leaf_count=626 4868 2732 522 19798 3247 3599 41514 1929 846 3440 36797 12927 18896 1130 520 22880 10509 3788 2539 131364 8577 2269 47675 7756 52 53348 337 3078 3094 21775
internal_value=0.0141805 0.0119683 0.0106078 0.00836597 0.0336182 0.00613308 0.00566577 0.0228486 0.023004 0.00350679 -0.000650517 0.00515538 0.0168807 0.0197601 -0.00117619 -0.00278304 -0.00484879 -0.00192641 0.00906216 0.00730588 0.0275558 0.042721 -0.0123863 0.00539618 -0.02028 -0.00489061 0.000518289 0.035779 0.0163318 0.0137196
internal_weight=147622 138520 130330 110369 8190.32 95626.2 94725.2 14743.3 19960.1 78774.6 45056.8 30144.1 10569.9 18049.3 19574.2 19023.2 18166.5 16660.6 33717.8 31767.5 6705.67 6433.58 14912.8 29845.6 2230.89 15421.9 11791.7 4942.43 15950.6 13106.8
internal_count=472432 467564 459316 431861 8248 410134 409612 21727 27455 365004 219694 135222 40400 26609 94822 94302 90862 80353 145310 142771 21504 5001 84472 139172 7808 76565 53685 4208 44608 22401
cat_boundaries=0 51 52 54 56 57 64
cat_threshold=0 0 4096 0 0 131136 0 0 0 0 524290 0 0 0 0 134217728 0 8388608 2048 1048592 131076 67108864 2147483648 16 0 0 536870912 32 0 16 0 0 0 0 64 537001984 0 33554432 2056 0 34 0 0 0 0 0 0 0 83902464 32768 1 1 1711301904 67174420 1149830925 71368708 2 536870930 11264 1073745920 0 65792 278560 33280
is_linear=0
shrinkage=0.05


Tree=45
num_leaves=31
num_cat=10
split_feature=309 430 207 96 113 393 430 7 13 12 19 430 12 12 3 3 8 336 126 5 347 10 2 2 31 48 27 28 2 138
split_gain=4214.99 1554.79 1516.61 1323.76 1144.33 1103.73 1030.29 912.979 941.402 1143.02 741.25 739.053 712.381 694.717 832.465 872.183 751.913 768.295 704.84 665.744 662.628 683.261 713.549 1212.14 860.023 682.491 660.656 647.113 637.464 632.497
threshold=2.5000000000000004 0 1.5000000000000002 3.5000000000000004 2.5000000000000004 1.0000000180025095e-35 1 2 3 4 1.5000000000000002 5 6 7 553.50000000000011 545.50000000000011 202.50000000000003 4.5000000000000009 1.5000000000000002 8 2.5000000000000004 210.50000000000003 11904.500000000002 9350.5000000000018 182.50000000000003 9 1.5000000000000002 21.500000000000004 7827.5000000000009 1.5000000000000002
decision_type=10 9 10 10 10 10 9 9 9 9 2 9 9 9 8 10 8 8 10 9 8 10 2 2 10 9 2 8 2 8
left_child=1 -1 3 4 5 6 -3 11 -9 26 19 -8 -13 14 15 16 17 -14 -15 -11 21 22 23 24 28 -22 -10 -21 -18 -16
right_child=-2 2 -4 -5 -6 -7 7 8 9 10 -12 12 13 18 29 -17 20 -19 -20 27 25 -23 -24 -25 -26 -27 -28 -29 -30 -31
leaf_value=0.054514028494494694 0.047141098920556262 -0.082226624414348776 0.053686576598794201 0.054269387878427583 0.04407535867149745 0.054012646037250624 -0.079711024887731061 -0.063312909440480805 0.0035801579794208639 0.040943321256919095 0.029177936730992012 -0.043281006623643016 -0.0051848739995565595 0.012290450496228476 -0.023369849173391802 0.055362588079755498 0.011694210775290039 -0.066175507548600007 0.056781766059975904 0.01441123804706532 0.051504250310322998 0.027874949510698188 -0.004436741963960599 0.023982122172821391 -0.021606353096709816 -0.021691930783348898 -0.036274073373406643 -0.011183587188156291 -0.016085818876902466 0.013760178069532031
leaf_weight=2053.0171670392156 8784.3138635680079 302.63264896720648 2027.4186741635203 1676.2518475726247 2357.9736749343574 1343.51228361018 243.49276619404554 377.40385571680963 4950.1945272963494 2092.8359773755074 11066.073511239141 722.79514029994607 7432.2447744496167 18969.848588418216 4527.2848197966814 864.93373524397612 11702.688931729645 554.89815417677164 934.01396289467812 22904.637280186638 1505.6004620045424 3293.4068298973143 15159.36290259473 9078.0391605775803 3281.6668959781528 403.89529060944915 1316.3532615080476 2767.9781340416521 2507.5225290134549 1536.1284651644528
leaf_count=948 4868 2148 980 765 1768 1693 1566 3161 18363 3259 17845 6009 37461 70010 26777 1774 43768 2941 530 55184 1486 9958 70934 30070 21521 1413 6262 11929 11807 5234
internal_value=0.0135588 0.0114205 0.0107647 0.0101154 0.00955557 0.00892867 0.00845729 0.00867711 0.0143685 0.0150324 0.0182308 0.00554684 0.00580818 0.00624744 0.0036312 0.00554425 0.00475965 -0.00942213 0.014371 0.0138743 0.00717318 0.00594965 0.00421924 0.00915787 0.0014643 0.0360218 -0.004784 0.0116471 0.00679217 -0.0139632
internal_weight=146738 137954 135901 133874 132197 129839 128496 128193 45475.5 45098.1 38831.5 82717.8 82474.3 81751.5 61847.7 55784.3 54919.3 7987.14 19903.9 27765.5 46932.2 45022.7 41729.3 26569.9 17491.9 1909.5 6266.55 25672.6 14210.2 6063.41
internal_count=472432 467564 466616 465636 464871 463103 461410 459262 116003 112842 88217 343259 341693 335684 265144 233133 231359 40402 70540 70372 190957 188058 178100 107166 77096 2899 24625 67113 55575 32011
cat_boundaries=0 50 91 92 94 96 147 149 151 152 153
cat_threshold=67108864 0 0 0 0 64 0 0 0 128 0 536875008 0 268435464 0 0 0 0 16908288 1048576 131072 0 8 16 0 0 0 1073741856 33685504 0 0 0 33554496 0 0 0 0 33619968 1050624 0 2 0 0 3221225472 603979776 0 0 8388608 16793600 32768 0 2 1024 0 0 0 0 4096 0 0 32768 0 16384 0 1 16384 64 2621440 0 67109120 512 134218752 24576 0 131072 0 0 0 34 0 4194304 0 536870912 0 536870912 8388608 67174408 0 0 256 8192 12 3530985496 151398944 1090533831 68017415 131072 0 0 524288 786432 2097152 0 50331648 33554432 0 16384 134479872 0 0 0 67108864 129 0 0 64 524288 2147483648 537133060 0 0 0 0 0 0 0 0 0 0 0 16 0 0 64 35651592 0 16384 0 0 0 512 0 0 16777216 0 0 32768 474267848 56086915 2173250566 2100740 2 1
is_linear=0
shrinkage=0.05


Tree=46
num_leaves=31
num_cat=7
split_feature=240 96 430 113 27 13 29 21 14 0 4 230 430 3 3 26 100 3 12 15 30 12 138 336 423 420 15 133 8 64
split_gain=4062.24 1761.21 1475.63 1041.68 1058.09 1023.91 945.138 1047.28 907.779 770.21 719.597 684.037 675.6 605.631 820.417 691.247 716.034 700.021 637.333 606.557 589.409 586.363 560.023 617.911 553.481 635.898 549.437 662.507 610.374 542.383
threshold=1.5000000000000002 3.5000000000000004 0 2.5000000000000004 1.0000000180025095e-35 1 3.5000000000000004 3.5000000000000004 2.5000000000000004 59.015625000000007 156.50000000000003 1.5000000000000002 2 177.50000000000003 224.50000000000003 80.500000000000014 1.5000000000000002 225.50000000000003 3 192.50000000000003 373.50000000000006 4 1.5000000000000002 2.5000000000000004 5 6 9.5000000000000018 1.0000000180025095e-35 202.50000000000003 1.5000000000000002
decision_type=10 10 9 10 2 9 8 2 2 2 8 10 9 10 10 2 10 10 9 2 8 9 8 10 9 9 2 8 8 10
left_child=1 2 -1 4 8 -6 11 9 10 12 -4 -7 -8 -14 19 16 17 -16 -19 -15 -12 -11 23 -9 -23 -26 28 -28 -20 -27
right_child=-2 -3 3 -5 5 6 7 22 -10 21 20 -13 13 14 15 -17 -18 18 26 -21 -22 24 -24 -25 25 29 27 -29 -30 -31
leaf_value=0.052840365264598566 0.045057450249263241 0.053552845800376669 0.0091526597668968226 0.04283785661366063 -0.023186213295594369 0.021601347097198659 -0.038999867779465965 0.015805559647921266 0.050471072420916412 0.056067158491833982 -0.013123689101990849 -0.052464578124577367 0.01249876645303815 -0.032441327193455591 0.048275856581901727 -0.044149244722806874 0.075651336299880162 -0.041016349552736878 -0.024596960749342339 0.54231093134152963 0.038669522207622396 -0.037119748861502849 0.039516407450437961 -0.074922754787890469 0.052177307262108508 0.0066576442250640289 0.081154393502328628 -0.0056862348423061433 0.0016647791068801776 0.032759707147206552
leaf_weight=1974.3549368716776 9229.9349336922169 2365.6384457275271 11783.027636803687 2287.5716046430171 2740.3553379438818 13557.612178735435 1124.0124144256115 2467.1987441331148 2134.8155390843749 629.3210808262229 630.77809335291386 319.0694881528616 7811.0971142482013 2375.6865448318422 727.15511050075293 880.41871513053775 316.60071715712547 969.5515505168587 2504.4749325029552 4.5992836318910113 4252.6293697878718 665.51497460715473 3391.7125050649047 203.11316139250994 809.04576628282666 47874.208438519388 451.7031600959599 427.47022291645408 18980.279567884281 2076.5219211243093
leaf_count=979 5702 1087 21640 1751 18910 20665 7792 3686 1073 1233 1190 1003 34732 15742 2285 7948 1310 7419 16729 11 3344 4776 2826 983 1834 191391 571 1786 88905 3129
internal_value=0.0129527 0.0107856 0.0100327 0.00938958 0.00880221 0.00694906 0.00771113 0.00592593 0.0197732 0.0045507 0.0158411 0.0198983 -0.00101012 0.000205399 -0.00326891 -0.000624351 0.000947613 -3.53728e-05 -0.00154092 -0.0313308 0.0319795 0.00845768 0.0260319 0.00890445 0.00786262 0.00845959 0.000188724 0.0389309 -0.00139655 0.00774119
internal_weight=145965 136736 134370 132396 130108 111307 108566 94689.7 18801.3 88627.7 16666.4 13876.7 36573 35449 27637.9 25257.7 24377.2 24060.6 23333.5 2380.29 4883.41 52054.6 6062.02 2670.31 51425.3 50759.8 22363.9 879.173 21484.8 49950.7
internal_count=472432 466730 465643 464664 462913 435666 416756 395088 27247 387593 26174 21668 185230 177438 142706 126953 119005 117695 115410 15753 4534 202363 7495 4669 201130 196354 107991 2357 105634 194520
cat_boundaries=0 51 53 104 106 108 114 117
cat_threshold=1073741824 0 0 0 0 8388672 0 268435456 2 0 0 536875008 0 268435464 0 0 0 0 16777216 1048576 0 0 65544 0 0 0 0 1073741856 33554432 0 0 0 64 0 0 0 268435456 65536 2048 0 2 0 0 3489660928 603979776 0 0 8388608 16384 536903680 1 3579228186 220097024 0 0 0 0 8 2048 0 37748736 0 0 41984 16384 16384 0 0 16384 4096 1048576 0 0 536870912 168034308 262400 0 0 0 4096 0 0 2 0 0 0 32 4112 0 65536 0 0 0 0 0 0 0 33280 0 0 0 0 131072 134250496 1124097178 88459299 1610616833 4194368 33558800 1024 2129920 536936448 689439232 2281705856 69713 1439698953 5
is_linear=0
shrinkage=0.05


Tree=47
num_leaves=31
num_cat=12
split_feature=309 207 430 96 430 393 368 12 4 115 123 138 29 420 35 430 13 47 408 10 362 423 12 430 0 8 317 12 423 3
split_gain=3896.73 1410.35 1423.15 1173.38 1041.49 988.258 1054.09 808.654 808.241 1525.69 1002.15 867.063 818.43 791.929 748.577 673.536 666.553 669.165 655.093 648.34 627.91 616.003 609.367 613.04 600.756 584.961 583.257 559.901 535.043 508.02
threshold=2.5000000000000004 1.5000000000000002 0 3.5000000000000004 1 1.0000000180025095e-35 351.11549377441412 2 180.50000000000003 1.0000000180025095e-35 1.5000000000000002 1.5000000000000002 3.5000000000000004 3 51.734375000000007 4 5 6 13.500000000000002 77.500000000000014 28.976562500000004 7 8 9 59.015625000000007 475.00000000000006 100.03125000000001 10 11 127.50000000000001
decision_type=10 10 9 10 9 10 8 9 10 10 8 10 8 9 10 9 9 9 10 10 10 9 9 9 2 10 10 9 9 8
left_child=1 2 -1 4 -4 6 8 -8 9 12 11 15 -6 -14 16 -10 21 25 19 20 24 -15 23 -17 -19 27 -2 -18 -26 -21
right_child=26 -3 3 -5 5 -7 7 -9 10 -11 -12 -13 13 14 -16 22 17 18 -20 29 -22 -23 -24 -25 28 -27 -28 -29 -30 -31
leaf_value=0.052785611157131422 0.047218930702824152 0.052290348255229359 -0.081302346411250115 0.052495361476466065 0.019483183367738934 0.052168856528911692 -0.0209146466421345 0.025571546105900678 -0.065058585087465523 -0.033489177831531679 0.044226663441103473 0.033890537604241787 0.026502447983916794 0.062595999666526778 -0.022340849804632287 0.045383904784936237 -0.030811642972354964 -0.011660271126673651 0.029677858674900928 0.049926372063376197 0.037741187373819617 -0.014402998276960816 0.016355876357927995 -0.010298273369070448 -0.030893344934197226 0.037126869292838566 -0.08462313743135863 0.0099188887712433269 0.0021662714440962966 0.0088945024076123643
leaf_weight=1885.9377070441842 8117.3213164061308 1977.9549276530743 311.27329841442406 1543.0472276732326 10094.933278024197 1304.0392390508205 1010.1422095969319 11951.570582680404 314.71331030875444 2507.0078888032585 2715.4268184565008 3509.3759851977229 3860.632462086156 890.47513491660357 2739.6962038818747 537.50161917880177 869.97046070918441 14713.978432644159 1853.6326182838529 907.72408614307642 946.57357463240623 365.92749321460724 8362.1086502857506 5094.1434499621391 1269.7520546019077 1912.219295963645 84.762451104819775 20985.046183072031 28018.950452253222 4464.8184657990932
leaf_count=942 4585 1001 2328 755 16150 1662 2548 14812 1565 10543 2023 3737 8520 884 15662 622 4420 107824 5428 2640 3120 1353 15784 18054 7867 3864 283 62703 133100 17653
internal_value=0.0123811 0.0103758 0.00976142 0.00914693 0.00863901 0.00885792 0.0084238 0.0219523 0.00692422 0.00500574 0.0159312 0.011619 0.00603357 0.00441336 0.00334283 0.00615661 0.00425475 0.00365373 0.000486472 -0.00058881 -0.00255091 0.0402334 0.00779913 -0.00491277 -0.00341767 0.0106083 0.0458564 0.00828799 0.000723231 0.0158271
internal_weight=145121 136919 134941 133055 131512 131200 129896 12961.7 116935 96401.3 20533.3 17817.8 93894.3 83799.4 79938.8 14308.5 77199.1 75942.7 52175.4 50321.8 44949.3 1256.4 13993.8 5631.65 44002.7 23767.2 8202.08 21855 29288.7 5372.54
internal_count=472432 467564 466563 465621 464866 462538 460876 17360 443516 401731 41785 39762 391188 375038 366518 36025 350856 348619 277632 272204 251911 2237 34460 18676 248791 70987 4868 67123 140967 20293
cat_boundaries=0 50 91 93 96 147 149 150 156 158 208 210 217
cat_threshold=0 0 0 0 0 64 0 0 0 128 0 536875008 0 268435464 0 0 0 0 131072 1048592 131072 0 2147483656 16 0 0 0 1073741856 33685504 0 0 0 64 268435456 0 0 0 33619968 1050624 0 2 0 0 3221225472 603979776 0 0 1024 16793600 32768 0 0 0 0 8 256 0 4096 0 0 32768 0 16384 8388608 1 16384 64 2621440 0 67109120 512 134218752 8192 0 131072 0 0 0 34 0 4194304 0 536870912 0 536870912 8388608 71368712 16 0 256 8192 1116209410 104452 339744563 644902924 205 131072 514 2048 0 524288 512 0 4194304 33554432 0 16384 8192 2097152 0 0 2048 33554432 16777216 0 4194304 1 2148728864 262144 0 0 16777216 4096 1 0 65536 0 0 1048576 536870912 16 0 0 268435456 0 0 0 0 0 0 0 0 0 0 0 0 67633152 545785857 67108934 2 2147483648 1073807360 2129920 16384 0 16400 3324510210 4194336 2097152 0 0 524288 0 0 0 0 0 0 9216 0 256 0 134348800 0 1 8388608 0 32 0 67895296 4260096 0 0 0 440401920 2 0 18 0 0 67108864 0 0 0 0 32768 0 16 2097152 0 0 0 512 0 0 0 4 8192 16783818 4523527 1073742080 1024 2129920 536952832 674775584 2281701648 8
is_linear=0
shrinkage=0.05


Tree=48
num_leaves=31
num_cat=9
split_feature=309 17 27 179 26 430 268 14 12 14 421 42 19 275 0 4 1 420 42 430 423 31 2 336 197 12 42 51 4 19
split_gain=3725.77 1357.55 1164.85 1127.1 937.393 798.194 846.387 724.716 673.04 659.513 649.437 604.012 589.539 583.573 577.914 668.877 620.407 611.037 588.506 566.943 539.284 530.023 610.477 546.373 526.046 496.841 496.49 466.573 490.806 464.41
threshold=2.5000000000000004 2.5000000000000004 1.0000000180025095e-35 64.029800415039077 25.500000000000004 0 2.5000000000000004 2.5000000000000004 1 4.5000000000000009 2 54.500000000000007 66.500000000000014 2.5000000000000004 138.06250000000003 146.50000000000003 3 4 498.50000000000006 5 6 316.50000000000006 2884.5000000000005 12.500000000000002 1.0000000180025095e-35 7 20.500000000000004 8 185.50000000000003 5.5000000000000009
decision_type=10 2 2 8 2 9 10 2 9 2 9 10 2 10 2 8 1 9 10 9 9 8 2 10 10 9 10 9 10 2
left_child=1 2 7 5 9 -4 14 10 -5 26 -1 24 21 -2 15 18 -16 -17 -7 -19 -12 29 -23 -24 -10 -22 -3 -21 -29 -13
right_child=13 4 3 8 -6 6 -8 -9 11 -11 20 12 -14 -15 16 17 -18 19 -20 27 25 22 23 -25 -26 -27 -28 28 -30 -31
leaf_value=0.035304305336898725 0.047096450232674836 0.023041720141912459 0.048814887268406049 -0.017960006829088253 -0.0022068895061649729 -0.051037161519797897 -0.053597423779130494 0.051102966547657724 0.023781959519961291 0.049369625792642126 -0.06169106771814057 -0.0077570060527578271 -0.055259474606770401 -0.051325618716932454 0.054782545089927172 -0.033648743533172924 0.0087789377938914549 -0.070913474099065579 0.23045104506561287 -0.0051690598144223361 0.00010775267844100358 -0.035090319682395961 0.025323362097740623 -0.075277596758925217 -0.04096515229493141 0.020250751184572799 -0.058056667340570273 0.005796096925688915 -0.072907050748470245 0.030091363235784666
leaf_weight=3793.3449318930507 7761.6587170362473 1196.4138040430844 948.76125021651387 1498.7987341638654 1702.9690226651728 789.82908759824932 657.06359479948878 1710.3153961673379 16588.380452625453 4459.907658778131 234.96744054555893 4738.1818951368332 355.41921624168754 153.58906161785126 751.48128385841846 1206.9693283624947 20260.755264146253 253.98043612390757 19.015262670814991 14315.442663434893 4701.1137305796146 482.08498729765415 6417.2190919667482 137.86589490622282 319.75309793464839 8802.7374199479818 224.06838835030794 38603.878887936473 199.11310039833188 977.73693969845772
leaf_count=3263 4447 1737 744 5498 3247 4544 2097 846 24917 2269 893 13980 2404 421 1442 10306 75395 1751 70 89367 9413 1954 13821 843 1415 13040 995 178585 934 1794
internal_value=0.0118369 0.00990089 0.00869013 0.00669677 0.0304594 0.00347275 0.00290777 0.0200357 0.0146768 0.0399196 0.017005 0.016307 0.00825707 0.0451866 0.00339411 0.000715674 0.0104545 0.00138456 -0.0444196 0.0021827 0.0119181 0.0100272 0.0192138 0.0232075 0.0225575 0.0132436 0.0102492 0.00254549 0.00539224 -0.00128285
internal_weight=144263 136348 128764 109522 7583.36 78006.3 77057.5 19242.5 31515.4 5880.39 17532.2 30016.6 13108.5 7915.25 76400.5 55388.2 21012.2 54579.4 808.844 53372.4 13738.8 12753.1 7037.17 6555.08 16908.1 13503.9 1420.48 53118.4 38803 5715.92
internal_count=472432 467564 459316 431861 8248 365235 364491 27455 66626 5001 26609 61128 34796 4868 362394 285557 76837 280943 4614 270637 23346 32392 16618 14664 26332 22453 2732 268886 179519 15774
cat_boundaries=0 51 53 57 58 61 112 117 119 120
cat_threshold=0 0 0 0 0 131136 0 268435456 0 0 2 0 0 0 0 134217728 0 8388608 2048 1048592 131072 67108864 2147483648 16 0 0 0 32 0 0 0 0 2097152 0 64 537001984 0 33587200 2048 4194320 34 0 0 1073741824 0 256 0 0 67125248 32768 1 10250 4300295 1658650628 25433176 931137286 1120 2 4027248056 1194099018 22 1073741824 0 0 0 524288 2048 0 0 0 0 33792 81920 16384 0 17301505 0 4224 0 0 67109120 0 2583756804 262144 0 0 0 4096 0 2 2 0 0 134217728 536870912 16 0 0 0 0 0 0 0 0 0 512 0 0 0 0 0 151519232 0 0 0 536936448 540016768 42468622 6359044 2
is_linear=0
shrinkage=0.05


Tree=49
num_leaves=31
num_cat=11
split_feature=240 96 430 7 420 113 410 430 28 12 4 6 12 134 45 421 347 361 336 2 42 5 430 35 12 263 27 142 134 10
split_gain=3594.86 1569.32 1325.42 942.593 900.193 874.817 767.477 760.105 717.004 741.774 699.662 657.813 629.675 615.721 597.737 723.259 718.539 630.872 827.277 811.328 617.27 607.359 625.132 577.31 558.721 551.804 549.824 685.599 533.997 844.423
threshold=1.5000000000000002 3.5000000000000004 0 1 2 1.5000000000000002 230.50000000000003 3 202.50000000000003 4 149.50000000000003 225.50000000000003 5 2.5000000000000004 6 7 2.5000000000000004 445.87500000000006 4.5000000000000009 14649.500000000002 485.50000000000006 8 9 42.640625000000007 10 470.05946350097662 1.5000000000000002 1.5000000000000002 1.0000000180025095e-35 21.500000000000004
decision_type=10 10 9 9 9 8 8 9 8 9 8 10 9 10 9 9 10 8 8 2 10 9 9 10 9 10 2 10 8 8
left_child=1 2 -1 7 25 8 -7 -4 10 11 -6 -10 -9 14 28 -16 17 19 -19 21 -20 22 -17 -23 -12 -5 27 -21 -14 -30
right_child=-2 -3 3 4 5 6 -8 12 9 -11 24 -13 13 -15 15 16 -18 18 20 26 -22 23 -24 -25 -26 -27 -28 -29 29 -31
leaf_value=0.051476127314026045 0.042964343485174472 0.051808739210591682 -0.078327485974861638 -0.0016925228013197936 -0.031848500611392924 -0.0043069284704954107 0.036019686009417684 -0.046745192608671701 0.040704821586690247 -0.049211318489702845 -0.047240185986142776 -0.046155930187670689 0.03569849714009992 0.04151285617930018 0.022108774582175614 0.053763597746450488 0.027570701453683202 0.0023844008406870383 -0.055184125908708831 -0.0038952914713310965 0.0051523833874671408 0.0099709265744972811 -0.0054235022647462399 -0.03060269054317041 0.016478417944772082 -0.099062156176086144 -0.025407164949936719 0.1152902359002464 -0.011307638337163237 0.021139048933641179
leaf_weight=1772.7289445772767 8440.0273182839155 2139.686817266047 263.4412808213383 6009.5405336152762 794.9462964348495 1387.7930856272578 7873.6246266402304 570.0089153368026 680.46888771280646 920.11162271723151 339.53167637065053 320.69490534812212 2573.8310680650175 1172.9426920339465 4771.2157074380666 451.25303816795349 2632.6836885809898 2631.555355809629 1605.7151168249547 7513.5481656957418 575.93178754672408 32537.346236981452 13658.293750863522 900.99870771542192 28170.548629455268 149.11546094715595 3727.4639695771039 122.62928574904799 3080.1710565090179 5745.6610533967614
leaf_count=956 5702 1087 1898 27460 3269 4497 11857 5305 1750 7312 1710 1677 6965 1236 9994 468 4273 7619 7526 34094 1826 136144 67542 4519 58068 630 24004 279 14836 17929
internal_value=0.0113066 0.00932879 0.00864514 0.0080618 0.0137677 0.0164773 0.0299769 0.00491202 0.0124788 -0.0171114 0.0144187 0.012754 0.0051815 0.00554066 0.00503007 0.00332655 0.00197245 0.000915209 -0.0164896 0.00233722 -0.0392559 0.00520576 -0.00349384 0.00887501 0.0157088 -0.0040435 -0.00966537 -0.00198129 0.0156593 0.00981532
internal_weight=143534 135093 132954 131181 46646.4 40487.7 9261.42 84534.7 31226.3 1921.28 29305 1001.16 84271.2 83701.2 82528.3 71128.6 66357.4 63724.7 4813.2 58911.5 2181.65 47547.9 14109.5 33438.3 28510.1 6158.66 11363.6 7636.18 11399.7 8825.83
internal_count=472432 466730 465643 464687 118230 90140 16354 346457 73786 10739 63047 3427 344559 339254 338018 298288 288294 284021 16971 267050 9352 208673 68010 140663 59778 28090 58377 34373 39730 32765
cat_boundaries=0 51 52 55 103 105 107 108 112 113 164 166
cat_threshold=1073741824 0 4096 0 0 8388672 0 0 2 0 0 536875008 0 268435464 0 0 0 0 16777216 1048576 0 0 65544 0 0 0 0 1073741856 33554432 0 0 0 64 0 0 0 268435456 65536 2048 0 2 0 0 3489660928 603979776 0 0 8388608 16384 536903680 65537 12 3785351176 135069155 48 0 0 0 524288 8 2097152 0 33554432 33554432 0 0 134479872 16384 0 1 67125248 1 3145728 0 67108928 0 2147484672 536879108 0 131072 0 0 0 0 0 0 0 0 0 536871440 0 0 64 33554440 0 24576 0 0 0 512 0 0 16777216 537493520 71303168 272908488 55038339 1 36777984 1364262977 914359555 1024 4 2097152 0 0 0 0 0 0 268435456 1 0 8192 16512 256 0 0 2048 0 0 0 0 33554948 67110912 257 131072 0 0 4198401 0 0 0 0 256 512 0 0 0 4 0 0 0 2097152 0 256 0 0 4194304 0 0 0 2214600704 167772160 2111824 67144740
is_linear=0
shrinkage=0.05


Tree=50
num_leaves=31
num_cat=11
split_feature=309 207 430 96 430 113 399 12 0 420 4 421 46 0 0 25 220 421 2 12 26 3 30 27 26 30 430 257 423 420
split_gain=3459.01 1292.1 1258.79 1042.38 936.308 915.51 923.904 836.058 789.591 1170.9 938.137 813.612 867.389 865.724 841.762 752.82 904.684 702.558 656.271 635.512 608.469 656.847 721.258 773.145 608.438 605.938 580.56 565.269 551 592.103
threshold=2.5000000000000004 1.5000000000000002 0 3.5000000000000004 1 2.5000000000000004 1.0000000180025095e-35 2 131.06250000000003 3 118.50000000000001 4 5 440.12500000000006 475.12500000000006 6.5000000000000009 2.5000000000000004 6 13108.500000000002 7 109.50000000000001 161.50000000000003 4.5000000000000009 85.500000000000014 27.500000000000004 16.500000000000004 8 68.281250000000014 9 10
decision_type=10 10 9 10 9 10 10 9 2 9 8 9 9 2 2 2 10 9 2 9 2 8 10 2 2 10 9 8 9 9
left_child=1 2 -1 4 -4 6 7 -6 9 -9 -11 -10 13 -13 18 16 17 -12 -14 -19 25 22 -22 -24 -17 26 -21 -2 -28 -30
right_child=27 -3 3 -5 5 -7 -8 8 11 10 15 12 14 -15 -16 24 -18 19 -20 20 21 -23 23 -25 -26 -27 28 -29 29 -31
leaf_value=0.051609055705506439 0.045137186749579193 0.050559375784392901 -0.080050843530852178 0.050343933010123548 0.055659333585822139 0.039699769412978259 0.043188238455521812 -0.029777221231286913 0.035377279791762126 -0.074585053113897737 0.040124537079564711 0.0099063228485235487 0.013157402435753092 0.032470479773827936 -0.022119266729642081 0.048110366854359439 -0.071959941113184489 -0.043890595548977673 -0.011683430090537381 -0.070528783826067615 -0.037206940413069156 -0.036282364992980591 0.16593310620749302 -0.024633338465879371 -0.0038426072224611754 -0.0077318207326203484 -0.041460843792143896 -0.127898462234149 0.039760622268005232 0.0065425271778081677
leaf_weight=1655.0622023418546 7373.7165943682194 1842.2748342752457 295.5982970315963 1427.6942536234856 850.92186921834946 2182.9547095261514 1744.0249580089003 2556.8200579173863 3394.64210392721 373.15362678468227 1341.9223881550133 13692.615240614861 10326.204291071743 6164.7732658311725 3082.1715837679803 1755.0763968005776 389.93766817450523 683.4864397123456 3580.8436865899712 233.7157956585288 193.98020382225513 1684.0775396674871 141.26635741069913 85.399605773389339 830.09846673160791 8388.0444601401687 576.50227696634829 47.502083674073219 1360.9095477424562 64633.742805104703
leaf_count=863 4667 1001 2300 768 918 1767 3099 16440 5040 2195 1968 32526 36769 8045 13163 978 1420 6722 15857 1190 1243 14381 457 930 1411 59107 3399 201 2275 231332
internal_value=0.0107922 0.00897141 0.00839805 0.00785162 0.0073875 0.00759151 0.00704479 0.00654578 0.00620777 0.00348276 0.00451447 0.0119807 0.00981291 0.0169114 0.0015218 0.00487367 0.00401247 0.00438594 0.00676128 0.00376531 0.00419232 -0.0223225 0.0335666 0.0941345 0.0314283 0.00493505 0.00652551 0.0440296 0.0068056 0.00723345
internal_weight=142889 135468 133626 131971 130543 130247 128064 126320 125469 85228.1 82671.3 40241.3 36846.6 19857.4 16989.2 82298.2 79713 79323 13907 77981.1 77297.6 2104.72 420.646 226.666 2585.17 75192.9 66804.9 7421.22 66571.2 65994.7
internal_count=472432 467564 466563 465700 464932 462632 460865 457766 456848 345448 329008 111400 106360 40571 65789 326813 324424 323004 52626 321036 314314 17011 2630 1387 2389 297303 238196 4868 237006 233607
cat_boundaries=0 50 91 93 96 100 101 105 107 158 164 166
cat_threshold=67108864 0 0 0 0 64 0 0 0 0 0 536870912 0 268435464 0 0 0 0 131072 1048592 131072 0 2147483656 131088 0 0 0 32 33685504 0 0 0 64 0 0 0 0 33619968 1050624 0 2 1 0 3221225472 603979776 0 0 8389632 16793600 32768 0 2 0 0 8 0 0 16781312 0 0 0 0 16384 8388608 1 16384 64 2621440 0 67109120 512 134218752 24576 0 131072 0 0 0 34 0 4194304 0 536870912 0 536870912 8388608 67174408 16 0 256 8192 536875009 64 3886735852 2198340035 39 1074896900 27530312 870057506 160 1 2767781892 536870937 371461130 1024 22169800 59219331 1082261504 512 0 0 524288 512 0 0 1 0 49152 73728 0 0 524288 0 33554432 0 0 0 537395201 2432696320 537133056 0 536870912 0 134217728 0 0 65536 0 0 1048576 536870912 0 0 0 0 33554433 262144 0 65536 0 0 0 4194304 0 0 0 0 134217728 1124077568 64 4096 17301504 689455360 528400 268436483 139472908
is_linear=0
shrinkage=0.05


Tree=51
num_leaves=31
num_cat=10
split_feature=309 430 207 96 64 393 430 13 0 1 118 420 268 12 35 85 361 46 31 134 96 0 216 12 275 430 420 22 30 0
split_gain=3297.86 1236.65 1195.82 987.101 894.307 872.048 811.042 764.251 733.952 1001.62 1099.84 1134.65 914.35 884.146 874.079 854.975 716.258 696.466 688.624 669.919 665.841 657.648 623.373 560.633 556.727 539.869 508.023 505.175 625.445 488.927
threshold=2.5000000000000004 0 1.5000000000000002 3.5000000000000004 1.5000000000000002 1.0000000180025095e-35 1 2 167.12500000000003 3 1.5000000000000002 4 1.5000000000000002 5 124.90625000000001 1.0000000180025095e-35 614.25000000000011 6 217.50000000000003 1.5000000000000002 1.5000000000000002 380.25000000000006 1407.5000000000002 7 2.5000000000000004 8 9 1.5000000000000002 inf 146.06250000000003
decision_type=10 9 10 10 10 10 9 9 2 1 8 9 10 9 10 8 10 9 10 10 10 2 10 9 10 9 9 2 8 2
left_child=1 -1 3 4 5 6 -3 -8 9 26 12 29 16 -10 22 17 19 21 -18 20 25 -15 -13 -20 -2 -11 -9 -19 -29 -12
right_child=24 2 -4 -5 -6 -7 7 8 13 10 11 14 -14 15 -16 -17 18 27 23 -21 -22 -23 -24 -25 -26 -27 -28 28 -30 -31
leaf_value=0.04997252288771261 0.045417258183955887 -0.078403113358318732 0.049415688567827395 0.049529141247882387 0.028104200077736147 0.047525503760370805 -0.055813147621842862 0.011048508904131485 -0.0077802958122541611 -0.071226260443616005 -0.027644039740504379 0.029638500353386634 -0.039071370084211555 0.010091058517335442 -0.018824353544453151 0.034716868046441349 -0.046202934732573357 -0.006421817153493316 0.027017404721957201 0.022989814557577981 0.020046484863524519 0.032108266785523608 -0.037368676270733842 -0.060510467474203793 -0.051239616449705733 0.0016291842434146499 -0.034494029016828548 0.0064763868782990036 0.063563004928889041 0.034925680231452115
leaf_weight=1769.1989612951875 7013.1132819503546 275.57170271873474 1720.4573316425085 1379.6514709442854 4839.0040825456381 1263.5791041627526 488.70769522711635 812.7839938737452 4579.6713480297476 245.3828864172101 1734.9014652576298 10875.468128606677 1305.1244427338243 8495.6783514842391 1119.7953430712223 4975.7908985950053 1407.986762393266 6477.5071187764406 807.10572048649192 4396.127800475806 5157.6873518675566 5645.3785960152745 358.53507665358484 225.96762101352215 152.20951007306576 58984.649746323004 2465.3689415790141 2190.7603714615107 614.34911899268627 380.73365691676736
leaf_count=1034 4447 2181 976 768 7393 1694 4509 3313 17185 1412 10910 17866 3645 19920 5308 7215 5724 26106 1683 9620 13112 7293 3295 1480 421 268267 15547 8056 1453 599
internal_value=0.010309 0.00855443 0.00800005 0.00745882 0.00701276 0.00619812 0.00577706 0.00597038 0.00621986 0.00388836 0.00491127 0.0174985 0.00240086 0.012604 0.0232821 0.0158883 0.00316079 0.0118954 -0.0234552 0.00410537 0.00281601 0.0188807 0.0275 0.00754793 0.043364 0.0013156 -0.023203 0.00125403 0.018979 -0.0163068
internal_weight=142158 134993 133224 131503 130124 125285 124021 123745 123257 90277.6 86999.5 14469.4 72530 32979.1 12353.8 28399.5 71224.9 23423.7 2441.06 68783.8 64387.7 14141.1 11234 1033.07 7165.32 59230 3278.15 9282.62 2805.11 2115.64
internal_count=472432 467564 466530 465554 464786 457393 455699 453518 449009 361781 342921 37978 304943 87228 26469 70043 301298 62828 8887 292411 282791 27213 21161 3163 4868 269679 18860 35615 9509 11509
cat_boundaries=0 50 91 93 94 97 99 100 102 153 156
cat_threshold=67108864 0 0 0 0 64 0 0 0 128 0 536870912 0 268435464 0 0 0 0 131072 1048594 131072 0 8 16 0 0 0 1073741856 33685504 0 0 0 33554496 0 0 0 0 33619968 1050632 4096 2 0 0 3221225472 603979776 0 0 0 16384 32768 0 0 1024 0 0 256 0 16781312 0 0 0 0 16384 0 1 16384 64 2621440 0 67109120 512 134218752 24576 0 131072 0 0 0 34 0 4194304 0 536870912 0 536870912 8388608 71368712 0 0 256 8192 3512119320 155069984 4 3783500008 3616309571 18 3263701066 4558599 1 65537 2097152 131072 514 2048 0 524296 512 0 4194304 33554432 0 16384 8192 0 0 0 0 33554432 17825792 0 4194304 2097152 2164391936 262144 0 0 0 4096 1 0 65536 0 0 1048576 0 0 0 0 268435456 0 0 0 0 0 0 0 0 0 0 0 0 83886080 21037120 1435894017 92
is_linear=0
shrinkage=0.05


Tree=52
num_leaves=31
num_cat=9
split_feature=240 96 430 7 421 113 13 29 430 3 423 14 26 12 45 2 2 117 2 48 6 336 147 2 35 3 2 15 106 70
split_gain=3167.46 1362.99 1150.71 833.191 825.538 739.146 701.175 679.984 651.56 612.949 653.949 610.902 1126.7 553.394 546.241 605.488 1799.76 818.922 1039 738.453 989.992 864.669 712.627 660.037 622.944 613.221 604.27 855.92 729.217 657.124
threshold=1.5000000000000002 3.5000000000000004 0 1 2 1.5000000000000002 3 24.500000000000004 4 545.50000000000011 5 12.500000000000002 26.500000000000004 6 7 10057.500000000002 9350.5000000000018 1.5000000000000002 7827.5000000000009 8 182.50000000000003 4.5000000000000009 1.5000000000000002 7919.5000000000009 118.84375000000001 548.50000000000011 7585.5000000000009 2.5000000000000004 1.5000000000000002 1.0000000180025095e-35
decision_type=10 10 9 9 9 10 9 8 9 10 9 2 2 9 9 2 2 8 2 9 8 10 10 2 10 8 2 2 10 8
left_child=1 2 -1 4 -4 6 9 -8 -5 -6 -11 12 -9 -10 -15 16 17 18 26 20 -17 -21 -22 -20 -19 -24 28 -28 -16 -29
right_child=-2 -3 3 8 5 -7 7 11 13 10 -12 -13 -14 14 15 19 -18 24 23 21 22 -23 25 -25 -26 -27 27 29 -30 -31
leaf_value=0.049630278249374063 0.040952025816306414 0.049848966429515355 -0.02150467869787423 -0.074774181828827738 0.028188012667201917 0.036825724208604783 0.022369939933872506 0.0036952346640488419 -0.045467801304292614 0.029444343312342913 -0.0256875986219358 0.034215397448590472 -0.063403009561976156 0.014603842485550179 0.0021146564884361348 -0.019557369559412299 0.027347862874096962 0.026317179122227714 -0.047314583201900934 -0.0070305524081852883 0.0020513888665269603 -0.060656255624682798 0.030818968050322443 -0.0094436753902847753 -0.039286534497110039 -0.044970759590484091 0.0011021831914530998 0.11276915984303096 -0.049141679994752316 0.026244588388879626
leaf_weight=1586.9187696129084 7736.991784285754 1922.0269313082099 1724.8446922525764 251.91213048901409 9104.2773344721645 3200.8334839046001 6314.3837482668459 21039.452228583395 546.85554632358253 951.07555839791894 1211.5386009812355 1547.6508325599134 644.8152108117938 11629.675809312612 18903.668328640983 3115.9325375929475 8558.1179210264236 4292.6086457548663 1714.9636388160288 15610.110833058134 7323.8183002732694 789.72790836170316 4719.9476932547987 3495.7228515725583 395.16401820629835 282.88882338255644 1204.4764633364975 405.00342922657728 720.34951248764992 478.92346661537886
leaf_count=947 5702 1087 9251 1819 14819 2964 9085 68141 5328 1651 4782 2557 4152 40033 83996 18170 23364 10051 10890 75924 32693 4305 10097 16041 2249 1441 5537 695 2718 1943
internal_value=0.00984757 0.00804744 0.00743769 0.00691901 0.0123541 0.0136855 0.0118741 0.00781791 0.00397386 0.0224842 -0.00142427 0.00386606 0.00169996 0.00421834 0.00454859 0.00292533 0.00700739 0.00150055 -0.00185755 -0.00222417 0.00562255 -0.00961288 0.0119875 -0.0219079 0.020787 0.0265334 0.00295426 0.0285235 0.000233162 0.065889
internal_weight=141425 133688 131766 130179 45738.9 44014 40813.2 29546.3 84439.9 11266.9 2162.61 23231.9 21684.3 84188 83641.1 72011.4 40169 31610.9 26923.1 31842.4 15442.6 16399.8 12326.7 5210.69 4687.77 5002.84 21712.4 2088.4 19624 883.927
internal_count=472432 466730 465643 464696 117402 108151 105187 83935 347294 21252 6433 74850 72293 345475 340147 300114 157484 134120 121820 142630 62401 80229 44231 26931 12300 11538 94889 8175 86714 2638
cat_boundaries=0 50 51 55 57 108 115 117 118 119
cat_threshold=1073741824 0 4096 0 0 8388672 0 0 2 0 0 536875008 0 268435464 0 0 0 0 16777216 1048576 0 0 65544 0 0 0 0 1073741856 33554432 0 0 0 64 0 0 0 268435456 65536 2048 4194304 2 0 0 3489660928 603979776 0 0 8388608 16384 536903680 2 18911232 2147549346 24593 1280 545327364 100696154 0 0 0 524288 8 2097152 0 33554432 33554432 0 0 134479872 16384 0 1 67125248 1 1048576 0 67108928 0 2147484672 4 0 131072 0 0 0 0 0 0 0 0 0 536871440 0 0 64 36700168 0 24576 0 0 0 0 0 0 16777216 0 0 32768 2684354576 67648 4096 16842752 704 0 163840 272908488 55038339 1 1
is_linear=0
shrinkage=0.05


Tree=53
num_leaves=31
num_cat=7
split_feature=309 396 332 430 420 138 12 430 5 399 19 26 22 40 48 3 26 10 8 15 38 29 33 2 133 88 12 26 317 147
split_gain=3038.64 1135.67 893.491 794.964 785.315 732.406 721.263 664.624 657.085 685.271 649.918 1625.41 826.939 650.465 668.076 780.832 673.013 640.995 639.826 681.915 670.259 628.659 651.194 588.246 571.303 570.902 567.538 558.512 526.845 523.298
threshold=2.5000000000000004 -6.4999999999999991 1.0000000180025095e-35 0 1 3.5000000000000004 2 3 4 1.0000000180025095e-35 2.5000000000000004 6.5000000000000009 6.5000000000000009 4.5000000000000009 5 554.50000000000011 28.500000000000004 1.5000000000000002 219.00000000000003 3.5000000000000004 25.500000000000004 17.500000000000004 4.5000000000000009 13052.500000000002 1.0000000180025095e-35 3.5000000000000004 6 90.500000000000014 100.03125000000001 5.5000000000000009
decision_type=10 8 10 9 9 10 9 9 9 10 2 2 2 10 9 10 2 10 10 2 8 10 8 2 8 10 9 2 10 8
left_child=1 7 3 -3 -5 6 -6 -1 -8 10 12 -12 13 14 16 26 -10 23 -19 20 -20 22 -17 24 27 -4 -16 -13 -2 -28
right_child=28 2 25 4 5 -7 8 -9 9 -11 11 17 -14 -15 15 21 -18 18 19 -21 -22 -23 -24 -25 -26 -27 29 -29 -30 -31
leaf_value=-0.036199936167853629 0.043775482019200618 0.050595356295182303 0.019669154356115898 -0.032768306028476794 0.052151137761876465 0.051571927500668892 0.031001622044842348 0.024916320928637801 -0.0044635294481853802 0.041557291440916078 0.035223464573018476 0.050127220804323691 0.067381895649671619 -0.041214437925259972 -0.013058526581056523 -0.058317631169694753 -0.049936511884617701 -0.036900245493824917 0.034987999390155913 0.0096248266328275035 -0.058370939768670131 -0.043668722822115945 0.00078601477599808038 -0.011965936418201815 0.0094160497376245145 -0.056125908272544836 0.0063542957308825978 -0.0317545996498678 -0.082391749533133649 0.028295570648310866
leaf_weight=455.87726885639131 6639.5625411197543 929.458151884377 13594.970454417169 1393.2719003967941 778.87627682089806 833.50288692489266 2221.1083164792508 11371.228189960122 21278.990133263171 1173.578088004142 5190.6159130111337 1781.3715779185295 467.24969120696187 916.27640043012798 3524.4085563831031 512.54835473187268 846.03749881312251 1572.7925018332899 253.30707048252225 3809.8635756485164 797.62134001031518 1257.4188749510795 5135.8409684076905 2130.3839203901589 5460.3523875325918 253.06376886367798 42950.102335714735 235.82584489881992 83.786838136613369 2901.0221233330667
leaf_count=2795 4585 604 20175 9000 979 587 4451 22035 101816 2031 9183 3516 312 3717 18641 2595 6633 10692 616 18578 5427 8535 19011 10595 21508 880 156481 1709 283 4462
internal_value=0.00940211 0.00775667 0.0063248 0.00479633 0.00439495 0.00488633 0.00451689 0.022551 0.00415618 0.00356975 0.0031288 0.0109032 0.00106002 0.000669349 0.00115881 0.0040526 -0.00620237 0.00303383 -0.00918032 -0.000211061 -0.0358685 -0.011695 -0.00457719 0.0112126 0.0178162 0.018284 0.00625511 0.0405546 0.0422032 0.00774084
internal_weight=140750 134027 122200 108352 107422 106029 105196 11827.1 104417 102196 101022 21232.1 79789.9 79322.6 78406.4 56281.3 22125 16041.5 6433.58 4860.79 1050.93 6905.81 5648.39 9607.93 7477.55 13848 49375.5 2017.2 6723.35 45851.1
internal_count=472432 467564 442734 421679 421075 412075 411488 24830 410509 406058 404027 81824 322203 321891 318174 209725 108449 72641 35313 24621 6043 30141 21606 37328 26733 21055 179584 5225 4868 160943
cat_boundaries=0 51 53 55 106 107 108 110
cat_threshold=1073741824 0 0 0 0 8256 0 0 0 128 2 536870912 0 8 131072 134217728 0 0 0 1048592 0 0 2147614856 0 2147483648 0 536870912 1073741824 0 0 0 0 33554496 0 0 0 268435456 64 1048576 4096 4098 0 0 2147483648 603979776 256 0 0 0 32768 65536 1929341996 3253502177 536875041 64 0 0 0 0 0 2097152 0 0 0 0 16384 335872 0 0 1 16384 0 0 0 0 0 134217732 4 0 131072 0 4096 0 162 0 4194304 0 0 0 264 0 67174400 64 0 0 12288 0 0 0 32768 0 0 0 0 0 524288 2 2 3242346202 4708609
is_linear=0
shrinkage=0.05


Tree=54
num_leaves=31
num_cat=10
split_feature=295 96 430 0 1 420 4 420 430 4 35 138 123 105 216 5 13 46 118 6 12 2 42 274 4 89 12 22 26 18
split_gain=2904.61 1219.3 1020.67 777.649 1006.15 976.286 823.478 821.75 721.866 779.244 896.017 849.56 754.46 683.332 685.953 663.478 638.86 833.709 626.36 827.041 818.456 683.092 636.535 622.973 668.281 609.307 602.433 599.61 584.446 660.189
threshold=1.5000000000000002 3.5000000000000004 0 131.06250000000003 1 2 118.50000000000001 3 4 180.50000000000003 104.96875000000001 1.5000000000000002 1.5000000000000002 1.5000000000000002 355.00000000000006 5 6 7 1.5000000000000002 225.50000000000003 8 3370.0000000000005 5.5000000000000009 1.0000000180025095e-35 149.50000000000003 1.5000000000000002 9 1.5000000000000002 20.500000000000004 8.5000000000000018
decision_type=10 10 9 2 1 9 8 9 9 8 10 10 8 8 10 9 9 9 10 10 9 2 8 10 10 10 9 2 2 2
left_child=1 2 -1 5 -5 -4 -7 -6 -8 10 13 12 -11 18 26 -9 -17 -18 19 20 -10 22 -21 -2 -25 -23 -15 -19 29 -22
right_child=23 -3 3 4 7 6 8 15 9 11 -12 -13 -14 14 -16 16 17 27 -20 21 28 25 -24 24 -26 -27 -28 -29 -30 -31
leaf_value=0.04953749582257265 0.04531187348718644 0.049207748142282515 -0.026482286653442867 0.042014016830213455 -0.023114025053579738 -0.072713350000135193 -0.059873215416399256 0.042719742250081932 0.043707938647135229 0.0050988431068175067 -0.034891807502339924 0.036508824685451122 0.03966266042786238 0.045385894785322928 -0.046444705218903662 0.033903448773066829 0.014818751462257473 -0.0086160350873634804 0.027842819977969502 0.010324994606912666 -0.0066559460764938523 0.0055278367217562975 -0.034565206717565314 -0.12634337053656164 0.017597987845031859 0.032510348353269367 0.01236895381715393 0.013517009209481177 -0.031173993091177889 0.23814453775462177
leaf_weight=1364.6170783862472 6371.5769446864724 1706.9583506733179 2617.4340277211741 2581.8642597012222 1797.6118924766779 344.20512442477047 419.64908580295742 1611.8918982539326 733.71010071411729 13812.546351077035 1563.0841030795127 3437.7381687238812 1782.5753155872226 1674.0164607651532 428.54678802378476 2584.5211963672191 19363.400961942971 9214.558882554993 2116.6473209634423 1326.5684498921037 16696.838166823611 25624.092959322035 1951.267776440829 85.611594334244728 1387.3905291929841 2278.2628259174526 7875.0263012778014 4581.4896532706916 2737.5320369675756 27.586767133325338
leaf_count=808 4257 990 16584 3064 8741 2154 2576 2088 1829 35050 9562 3437 1498 2737 3918 3516 40115 39124 3156 5085 88034 114312 12837 396 1732 4711 20959 16723 22382 57
internal_value=0.00897623 0.00722285 0.00667388 0.00621677 0.0118327 0.00353723 0.00446608 0.00982919 0.00478105 0.00511031 0.00250668 0.0140093 0.0090496 0.0034277 0.0154402 0.0114202 0.0099972 0.00812424 0.00118708 8.88817e-05 -0.00779362 0.00519444 -0.0163978 0.038537 0.00923205 0.00773099 0.0182175 -0.00126594 -0.00975266 -0.00625215
internal_weight=140099 132254 130547 129183 41735.3 87447.3 84829.9 39153.5 84485.7 84066 65033.2 19032.9 15595.1 63470.1 9977.59 37355.9 35744 33159.4 53492.5 51375.9 20195.7 31180.2 3277.84 7844.58 1473 27902.4 9549.04 13796 19462 16724.4
internal_count=472432 466047 465057 464249 113371 350878 334294 110307 332140 329564 289579 39985 36548 280017 27614 101566 99478 95962 252403 249247 112302 136945 17922 6385 2128 119023 23696 55847 110473 88091
cat_boundaries=0 50 51 54 57 107 108 110 111 113 115
cat_threshold=67108864 0 4096 0 0 64 0 0 0 0 0 536875008 0 268435464 0 0 0 0 16777216 1048594 131072 0 8 16 0 0 0 32 33554432 0 0 0 33554496 0 0 131072 0 33619968 2048 4194304 2 0 0 3221225472 67108864 0 0 0 16793600 536903680 2 3890930172 2198340034 50 1612095488 4254725 96 0 512 1024 0 8 256 0 16777216 33554432 0 49152 8192 16384 8388608 1 16384 33554496 2621440 0 67109120 0 150995968 8192 0 131072 0 0 0 34 0 0 0 537919488 0 536870912 0 65536 0 0 256 0 0 0 0 0 0 0 0 0 2147483648 2 2692809472 33554504 1 2717913361 1044 537395476 33570888
is_linear=0
shrinkage=0.05


Tree=55
num_leaves=31
num_cat=9
split_feature=309 207 430 25 268 332 35 0 358 423 420 366 26 421 14 12 12 3 29 275 63 148 19 14 12 29 134 45 2 430
split_gain=2767.83 1104 1020.32 845.136 809.836 1005.3 885.438 702.966 692.829 692.124 645.839 659.773 634.631 606.738 547.446 777.883 541.756 526.309 667.965 523.592 481.497 462.739 439.934 596.478 538.042 619.229 473.694 581.281 541.776 525.185
threshold=2.5000000000000004 1.5000000000000002 0 6.5000000000000009 1.5000000000000002 1.5000000000000002 29.148437500000004 226.12500000000003 1.0000000180025095e-35 1 2 400.12500000000006 26.500000000000004 3 3.5000000000000004 4 5 322.50000000000006 4.5000000000000009 2.5000000000000004 1.5000000000000002 13.500000000000002 70.500000000000014 111.50000000000001 6 165.50000000000003 1.5000000000000002 7 16062.500000000002 8
decision_type=10 10 9 2 10 10 8 2 10 9 9 10 2 9 2 9 9 8 10 10 10 10 2 2 9 10 10 9 2 9
left_child=1 2 -1 4 5 6 8 10 -4 -6 -8 13 -5 -12 15 -9 -15 18 -17 -2 21 22 23 24 25 -18 27 -26 -28 -29
right_child=19 -3 3 12 9 -7 7 14 -10 -11 11 -13 -14 16 -16 17 20 -19 -20 -21 -22 -23 -24 -25 26 -27 28 29 -30 -31
leaf_value=0.048943564739981849 0.043226969365662747 0.047757797623235419 0.03327085153492023 0.046926765785528131 0.042206594447715247 0.02621423650582886 -0.020497296945302657 -0.013804264569387329 0.0051892053587979589 -0.025696791177389169 0.03796315974726247 -0.048611435291462841 -0.0012488635324529554 0.04920241560194738 0.031711343468866421 0.011725796061864987 -0.03853028695702948 0.021314128454770587 -0.029887807651385895 -0.051295733860485797 0.032902572986133145 -0.066838463359648714 -0.024027637120436342 0.13091679482666096 -0.0036489246515379117 0.022276490560012178 0.023644827067596214 -0.070690185244851586 -0.043717241455474093 0.0059327814111587961
leaf_weight=1393.5040423795581 6144.8569560050964 1644.4253861159086 4765.1346342656761 2153.896215070039 416.54741470888257 5928.0993522740901 3080.7109294310212 3100.633803749457 4074.5987809356302 3209.194839630276 1223.1533872988075 620.24686041846871 1001.4475723877549 609.8819820471108 3084.1047054566443 3758.9158360995352 1574.5640092473477 8749.0291789155453 1297.0823234021664 150.08623330295086 1264.3369299285114 244.75069665908813 1589.9566529039294 90.370740350335836 27435.682107474655 570.34163318946958 4173.3606294095516 214.84351593069732 321.48243894800544 45475.287905680016
leaf_count=853 4447 1001 9015 1296 419 6714 21822 11449 8785 8335 2190 2067 1643 861 5789 9180 10450 19389 5387 421 1582 1170 13478 148 137518 3668 8749 1375 1325 171906
internal_value=0.00857618 0.00704356 0.00653412 0.00607539 0.00544015 0.00612532 0.00511022 0.00387025 0.0203269 -0.0178501 0.00195721 0.00276923 0.0316367 0.00314542 0.0123387 0.00880458 0.00263093 0.0138825 0.00105011 0.0409733 0.00228264 0.00180901 0.00201531 0.00253383 0.00238838 -0.0222577 0.0030719 0.0021039 0.0188269 0.00555831
internal_weight=139361 133066 131421 130028 126872 123247 117318 108479 8839.73 3625.74 88489 85408.3 3155.34 84788 19989.8 16905.7 83564.9 13805 5056 6294.94 82955 81690.6 81445.9 79855.9 79765.6 2144.91 77620.7 73125.8 4494.84 45690.1
internal_count=472432 467564 466563 465710 462771 454017 447303 429503 17800 8754 378309 356487 2939 354420 51194 45405 352230 33956 14567 4868 351369 349787 348617 335139 334991 14118 320873 310799 10074 173281
cat_boundaries=0 50 57 60 64 66 68 70 71 120
cat_threshold=67108864 0 0 0 0 64 0 0 0 0 0 536870912 0 268435464 0 0 0 0 131072 1048594 131072 0 8 131088 0 0 0 1073741856 33685504 0 0 0 67108928 0 0 0 0 65536 1050624 0 2 1 0 3221225472 603979776 0 0 8389632 16384 32768 536870930 3072 0 536870912 128 134496288 32776 3888114572 2622947 64 3068727300 1073741833 375658250 1024 2458429462 361985 536875009 576 22416072 113760647 2 1082130432 0 2048 0 524288 0 67108864 272629760 0 0 0 0 16384 8388608 0 67108864 33554496 0 0 256 537395712 436338688 536870912 0 131072 0 4096 1 2 0 0 0 537919488 0 536870912 0 0 0 33554432 0 0 0 0 0 0 4194304 0 0 16777216
is_linear=0
shrinkage=0.05


Tree=56
num_leaves=31
num_cat=14
split_feature=240 96 430 113 200 430 35 7 12 421 430 423 421 4 363 0 12 42 421 12 430 423 12 3 126 3 3 8 336 8
split_gain=2644.72 1169.86 971.755 724.506 697.131 778.187 733.825 782.227 739.318 760.947 606.087 604.233 534.993 502.455 841.05 581.587 506.668 451.864 450.045 512.765 622.061 645.698 527.805 597.117 641.212 545.303 832.453 550.989 622.994 540.113
threshold=1.5000000000000002 3.5000000000000004 0 2.5000000000000004 1.5000000000000002 1 139.93750000000003 2 3 4 5 6 7 180.50000000000003 88.031250000000014 34.515625000000007 8 173.50000000000003 9 10 11 12 13 564.50000000000011 1.5000000000000002 553.50000000000011 545.50000000000011 202.50000000000003 4.5000000000000009 422.50000000000006
decision_type=10 10 9 10 10 9 10 9 9 9 9 9 9 10 8 2 9 10 9 9 9 9 9 10 10 8 10 8 8 10
left_child=1 2 -1 4 5 -4 7 10 9 -9 -7 -8 -13 14 15 -10 -15 -5 -12 20 -20 -22 25 24 29 26 27 28 -21 -24
right_child=-2 -3 3 17 -6 6 11 8 13 -11 18 12 -14 16 -16 -17 -18 -19 19 22 21 -23 23 -25 -26 -27 -28 -29 -30 -31
leaf_value=0.048991553935500746 0.038297316444319898 0.047822140482344552 -0.078976135667965464 0.040937476496561209 0.050117596883471727 -0.075410178489656476 -0.04784545244914637 0.057366969323430078 -0.020729070923233454 -0.01839930823279259 0.018015716005954634 0.046965955113003534 -0.013036945993971837 0.0065382928729033453 0.025691922917928985 0.0080301924639808384 0.032365079976564251 -0.070092911878879491 0.049643768981850793 -0.0070767438420230137 0.062014409780575576 -0.021152349832302745 0.0098723274011330332 0.047978135568077264 0.051747504615495279 -0.014490294731428842 0.053376336052456001 0.0039529320367513955 -0.064641888317631346 -0.016979510240631653
leaf_weight=1295.5889571420848 6928.7275188155472 1699.3242611326277 266.29185174964368 1893.8415714204311 856.50049393624067 236.64634595997632 1077.7683421745896 360.36190271191299 1922.8040367420763 3174.7997835148126 4743.6617431715131 426.56924739852548 2486.1579102929682 2843.7725459784269 6753.0184938088059 20500.289753291756 5821.849154882133 96.29497892037034 364.75577813759446 6668.5121906287968 236.11272242479026 4843.8750660959631 14003.242068044841 1013.0386678390205 814.54228521883488 5276.001765312627 789.45035734027624 38680.132583670318 505.64653334766626 2161.8539109174162
leaf_count=820 5702 1087 2278 1380 502 1519 7550 655 7778 14825 10206 825 9918 5921 8597 61428 6251 377 433 34112 257 27649 52706 2308 515 28510 1493 163458 2813 10559
internal_value=0.00818744 0.00660471 0.0060664 0.00563044 0.00516116 0.00485549 0.00503896 0.00573108 0.0113156 -0.0105359 0.00285309 -0.0160589 -0.00411889 0.0133592 0.0102228 0.00556406 0.0239345 0.0355651 0.00309369 0.0021521 -0.0126136 -0.0171726 0.00330368 0.0106813 0.00846237 0.000745426 0.00246894 0.00159249 -0.011134 0.00628127
internal_weight=138741 131813 130113 128818 126828 125971 125705 121714 41376.9 3535.16 80337.5 3990.5 2912.73 37841.7 29176.1 22423.1 8665.62 1990.14 80100.8 75357.2 5444.74 5079.99 69912.4 17992.7 16979.6 51919.7 46643.7 45854.3 7174.16 16165.1
internal_count=472432 466730 465643 464823 463066 462564 460286 441993 105455 15480 336538 18293 10743 89975 77803 69206 12172 1757 335019 324813 28339 27906 296474 66088 63780 230386 201876 200383 36925 63265
cat_boundaries=0 51 92 93 95 99 147 153 157 159 163 165 215 219 221
cat_threshold=0 0 4096 0 0 64 0 0 0 0 0 536875008 0 8 0 0 0 0 16777216 1048576 0 0 65544 131072 0 0 0 1073741856 33554432 67108864 0 0 64 0 0 536870912 268435456 65536 2048 4194304 2 0 0 3489660928 603979776 0 0 8388608 16384 536903680 65537 0 512 0 0 8 256 0 16777216 0 0 32768 0 16384 0 1 0 64 2621440 0 67109120 512 1024 24576 0 537001984 0 0 0 34 0 4194304 0 536870912 0 536871424 8388608 71368712 16 0 256 8192 12 1097217475 68082981 4 546308672 291505166 32 1073872896 0 0 524288 262144 2097152 0 33554432 33554433 0 0 134479872 0 0 0 67108864 1 0 0 64 524288 2148073472 537133060 0 0 0 0 0 0 0 0 0 0 0 16 0 0 268435520 35651592 0 16384 0 0 0 512 0 8192 16777216 16781328 1073741888 32 536952832 674234496 2281963520 73400320 16777497 571475328 1024 101187584 4194304 45166592 1368457289 377488659 1024 483180744 55038867 2097152 0 0 0 0 2080 0 0 0 0 9216 16512 256 0 16777216 134219776 0 16777216 0 32 0 0 256 2048 0 0 272629760 0 0 16 0 0 0 1024 8200 0 0 67108864 2147483648 16 2097152 0 0 0 0 256 0 0 4 2147491840 0 0 0 16384 2164336646 2100232
is_linear=0
shrinkage=0.05


Tree=57
num_leaves=31
num_cat=13
split_feature=309 207 430 138 13 430 25 220 332 27 14 40 430 26 421 3 257 12 12 421 1 420 5 0 423 3 38 129 48 340
split_gain=2533.94 993.049 941.121 768.962 713.902 700.531 713.85 705.636 830.003 764.714 622.022 605.039 656.01 584.838 550.821 529.881 502.458 489.777 453.43 449.928 536.207 706.934 620.089 486.741 615.868 533.667 573.86 507.496 480.597 529.682
threshold=2.5000000000000004 1.5000000000000002 0 3.5000000000000004 1 2 7.5000000000000009 2.5000000000000004 1.0000000180025095e-35 1.0000000180025095e-35 2.5000000000000004 6.5000000000000009 3 25.500000000000004 4 110.50000000000001 68.281250000000014 5 6 7 8 9 10 47.953125000000007 11 181.50000000000003 346.50000000000006 1.5000000000000002 12 2.5000000000000004
decision_type=10 10 9 10 9 9 2 10 10 2 2 10 9 2 9 8 8 9 9 9 1 9 9 2 9 10 10 10 9 8
left_child=1 2 -1 4 -4 -6 7 8 9 10 14 15 -13 -8 -7 -11 -2 -17 -16 -19 21 -21 -22 25 -25 26 -24 -28 -26 -30
right_child=16 -3 3 -5 5 6 13 -9 -10 11 -12 12 -14 -15 18 17 -18 19 -20 20 22 -23 23 24 28 -27 27 -29 29 -31
leaf_value=0.046879919478024619 0.041134059742803528 0.046184130773509829 -0.055170593988369501 0.047969249529231844 -0.077628939733809701 0.031920654637153448 0.048298566672927805 -0.05163647156561546 0.01694883144108077 -0.023868445936843286 0.048673664318238698 0.04520481286405191 -0.048512974324106319 -0.00097924728426222133 -0.0063247644287659239 0.041421051763016865 -0.12227736201357685 0.022899864724401878 0.013508777000661977 0.012465347904844664 0.029840853939143614 -0.034099820915559291 0.0065185640329889945 0.031885030620315204 0.0078897513122419705 -0.008574598764253219 0.048212835672688754 0.21862715476878072 -0.00033758130558527415 -0.06311287297150267
leaf_weight=1377.3364827558398 5871.1648304723203 1548.9279810413718 479.24299851059914 1055.7663346081972 243.91483381576836 2607.7603452503681 1732.3773609623313 548.08294318243861 13454.621676571667 1863.7281823735684 1180.8001707717776 220.22677466273308 1047.3008101321757 922.85257868468761 4374.3272924311459 814.77560349181294 47.420743800699711 2668.458234930411 8417.8086312189698 1282.0815950799733 2072.1761431228369 2217.5935989292338 3647.5519935265183 1964.0105999112129 30560.889535911381 16159.711374308914 241.60164358466864 53.331518068909645 29083.007475931197 339.95788131281734
leaf_count=950 4667 1001 4613 759 2071 2373 994 1785 20629 8828 672 263 4563 1490 9431 1262 201 6600 13602 5505 4852 16330 16333 6677 116058 84185 1439 44 132864 1391
internal_value=0.00781759 0.00638441 0.0059125 0.00547189 0.00512234 0.00535248 0.00551733 0.00497205 0.00522171 0.00379789 0.0136999 0.00205565 -0.0322561 0.0311716 0.0110183 0.00252345 0.0398248 0.00306334 0.00672697 0.00271232 0.00209498 -0.0170541 0.00289356 0.00220945 0.00440347 -0.00455066 0.0119429 0.0790281 0.00349776 -0.0010629
internal_weight=138099 132180 130631 129254 128198 127719 127475 124820 124272 110817 16580.7 94236.4 1267.53 2655.23 15399.9 92968.9 5918.59 91105.1 12792.1 90290.4 87621.9 3499.68 84122.2 82050.1 61947.9 20102.2 3942.49 294.933 59983.9 29423
internal_count=472432 467564 466563 465613 464854 460241 458170 455686 453901 433272 26078 407194 4826 2484 25406 402368 4868 393540 23033 392278 385678 21835 363843 358991 256990 102001 17816 1483 250313 134255
cat_boundaries=0 50 52 92 136 140 142 144 148 149 152 153 160 161
cat_threshold=67108864 0 0 0 0 64 0 0 0 0 0 536870912 0 268435464 0 0 0 0 131072 1048578 131072 4194304 2147483656 131088 0 0 0 32 33685504 0 0 0 64 0 0 0 0 33619968 1050632 0 2 1 0 3221225472 603979776 0 0 1024 16384 32768 3512119320 155069984 0 2 0 0 0 256 0 4096 0 0 0 0 16384 8388608 1 0 64 2621440 0 67109120 512 134218752 24640 0 131072 0 0 0 34 0 4194304 0 536870912 0 536870912 8388608 71368712 1040 0 256 1073741824 0 0 0 0 0 0 0 0 0 524288 0 0 0 0 134217728 1 8388608 0 0 2097152 0 0 0 0 0 134217728 134217728 0 16 0 0 0 0 0 0 536870912 32832 33554432 0 0 0 0 268435456 1927086084 25166940 1065354514 1088 538972193 80 1107821838 2164740 2225177088 546308125 543431778 1056 4 16847040 479334667 91 3 553648128 65600 4096 16384 64 0 147464 1
is_linear=0
shrinkage=0.05


Tree=58
num_leaves=31
num_cat=4
split_feature=309 207 25 430 220 332 27 4 40 430 26 13 15 26 75 12 28 37 6 29 3 113 141 2 27 22 3 24 18 42
split_gain=2410.69 1166.52 1063.68 844.57 875.933 720.144 796.976 736.565 705.138 647.224 596.783 536.337 528.992 1003.67 670.945 592.915 672.442 531.457 631.233 820.993 719.383 894.023 1081.59 639.711 591.717 693.501 576.791 670.867 658.535 689.556
threshold=3.5000000000000004 1.5000000000000002 6.5000000000000009 0 2.5000000000000004 1.0000000180025095e-35 1.0000000180025095e-35 156.50000000000003 4.5000000000000009 1 27.500000000000004 2 2.5000000000000004 6.5000000000000009 1.5000000000000002 3 302.50000000000006 269.50000000000006 218.00000000000003 137.50000000000003 318.50000000000006 1.0000000180025095e-35 1.5000000000000002 1566.0000000000002 15.500000000000002 5.5000000000000009 161.50000000000003 92.500000000000014 2.5000000000000004 126.50000000000001
decision_type=10 10 2 9 10 10 2 8 10 9 2 9 2 2 10 9 8 8 10 10 8 10 10 2 2 2 8 2 2 8
left_child=1 2 3 -1 5 6 7 -5 11 -10 -4 -8 -13 -14 15 -15 17 18 19 -17 -20 23 -23 -22 25 -19 28 -28 -21 -30
right_child=-2 -3 10 4 -6 -7 8 -9 9 -11 -12 12 13 14 -16 16 -18 24 20 26 21 22 -24 -25 -26 -27 27 -29 29 -31
leaf_value=0.048870008379564157 0.046220154033812202 0.045709700894164484 0.04638789956542904 0.0066739001062307559 -0.053034045921069944 0.015853293678665181 -0.02375575532196831 0.029014405849450999 0.037571549131060311 -0.049129495355073799 0.0019732187639852163 0.00039570035248207345 0.022085896167924265 0.031650945665153606 -0.042795689181177876 -0.045852565569055502 -0.01948527087219161 0.011909624524515453 -0.019914292886577197 0.044552081523964282 0.18135849552254957 -0.0038792048560593257 0.14292506828944235 0.039024403131807876 -0.023013990476924939 0.057893081850985233 -0.033426689616365711 0.24528970245198317 0.70770067836924355 0.16454254315122294
leaf_weight=1079.4313719570637 3898.3422109633684 1854.6253559961915 2463.9566233381629 12103.359186317772 654.65363467857242 13528.037728760391 1913.4155929200351 5307.3117309957743 258.74614424817264 1148.8899741731584 1091.2882417663932 63793.647041384131 9284.8132041729987 1743.652727458626 799.25206836313009 1453.1371025294065 3206.7996487375349 2216.7966644018888 1879.5310618542135 255.55337301269174 83.014593284577131 3328.2787725180387 130.38065139576793 1608.9797364398837 649.82904870063066 1301.2455875277519 392.98902143537998 22.845002546906471 7.2125318422913551 30.779583733528852
leaf_count=695 2837 1239 1605 22224 2141 21023 16247 5156 377 5145 1718 281123 21256 5714 4096 10280 21831 8102 10421 269 86 14403 340 4431 4222 2216 2888 192 6 149
internal_value=0.00746274 0.00633177 0.0057774 0.00502916 0.00465263 0.00495166 0.00364562 0.013484 0.00185217 -0.0332746 0.0327547 0.00237762 0.00292229 0.00859965 0.0020473 0.00400464 0.00107522 0.00601094 -0.000703766 -0.0243274 0.00656298 0.0162248 0.00165486 0.0460078 0.020821 0.0289179 0.019766 -0.0181146 0.0734275 0.267657
internal_weight=137491 133592 131738 128183 127103 126448 112920 17410.7 95509.8 1407.64 3555.24 94102.2 92188.7 28395.1 19110.3 18311 16567.4 13360.6 9192.7 2162.52 7030.18 5150.65 3458.66 1691.99 4167.87 3518.04 709.38 415.834 293.545 37.9921
internal_count=472432 469595 468356 465033 464338 462197 441174 27380 413794 5522 3323 408272 392025 110902 89646 85550 79836 58005 43465 13784 29681 19260 14743 4517 14540 10318 3504 3080 424 155
cat_boundaries=0 50 94 96 98
cat_threshold=67108864 0 0 0 0 64 0 268435456 0 0 2 0 0 8 0 134217728 0 0 0 1048594 131072 4194304 2147614848 131088 2147483648 0 536870912 32 0 0 0 0 67108864 268435456 0 537001984 0 0 1050624 0 2 0 0 1073741824 603979776 0 0 0 16384 536903680 1073741824 0 0 0 0 8388608 0 4194304 0 0 524288 0 0 0 0 0 1 8388608 0 0 2097152 2048 256 0 0 0 134217728 134217728 0 16 0 0 536870912 32 0 0 536870912 32832 33554432 0 0 1 0 268435456 3579228186 202253824 3791651347 67108864
is_linear=0
shrinkage=0.05


Tree=59
num_leaves=31
num_cat=9
split_feature=309 200 25 430 220 421 35 399 430 430 5 332 8 421 47 51 3 19 371 26 105 12 26 3 133 2 26 2 2 37
split_gain=2295.16 1105.05 994.91 815.287 771.789 667.715 713.295 738.893 692.785 678.358 673.853 683.668 698.253 595.083 720.381 774.002 675.623 604.79 627.517 695.23 738.362 599.31 814.466 591.48 683.627 754.186 574.971 555.75 549.723 534
threshold=3.5000000000000004 1.5000000000000002 6.5000000000000009 0 2.5000000000000004 1 39.984375000000007 1.0000000180025095e-35 2 3 4 1.5000000000000002 498.50000000000006 5 6 7 303.50000000000006 3.5000000000000004 452.23500061035162 6.5000000000000009 1.5000000000000002 8 11.500000000000002 174.50000000000003 1.0000000180025095e-35 1675.5000000000002 27.500000000000004 10895.500000000002 15063.500000000002 224.50000000000003
decision_type=10 10 2 9 10 9 10 10 9 9 9 10 8 9 9 9 8 2 10 2 10 9 2 10 10 2 2 2 2 10
left_child=1 2 3 -1 5 -5 7 9 -8 -7 -11 13 -13 28 16 -16 21 18 19 -18 27 -15 23 24 -23 -26 -4 -21 -12 -24
right_child=-2 -3 26 4 -6 6 8 -9 -10 10 11 12 -14 14 15 -17 17 -19 -20 20 -22 22 29 -25 25 -27 -28 -29 -30 -31
leaf_value=0.048425884955315308 0.045706590711007168 0.045457241308522883 0.045731380453064033 0.037207902353100938 -0.049340241140601253 -0.080715415399836815 0.055338494910109275 0.043982998640479214 -0.015405557226972991 0.030114045678262459 0.017825936411173395 0.0264549654504381 -0.036637373799482953 0.046313719455635789 0.015379333758951647 -0.0027881199178479582 0.013093046331552971 0.033893818036350158 0.046818724199988088 -0.044117923990731105 0.04706141219603429 0.045303044622907192 -0.066359162543622077 -0.013523957125492526 0.087793583213402568 -0.0059288206424300618 0.0018763822136274551 -0.00085459590633235887 -0.0069102218041602395 -0.010089707596314236
leaf_weight=1051.9545022770762 3748.8371668495238 1754.3622601553798 2376.5881810374558 1551.5038983654231 663.89893821999431 221.50765446014702 356.62568076327443 1215.7542977854609 6335.4376628315076 2595.7025423496962 11522.834598049521 5267.0388482324779 478.35786648094654 591.6306814737618 6528.1472396440804 57509.030665519647 12090.557607535273 3159.0164672769606 1083.2521712705493 1417.799411803484 452.88878811150789 1249.186677031219 796.95593921467662 3504.8748302869499 232.61302353441715 2779.659105245024 1090.2544915005565 1558.010285820812 2789.8543756045401 895.29528696462512
leaf_count=697 2837 1187 1605 2215 2143 1697 277 1700 28410 4563 24981 5795 1351 765 21836 279980 31463 4828 839 6579 425 2037 4037 12319 235 8350 1718 5574 8688 3301
internal_value=0.00712344 0.00603689 0.00551044 0.00479404 0.00442803 0.00471128 0.00430341 0.00520478 -0.0115759 0.00480089 0.00496998 0.00439441 0.0212019 0.00350202 0.00205263 -0.000936074 0.0084732 0.0138411 0.0100256 0.00745744 -0.0124153 -0.00208163 -0.00515226 0.00169115 0.0142049 0.00130859 0.0319398 -0.021467 0.0129952 -0.0365895
internal_weight=136869 133121 131366 127899 126847 126184 124632 117940 6692.06 116724 116503 113907 5745.4 108162 93848.9 64037.2 29811.7 19761.5 16602.5 15519.3 3428.7 10050.2 9458.58 7766.33 4261.46 3012.27 3466.84 2975.81 14312.7 1692.25
internal_count=472432 469595 468408 465085 464388 462245 460030 431343 28687 429643 427946 423383 7146 416237 382568 301816 80752 49708 44880 44041 12578 31044 30279 22941 10622 8585 3323 12153 33669 7338
cat_boundaries=0 50 54 105 156 157 161 162 163 164
cat_threshold=67108864 0 0 0 0 64 0 268435456 0 0 2 0 0 8 0 0 0 0 131072 1048594 131072 4194304 2147614720 131088 2147483648 0 0 32 0 0 0 0 67108864 268435456 0 537001984 0 0 1050624 0 2 0 0 1073741824 603979776 0 0 8388608 16793600 536903680 2224620036 536870921 908332066 1056 0 0 0 0 0 8192 0 4194306 1 0 9216 0 0 2 150994944 134217728 128 0 32768 0 0 524288 1 0 0 0 134217728 134217728 0 4 0 0 0 0 0 1073741824 4 268501056 2097152 4096 2097184 0 0 268435456 512 0 0 0 0 0 32768 1073741824 0 1024 0 0 0 0 4194304 0 0 0 262144 0 0 524289 0 0 524288 0 67109120 524288 402653184 536895488 0 131072 0 134217728 134217728 0 65536 0 0 536870912 536870912 536870912 0 65544 0 2097152 256 8192 0 0 0 512 4194304 0 0 0 0 134250496 2 1610620928 3516027924 29364741 72 2 1 2726298625
is_linear=0
shrinkage=0.05


Tree=60
num_leaves=31
num_cat=10
split_feature=240 138 430 423 7 113 13 12 421 14 26 42 430 363 105 6 4 2 2 48 2 420 31 31 12 361 42 336 15 2
split_gain=2196.16 1019.8 848.922 663.717 635.537 631.093 566.848 621.028 603.287 573.644 1060.22 555.052 552.548 495.52 475.556 460.386 456.541 453.014 1133.69 1013.15 816.906 1315.37 789.433 739.779 1037.24 725.047 705.037 664.03 888.676 977.445
threshold=1.5000000000000002 3.5000000000000004 0 1 2 1.5000000000000002 3 4 5 7.5000000000000009 27.500000000000004 35.500000000000007 6 69.156250000000014 1.5000000000000002 162.50000000000003 149.50000000000003 11904.500000000002 9350.5000000000018 7 7827.5000000000009 8 361.50000000000006 194.50000000000003 9 749.25000000000011 31.500000000000004 6.5000000000000009 2.5000000000000004 7663.5000000000009
decision_type=10 10 9 9 9 10 9 9 9 2 2 10 9 10 10 10 10 2 2 9 2 9 8 10 9 8 8 10 2 2
left_child=1 2 -1 -4 12 6 -6 8 -8 10 11 13 -5 -9 15 -10 -2 18 20 22 23 -22 25 27 -25 -19 -23 28 -14 -30
right_child=16 -3 3 4 5 -7 7 9 14 -11 -12 -13 17 -15 -16 -17 -18 19 -20 -21 21 26 -24 24 -26 -27 -28 -29 29 -31
leaf_value=0.047549643759144007 -0.038640436222898457 0.047658689132313449 -0.058377687575419474 -0.076750261368918854 -0.047018925409271162 0.031776001701064503 0.048908796755842116 0.010436792788390131 0.0047375528739734586 0.031904337243061354 -0.06947450404102766 -0.0050098930354052921 0.0026287769527309542 0.030466791394256804 0.062407033233233281 -0.025485229513280319 0.038273609846683411 -0.00018017475738492573 0.016012376677147 -0.011801330088820686 0.052948908941018683 -0.0051246394322512819 0.020823967009454363 0.043225184214952646 -0.024430466812655864 -0.085535167417271005 -0.037801040170890032 -0.045075337434653646 0.016725511819398211 0.073241360355476445
leaf_weight=1149.0739649012685 199.31473105028272 1412.9499938264489 407.62868284527212 211.13725113868713 453.37867770902812 2993.5627724155784 447.89911321550608 22741.924542568624 2056.1921745948493 3046.9772930964828 422.60440286062658 5004.4489274676889 16903.565662450157 3572.8182143233716 213.02003441751003 3254.4350430332124 6026.4386625215411 9044.6680849865079 16578.887579262257 14834.910361325368 643.79879757203162 3298.7709824806079 5924.5897202119231 654.8379341699183 3863.4581127148122 255.83628561720252 3304.2700918652117 587.08698888868093 5879.2352448999882 879.50145910307765
leaf_count=825 521 1046 3161 1516 3701 3094 895 56512 7389 4397 2791 17900 67577 3504 131 16120 5181 37927 56398 74505 645 12918 19870 2278 25826 1243 20368 2558 19928 1707
internal_value=0.00680103 0.00541216 0.00494809 0.00456 0.00476648 0.00960736 0.00799947 0.00862086 -0.00627086 0.0111781 0.00919208 0.0102536 0.00218307 0.0131563 -0.0108255 -0.0137834 0.0358112 0.00239397 0.00519275 -0.00250202 0.000212056 -0.0147915 0.00655896 0.0039916 -0.0145835 -0.0025281 -0.021444 0.00745263 0.0087559 0.0240798
internal_weight=136267 130041 128629 127479 127072 44207.3 41213.7 40760.3 5971.55 34788.8 31741.8 31319.2 82864.6 26314.7 5523.65 5310.63 6225.75 82653.4 52593.4 30060 36014.5 7246.84 15225.1 28767.7 4518.3 9300.5 6603.04 24249.4 23662.3 6758.74
internal_count=472432 466730 465684 464859 461698 116434 113340 109639 24535 85104 80707 77916 345264 60016 23640 23509 5702 343748 210203 133545 153805 33931 59040 119874 28104 39170 33286 91770 89212 21635
cat_boundaries=0 51 57 58 60 62 66 117 118 121 123
cat_threshold=0 0 4096 0 0 64 0 0 0 0 0 536875008 0 8 131072 0 0 0 16777216 1048576 0 0 196616 2048 2147483648 0 0 1073741856 33554432 0 0 0 64 0 0 536870912 268435456 65536 0 4194304 2 0 0 3221225472 603979776 0 0 8388608 16384 536903680 65537 33558528 32785 268435456 407372288 723009792 2148012040 12 3529675288 18227744 1090532815 67427591 536870916 546308160 56626766 32 0 0 0 524288 262152 2097152 0 33554432 33554432 0 16384 134479872 0 0 0 67125248 1 1048576 0 67108928 0 2147484672 4 0 0 0 0 0 0 1 0 0 0 0 16 0 0 268435456 36700168 0 0 0 0 0 512 0 0 16777216 0 0 16809984 1 1 1208236033 20 35651610 67108868
is_linear=0
shrinkage=0.05


Tree=61
num_leaves=31
num_cat=11
split_feature=309 207 25 430 220 0 420 1 4 46 0 0 127 35 30 372 430 421 405 430 26 24 30 19 14 275 12 421 421 146
split_gain=2117.81 1027.23 892.676 731.301 717.733 636.685 919.037 828.395 746.208 734.733 717.326 716.437 597.628 597.672 984.082 589.527 561.056 560.858 631.477 662.265 559.235 502.626 668.122 487.465 528.617 459.338 452.811 447.761 439.305 439.109
threshold=3.5000000000000004 1.5000000000000002 6.5000000000000009 0 2.5000000000000004 138.06250000000003 1 2 118.50000000000001 3 475.12500000000006 440.12500000000006 2.5000000000000004 39.984375000000007 373.50000000000006 141.31915283203128 4 5 6 7 26.500000000000004 1.5000000000000002 15.500000000000002 71.500000000000014 112.50000000000001 2.5000000000000004 8 9 10 1.0000000180025095e-35
decision_type=10 10 2 9 10 2 9 1 8 9 2 2 10 8 8 10 9 9 9 9 2 2 10 2 2 10 9 9 9 8
left_child=1 2 3 -1 5 6 -5 -7 -8 11 15 -9 13 14 16 21 -10 -15 19 -19 -4 -11 -23 24 26 -2 -20 -21 -18 -28
right_child=25 -3 20 4 -6 7 8 9 12 10 -12 -13 -14 17 -16 -17 28 18 23 27 -22 22 -24 -25 -26 -27 29 -29 -30 -31
leaf_value=0.047643254386603356 0.047817932725475076 0.043954168305095943 0.044871955076537857 -0.028100775335422597 -0.04802408671124641 0.033188165837849372 -0.071619060795532263 0.0074310132263871662 0.040407766424696671 -7.9006493037504414e-05 -0.021651035113257014 0.028011959419070115 0.055483163579953913 0.036466393738648427 0.026454214163571591 -0.034774273106299255 -0.0049703302671067874 0.054299003311666372 -0.033710347810649431 -0.014517415711320428 0.0011272706724676056 0.029565294391547248 -0.018570463599870406 -0.029436081770595191 0.12281096289543812 -0.065677343342943215 0.00055867417090356365 -0.05548328481287762 -0.052295106696941318 0.010574599308629751
leaf_weight=955.92759199440479 3412.9013599604368 1711.73804314062 2233.7893039509654 2485.3035164317116 660.32960944622755 3353.6042579300702 336.40443280898035 13595.178543388844 453.55895229429007 8333.5095763672143 3204.757858697325 6137.4381619021297 538.8809771463275 1099.5242163036019 5952.5178185421973 890.22090684808791 1556.6176344882697 280.81232359819114 857.15845887362957 2862.5466482732445 1085.711319796741 3786.6433923393488 890.38034657388926 1228.1618846524507 90.951677981764078 91.540240705013275 52184.317564266734 870.62618082109839 711.38791137561202 13846.388952113688
leaf_count=680 2546 1239 1592 16484 2141 4633 2158 32169 387 34511 13469 8184 363 1885 10393 3221 3427 208 7406 11610 1731 9157 5786 11836 133 291 245496 5778 2729 30789
internal_value=0.00648945 0.00547243 0.00496761 0.00429942 0.00396703 0.0042408 0.00179747 0.00942971 0.0026972 0.00725585 -0.00032639 0.0138323 0.00300044 0.00265551 0.0150666 0.00458991 -0.00984003 0.00118723 0.00064499 -0.0186277 0.0305644 0.00728333 0.0204015 0.00177928 0.00235166 0.0448533 0.00218787 -0.0241939 -0.0199787 0.00265857
internal_weight=135699 132194 130483 127163 126207 125547 85355.2 40191.7 82869.9 36838.1 17105.5 19732.6 82533.5 81994.6 8674.08 13900.8 2721.56 73320.5 72221 4013.99 3319.5 13010.5 4677.02 68207 66978.8 3504.44 66887.9 3733.17 2268.01 66030.7
internal_count=472432 469595 468356 465033 464353 462212 351082 111130 334598 106497 66144 40353 332440 332077 16936 52675 6543 315141 313256 17596 3323 49454 14943 295660 283824 2837 283691 17388 6156 276285
cat_boundaries=0 50 53 54 55 106 110 111 156 158 162 166
cat_threshold=69206016 0 0 0 0 64 0 0 0 0 2 0 0 8 0 0 0 0 16908288 1048594 131072 4194304 2147614848 131088 0 0 536870912 32 0 0 0 0 67108864 268435456 0 131072 0 0 1050624 4194304 2 0 0 1073741824 603979776 0 0 0 16384 536903680 3890930092 2206728642 39 3 1 0 0 2048 524288 0 0 0 268435456 0 0 524288 0 0 268435456 0 67108864 0 9437184 0 32 0 34080768 1 0 0 16777216 0 0 0 16 0 0 0 0 0 0 1073741824 41024 0 16 0 0 256 0 0 4194304 0 0 0 67248128 65536 3064532996 9 371465992 1024 1 0 0 0 0 0 8192 0 4194306 0 0 0 262144 1 2 150994944 134219776 128 0 0 0 0 524288 1 0 0 0 33554432 134217728 0 0 0 0 0 0 0 1073741824 0 268533824 2097152 0 2097184 0 0 268435456 512 22169800 75996551 262144 538069072 8913088 2 2155880448 2157070336 101712002 2
is_linear=0
shrinkage=0.05


Tree=62
num_leaves=31
num_cat=11
split_feature=309 207 25 430 393 220 33 421 430 113 12 21 423 26 420 26 421 45 371 63 10 336 344 10 47 194 42 275 12 423
split_gain=2015.85 966.782 833.384 700.46 656.716 813.714 632.54 664.52 630.686 618.068 602.9 590.894 753.658 647.715 863.981 577.159 546.403 533.235 497.806 551.447 533.75 739.059 468.924 452.647 836.831 446.733 432.632 427.443 426.297 411.649
threshold=3.5000000000000004 1.5000000000000002 7.5000000000000009 0 1.0000000180025095e-35 2.5000000000000004 37.500000000000007 1 2 2.5000000000000004 3 1.5000000000000002 4 1.5000000000000002 5 25.500000000000004 6 7 580.56719970703136 1.0000000180025095e-35 1.5000000000000002 8.5000000000000018 1.5000000000000002 73.500000000000014 8 1.5000000000000002 173.50000000000003 2.5000000000000004 9 10
decision_type=10 10 2 9 10 10 10 9 9 10 9 2 9 2 9 2 9 9 10 10 10 8 10 8 9 10 10 10 9 9
left_child=1 2 3 -1 5 6 7 -5 -9 10 -10 12 -12 22 -15 -4 -8 23 20 -20 25 28 -13 24 -14 -19 -11 -2 -22 -27
right_child=27 -3 15 4 -6 -7 16 8 9 26 11 13 17 14 -16 -17 -18 18 19 -21 21 -23 -24 -25 -26 29 -28 -29 -30 -31
leaf_value=0.046603614274383802 0.04741367442771114 0.043168366169861312 0.046477655612777766 0.029556566825198374 0.041178594579854289 -0.053838009939691539 -0.063620064416357244 -0.07609133963597034 0.046185854766173838 0.038403979773504307 -0.032665500151274666 0.03879713248543723 -0.029663025389348494 0.045396514132188065 -0.010694728275911256 0.00099736573725208019 -0.008750271335832626 0.0038192253953226265 -0.023609571255161905 0.036985695670932621 0.0022214102344313767 -0.072754673376130008 -0.018099847970125389 0.019438025782704732 0.011838328536115973 0.051960746738663015 -0.075524971971533766 -0.060781752213339202 -0.010581604526766148 -0.038744011432181681
leaf_weight=952.77821506559849 3273.4375229515135 1657.147228077054 1987.0727388449013 2545.6823880365118 1163.5754569880664 616.98078476637602 529.01167784258723 236.6640584282577 811.4215901196003 1726.9850756153464 1512.8661386985332 3145.9033179283142 1598.214892078191 888.28502462990582 2902.9053726997226 1074.9329003989697 2938.3782902639359 61897.404345867224 473.88624167442322 1807.7562760598958 12997.487920828164 398.97875017300248 409.2380099222064 8175.4645512700081 5061.2248697448522 135.17600259557366 87.552372220903635 93.903795309364796 12997.896421020851 1000.2918388806283
leaf_count=740 2546 1239 1366 4122 1710 2111 2763 1920 931 1339 10739 3356 6767 912 8430 1712 8931 234114 1382 2083 57149 2285 917 22560 19524 342 366 291 62552 7233
internal_value=0.00619547 0.00521897 0.0047355 0.00411409 0.00378895 0.00344091 0.00372527 0.00432959 0.00378375 0.00395035 0.00349857 0.00319415 0.00226154 0.0169161 0.00253912 0.0305116 -0.0173303 0.0027603 0.00133789 0.0244003 0.000749479 -0.00521994 0.0322476 0.0115554 0.00187832 0.00324911 0.0329068 0.0443965 -0.00418341 -0.0278293
internal_weight=135099 131731 130074 127012 126059 124896 124279 120811 118266 118029 116214 115403 108057 7346.33 3791.19 3062.01 3467.39 106544 91708.9 2281.64 89427.2 26394.4 3555.14 14834.9 6659.44 63032.9 1814.54 3367.34 25995.4 1135.47
internal_count=472432 469595 468356 465278 464538 462828 460717 449023 444901 442981 441276 440345 426730 13615 9342 3078 11694 415991 367140 3465 363675 121986 4273 48851 26291 241689 1705 2837 119701 7575
cat_boundaries=0 50 54 105 107 113 115 119 120 121 123 130
cat_threshold=67108864 0 0 0 0 64 0 0 0 0 2 0 0 8 0 0 0 0 0 1048594 131072 4194304 2147614848 131088 0 0 536870912 1073741856 0 0 0 0 67108864 0 0 537001984 268435456 0 1048584 0 2 0 0 1073741824 603979776 0 0 8388608 16384 536903680 2228822020 545259549 908332066 32 1073741824 0 1024 0 0 8388608 0 0 0 0 32768 134217856 0 0 0 0 0 524288 0 0 512 0 536870912 0 536870912 0 4096 134217728 128 65536 4194304 0 536870912 0 16 8388608 71303176 1040 2147483648 262144 24576 0 0 0 0 272629760 0 0 0 0 150994944 536875009 64 1124077568 1 268468224 943784448 725106816 2148012288 16777281 71332108 1082171392 10490832 4743937 384 1 1 3531702274 67174400 18 1024 0 0 66304 262176 131080
is_linear=0
shrinkage=0.05


Tree=63
num_leaves=31
num_cat=9
split_feature=309 200 96 430 430 4 399 106 134 430 7 13 12 14 37 113 33 3 113 29 8 12 15 421 6 48 3 26 133 358
split_gain=1917.89 917.923 807.375 723.869 685.242 639.211 632.14 691.424 608.137 591.714 559.139 567.469 658.721 824.403 548.431 545.342 503.001 479.143 875.398 887.319 630.363 694.586 682.425 614.142 607.639 770.607 899.449 1162.41 1077.8 814.047
threshold=3.5000000000000004 1.5000000000000002 3.5000000000000004 0 1 118.50000000000001 1.0000000180025095e-35 5.5000000000000009 2.5000000000000004 2 3 4 5 1.5000000000000002 1.0000000180025095e-35 1.5000000000000002 196.50000000000003 514.50000000000011 1.0000000180025095e-35 54.500000000000007 357.00000000000006 6 2.5000000000000004 7 182.50000000000003 8 305.50000000000006 11.500000000000002 1.0000000180025095e-35 1666.2500000000002
decision_type=10 10 10 9 9 8 10 10 10 9 9 9 9 2 10 10 10 8 8 10 10 9 2 9 10 9 10 2 8 10
left_child=1 2 3 -1 -5 -6 7 8 9 -7 16 -12 13 14 -13 -14 17 23 -19 20 21 -20 -22 -11 -25 26 27 28 -26 -27
right_child=-2 -3 -4 4 5 6 -8 -9 -10 10 11 12 15 -15 -16 -17 -18 18 19 -21 22 -23 -24 24 25 29 -28 -29 -30 -31
leaf_value=0.044631306641047939 0.043937507429267803 0.043003524539889586 0.044616368638104531 -0.075995631495812302 -0.05633603196992483 -0.034418468931394303 0.034742963552333077 -0.12899894643065954 0.035308680557003841 0.021173264500765888 -0.059749696504541094 -0.0042091475655054748 0.0099727940598218663 -0.032357401515128913 0.036132044616539558 0.034792672445530651 -0.033485519185426423 0.017813191517953846 0.065734141514715988 -0.042518849713433678 -0.0038018007865336378 -0.01737950491550351 0.05685064947315116 -0.0074439250292649851 0.038108481399841326 -0.00023068109128086833 0.017934758903279509 -0.03352562616792381 -0.0032581030844244688 -0.052318511421555018
leaf_weight=1083.8425776995718 3236.0877262018621 1567.8111598826945 1243.1197971254587 258.66833199188113 438.21941075287759 1012.3836095239967 1666.9489253163338 98.015388481318951 1517.8018852137029 4580.914356790483 292.94086215645075 3210.6277210377157 32807.747118040919 2007.1362895611674 1142.2133057769388 2373.2394657544792 1023.2509561516345 2824.2813279666007 252.83759433031082 2110.8816224448383 1278.9839821048081 6065.531644359231 727.59384686872363 12881.230023935437 2142.6302834898233 21755.49702359736 16107.654019143432 2167.6162197031081 5939.9773929081857 776.88184987381101
leaf_count=930 2837 1187 917 2260 2464 7165 3158 477 1604 9385 2759 13702 80964 8456 2266 2276 3950 11170 262 16866 4933 26134 1087 65759 5288 103480 50427 13588 23544 3137
internal_value=0.005911 0.00497418 0.0045148 0.00412699 0.00377877 0.00394696 0.00415566 0.00374808 0.00385217 0.00346552 0.00378119 0.00847116 0.00896651 -0.0058382 0.00637664 0.0116438 0.00134727 0.00179514 -0.0068818 -0.0135651 -0.00622353 -0.0139771 0.018191 0.00352918 0.00221692 0.00476274 0.0105667 -0.00101182 0.00770783 -0.00202659
internal_weight=134593 131356 129789 128546 127462 127203 126765 125098 125000 123482 122470 41833.9 41541 6359.98 4352.84 35181 80635.8 79612.5 13260.1 10435.8 8324.95 6318.37 2006.58 66352.4 61771.5 48890.3 26357.9 10250.2 8082.61 22532.4
internal_count=472432 469595 468408 467491 466561 464301 461837 458679 458202 456598 449433 110423 107664 24424 15968 83240 339010 335060 60452 49282 32416 26396 6020 274608 265223 199464 92847 42420 28832 106617
cat_boundaries=0 50 91 142 143 145 147 149 153 154
cat_threshold=0 0 4096 0 0 64 0 0 0 128 0 4096 0 8 0 0 0 0 16908288 1048576 131072 4194304 8 131088 2147483648 0 536870912 32 0 0 0 0 64 0 0 131072 0 33554432 2056 0 2 0 0 3221225472 603979776 4194304 0 1024 16384 32768 0 514 0 0 8 256 0 4096 0 0 32768 8192 16384 8388608 1 0 64 2621440 0 67109120 512 150995968 8256 0 131072 0 0 0 34 0 0 0 536870912 0 536870912 0 67174408 16 0 256 8192 1048576 0 1024 0 524288 512 0 16777216 33554432 0 0 67108864 4 0 0 16384 33554432 0 0 4194304 1 32 278528 0 536870912 0 0 1 128 65537 4194304 0 0 0 0 8388736 4210688 1024 1 0 16384 0 131072 0 32768 0 0 0 0 0 262144 12 3526529048 152447008 1090534343 67427591 2164265249 64 10555396 1368522816 914359555 1152 1
is_linear=0
shrinkage=0.05


Tree=64
num_leaves=31
num_cat=9
split_feature=309 200 25 430 106 113 26 24 42 421 106 63 430 420 430 423 421 26 12 430 0 4 15 8 2 2 28 336 2 2
split_gain=1819.49 863.636 766.889 640.247 651.846 603.005 623.552 2056.04 1094.56 899.605 570.362 568.216 557.409 533.428 583.566 531.711 540.673 518.475 506.735 589.47 489.619 669.152 475.513 874.739 757.576 805.357 864.707 666.078 565.513 538.318
threshold=3.5000000000000004 1.5000000000000002 6.5000000000000009 0 3.5000000000000004 2.5000000000000004 1.5000000000000002 1.5000000000000002 1.0000000180025095e-35 1 1.5000000000000002 1.5000000000000002 2 3 4 5 6 27.500000000000004 7 8 108.96875000000001 184.00000000000003 3.5000000000000004 217.00000000000003 4220.0000000000009 4436.5000000000009 324.50000000000006 2.5000000000000004 7815.5000000000009 7663.5000000000009
decision_type=10 10 2 9 10 10 2 2 10 9 10 10 9 9 9 9 9 2 9 9 2 10 2 8 2 2 10 10 2 2
left_child=1 2 3 -1 5 6 7 8 10 12 15 13 -8 -11 -15 -5 -17 -4 19 -18 21 -20 -16 28 27 -26 -27 -25 29 -24
right_child=-2 -3 17 4 -6 -7 9 -9 -10 11 -12 -13 -14 14 22 16 18 -19 20 -21 -22 -23 23 24 25 26 -28 -29 -30 -31
leaf_value=0.046918570037758761 0.043405666582424014 0.042239646573969197 0.043372368851483517 -0.025045043699560274 -0.050108948736700409 0.032872691066416701 0.03383025205194428 0.032375578758017894 0.021546293839659489 0.03535053762286354 -0.02925288406282673 0.031756386507402846 -0.047770614136634387 -0.023549050724293391 -0.0024855629977854118 0.043060985421099554 0.051729291071875697 0.00042504894145634639 -0.0073839400233303284 -0.0071350991481672682 0.01442111232001431 0.015398411190297726 -0.002131785108808223 0.0013952697883046188 0.098658333505684398 0.020530234879705622 -0.020023529825667144 -0.067727076960149443 -0.031172371069509121 0.089120091000269352
leaf_weight=841.08748985826969 3115.0323299728334 1517.6379772238433 2064.1244417466223 1778.9176738224924 566.5533065572381 1740.0358438082039 239.68546717613935 7015.1183940339833 7224.5464942734689 1045.0510937683284 1549.2535154726356 1451.017821714282 1448.187402212061 2619.4908049069345 40237.599712462164 807.51599733997136 428.5259601585567 1065.4950293451548 9562.8527430240065 14279.051461389288 10671.81656782981 4861.6103156730533 1590.9214666113257 1255.6026640776545 298.07578825205564 10510.075053749606 1502.3518141135573 482.42920719459653 2112.2172455787659 179.89537352696061
leaf_count=635 2837 1187 1605 12199 1853 1643 268 8661 16107 1471 4385 1720 6775 9210 177224 1144 725 1718 47816 61598 26962 9704 7404 6048 526 34561 9860 2792 13295 499
internal_value=0.00563905 0.00474063 0.00430093 0.00369508 0.0034013 0.00364431 0.00323134 0.00699116 0.00351069 -0.000135365 0.000545277 0.000828134 -0.0360519 0.000102492 -0.000509208 0.00163432 0.00280844 0.0287507 0.00198122 -0.00538602 0.00629918 0.000294607 0.000532198 0.00730421 0.0131101 0.0174729 0.0154583 -0.0177912 -0.0137011 0.00713839
internal_weight=134062 130947 129429 126299 125458 124892 123152 58179.2 51164.1 64972.6 43939.5 63284.7 1687.87 61833.7 60788.7 42390.3 40611.4 3129.62 39803.9 14707.6 25096.3 14424.5 58169.2 17931.6 14048.5 12310.5 12012.4 1738.03 3883.03 1770.82
internal_count=472432 469595 468408 465085 464450 462597 460954 189301 180640 271653 164533 264610 7043 262890 261419 160148 147949 3323 146805 62323 84482 57520 252209 74985 53787 44947 44421 8840 21198 7903
cat_boundaries=0 50 54 102 104 154 160 164 166 217
cat_threshold=69206016 0 0 0 0 64 0 268435456 0 0 2 0 0 8 0 134217728 0 0 16777216 1048594 131072 4194304 2147614720 131088 0 0 0 32 0 0 4 0 67108864 0 0 0 268435456 0 0 4194304 2 0 0 1073741824 603979776 0 0 8388608 16793600 536903680 1073819652 1101277172 25499 256 0 0 4096 0 0 8388608 0 0 512 0 16384 0 0 2 8192 0 0 1048576 0 2048 2 4 0 0 0 0 0 0 0 0 0 0 64 0 0 0 0 32832 1050624 1 4096 0 0 0 0 4194304 0 268435456 285212737 1279287564 0 0 2048 0 0 8388608 0 0 2 0 0 536936448 0 0 16777216 0 128 0 0 0 2162688 4 67108864 0 0 0 4214784 0 2 0 0 0 0 0 264 0 0 0 0 1 0 0 0 0 0 134217728 0 0 0 131072 50335744 0 270565376 943784448 725106816 2148012040 1623261188 536870924 925107234 32 3261732046 41339269 0 0 0 0 0 8192 0 0 0 0 8192 0 0 0 151126016 2048 1 16777216 0 64 0 101449728 4194304 2048 2147483648 0 541065216 2 33554432 0 0 0 33554432 1024 0 536870912 0 0 0 0 2097152 1024 0 0 0 0 0 0 4 2147491840 49152
is_linear=0
shrinkage=0.05


Tree=65
num_leaves=31
num_cat=12
split_feature=309 207 138 430 13 430 399 106 19 26 27 24 3 26 22 420 3 12 5 282 26 2 104 421 12 10 421 12 430 421
split_gain=1724.53 817.469 743.878 698.631 600.418 591.375 577.521 610.574 572.455 1868.69 734.654 842.396 798.264 785.677 784.922 756.872 740.835 964.274 799.831 642.879 637.492 584.622 581.412 579.845 578.359 552.481 536.395 553.335 498.559 610.665
threshold=3.5000000000000004 1.5000000000000002 3.5000000000000004 0 1 2 1.0000000180025095e-35 5.5000000000000009 2.5000000000000004 6.5000000000000009 1.5000000000000002 2.5000000000000004 532.50000000000011 7.5000000000000009 6.5000000000000009 3 489.50000000000006 4 5 1.5000000000000002 15.500000000000002 13052.500000000002 1.5000000000000002 6 7 1.5000000000000002 8 9 10 11
decision_type=10 10 10 9 9 9 10 10 2 2 2 2 10 2 2 9 10 9 9 10 2 2 10 9 9 10 9 9 9 9
left_child=1 2 3 -1 -5 -6 7 8 10 -10 11 12 16 19 15 -12 18 -18 -7 28 23 25 -22 -20 -17 -11 -26 -28 -14 -30
right_child=-2 -3 -4 4 5 6 -8 -9 9 21 14 -13 13 -15 -16 24 17 -19 20 -21 22 -23 -24 -25 26 -27 27 -29 29 -31
leaf_value=0.043515816648804197 0.042868049008214955 0.041068436023945859 0.045182539773000449 -0.054005156801111148 -0.075741815704318427 0.033952285566074623 0.033327202809308648 -0.11937058686078011 0.032365525903668639 0.014740904496304051 0.036242953978363406 0.034114445716802548 0.044781632620243532 -0.066056473113801403 0.064045855665225776 0.04822919814007097 -0.0054385103440895517 0.025515939513795216 0.031322784667349134 -0.075722796934160411 -0.048413042344598839 -0.0152680614398472 0.083208345185426733 0.0013795265562645258 -0.060890256730674941 -0.0058235970835918763 -0.050665199176836165 -0.0076158365170836588 -0.040513855166023009 -0.0019893665580186098
leaf_weight=1084.753521155566 2999.3384892530739 1512.3211178518832 1092.153112269938 443.97897551488131 224.43813876435161 1984.6226580906659 1629.2579256277531 101.24837646260858 6900.8180522955954 8221.1475587841123 940.28928139619529 2268.1320073306561 510.46212747506797 542.6992148719728 390.94149665907025 417.35290160775185 3518.4566849526018 8828.3018701057881 1670.4683306980878 312.85028034448624 958.6477710865438 3952.2789776176214 91.949280261993408 42755.459228445776 507.13673480972648 5418.760475801304 767.27587177231908 19413.921304605901 1107.9416012708098 12923.777610253543
leaf_count=973 2837 1239 873 4629 1940 3323 3085 495 11014 28235 1049 3205 743 4583 302 883 13981 23110 2823 1164 6533 21112 15 156374 2447 27014 5128 91449 6276 45598
internal_value=0.00538298 0.00452139 0.00409287 0.00374196 0.00339801 0.00360396 0.00375114 0.00336441 0.0034643 0.0103146 0.00178496 0.00409229 0.00318685 -0.00696555 -0.00618215 -0.00742751 0.00580062 0.0167111 0.00296232 -0.00480678 0.00160208 0.00166476 -0.0368934 0.00251279 -0.00938582 0.00657119 -0.0105708 -0.00927683 -0.00328114 -0.00505794
internal_weight=133491 130492 128980 127887 126803 126359 126134 124505 124404 24493 99910.7 77473.8 75205.6 15397.7 22436.9 22046 59807.9 12346.8 47461.1 14855 45476.5 17592.2 1050.6 44425.9 21105.7 13639.9 20688.3 20181.2 14542.2 14031.7
internal_count=472432 469595 468356 467483 466510 461881 459941 456856 456361 87375 368986 267728 264523 58364 101258 100956 206159 37091 169068 53781 165745 76361 6548 159197 99907 55249 99024 96577 52617 51874
cat_boundaries=0 51 53 93 96 98 99 103 105 108 110 161 165
cat_threshold=67108864 0 0 0 0 64 0 0 1 0 0 536875008 0 8 0 0 0 0 0 1048594 131072 4194304 196616 16 0 0 0 32 0 0 0 0 33554496 0 0 537001984 0 33554432 8 0 2 1 0 3221225472 603979776 4194304 0 0 16384 32768 65536 3511070744 155069984 1048576 514 0 0 8 256 0 16781312 0 0 32768 8192 0 8388608 1 0 64 2621440 0 67109120 0 16778240 8256 0 131072 0 0 0 34 0 0 0 536870912 0 536870912 0 67174408 16 0 256 268435457 1077965068 8 3525846282 6294532 2 2496729092 1367343133 522454306 1120 1107300352 4 2101248 1084230976 537420682 75542305 67477008 8388608 0 0 0 262144 8 0 0 0 0 532480 16512 0 0 16777216 134217728 0 16777216 16777216 96 65536 278528 0 0 0 0 0 0 0 0 4 0 2097152 0 8 0 0 32768 33554432 4587536 0 0 0 0 0 256 0 0 16777216 2147483648 557056 2149613568 1092980131 16794259 384
is_linear=0
shrinkage=0.05


Tree=66
num_leaves=31
num_cat=9
split_feature=96 299 430 430 399 216 88 423 105 1 0 407 8 37 13 118 107 392 12 0 12 0 14 42 362 12 12 3 8 2
split_gain=1648.58 950.089 723.23 592.408 578.539 581.02 579.862 566.373 552.282 1032.34 846.616 823.123 729.817 720.416 619.889 582.862 547.963 761.198 583.712 518.686 796.431 502.974 494.846 476.48 577.725 490.663 487.77 481.543 545.716 634.541
threshold=3.5000000000000004 1.5000000000000002 0 1 1.0000000180025095e-35 957.50000000000011 3.5000000000000004 2 1.5000000000000002 3 171.06250000000003 221.50000000000003 123.50000000000001 262.50000000000006 4 1.5000000000000002 1.5000000000000002 115923.50000000001 5 48.953125000000007 6 59.015625000000007 5.5000000000000009 25.500000000000004 68.750000000000014 7 8 476.50000000000006 270.50000000000006 2803.5000000000005
decision_type=10 10 9 9 10 10 10 9 8 1 2 8 10 10 9 10 10 8 9 2 9 2 2 10 10 9 9 8 10 2
left_child=1 2 -1 -4 5 6 7 -5 11 10 -10 -9 -11 19 -12 16 17 -13 -18 20 -14 -19 -8 25 26 -23 -25 28 29 -28
right_child=-2 -3 3 4 -6 -7 22 8 9 12 14 15 13 -15 -16 -17 18 21 -20 -21 -22 23 -24 24 -26 -27 27 -29 -30 -31
leaf_value=0.043569337938931814 0.045969706752547919 0.032375681853482705 -0.077825519132102783 -0.059864381412859373 0.032634826102054253 -0.032161606000357716 -0.064851166909041982 -0.03788650308506173 -0.025201046587370421 0.045254106272527447 0.026684786832605348 0.029080495351417268 -0.039163372057368924 -0.05948494766560352 -0.026047814292542278 0.020722112871521623 0.03527939518275091 -0.0023479941644189684 -0.015426718104608675 0.021712530111815675 0.016270373938816189 -0.0041394338747166234 0.041783574139006442 -0.036161047275721461 0.038509232050864241 0.012828214451051366 -0.054293485327251978 0.0091680356085683933 -0.016536400771019154 0.0084134412926658454
leaf_weight=1119.0986682623625 2426.7683097943664 2961.2774125523865 214.27578964177519 339.45801039412618 1682.9833949171007 1155.9422148130834 531.12189710140228 1252.9198600854725 2945.717792741023 2180.0823073610663 2122.0077615082264 2744.368121188134 974.85439121723175 325.91970906592906 746.74891059845686 4383.8406973108649 611.59905006736517 34494.940295607783 6649.0084156244993 9073.4770093820989 1884.4981168378145 5204.432983038947 136.82300902530551 960.2812895514071 940.81963902711868 23483.288920415565 432.66410782933235 8675.6335855107754 6316.966449610889 5970.8436426911503
leaf_count=1049 2066 3657 2064 2598 3208 9451 1995 6076 17937 2079 3655 4378 5044 1421 4501 6570 738 166533 19170 18180 4769 17653 100 6994 1828 62648 2739 35350 32487 25494
internal_value=0.00513679 0.00437755 0.00372756 0.0033712 0.00351519 0.00312196 0.00345252 0.00370541 0.00388632 0.0114291 -0.00636189 0.00239077 0.0185851 0.0138574 0.0129605 0.00289107 0.0020809 0.00315579 -0.0111281 0.0158606 -0.00270901 0.00233309 -0.0430079 0.00543925 0.000127354 0.00975303 -0.00148786 8.51686e-05 -0.00610947 0.00417654
internal_weight=132943 130516 127555 126436 126221 124538 123382 122714 122375 20253.3 5814.47 102122 14438.8 12258.7 2868.76 100869 96484.8 89224.2 7260.61 11932.8 2859.35 86479.9 667.945 51984.9 23297.2 28687.7 22356.4 21396.1 12720.5 6403.51
internal_count=472432 470366 466709 465660 463596 460388 450937 448842 446244 57586 26093 388658 31493 29414 8156 382582 376012 356104 19908 27993 9813 351726 2095 185193 104892 80301 103064 96070 60720 28233
cat_boundaries=0 50 91 98 99 101 103 105 107 109
cat_threshold=1075838976 0 0 0 0 8388672 0 0 0 0 0 4096 0 2097160 0 0 0 0 0 1048576 131072 0 8 133136 0 0 0 32 33554432 0 0 0 33554496 0 268435456 0 0 0 2056 4194304 2 0 0 1342177280 603979776 4194560 0 8389632 16384 32768 0 514 0 0 8 2097152 0 4194304 0 0 32768 8192 0 8388608 1 0 64 2621440 0 256 0 16778240 8192 0 537001984 0 0 0 34 0 0 0 536870912 0 536871424 128 67108864 16 0 0 24576 1107300352 0 268435456 273154560 723009536 2148012168 131072 4 545325569 4194376 538968585 67108872 8455180 2099200 2158508126 4229655 92277544 368141
is_linear=0
shrinkage=0.05


Tree=67
num_leaves=31
num_cat=11
split_feature=252 96 430 0 423 420 4 46 0 0 4 372 12 127 4 118 35 423 421 2 430 430 421 2 2 28 13 358 75 361
split_gain=1573.02 724.987 660.953 597.746 885.942 724.055 724.867 581.503 741.381 642.183 572.002 548.558 514.818 485.051 488.124 757.438 628.035 684.635 619.241 585.373 548.502 495.606 578.151 483.202 563.21 508.198 464.848 454.88 521.871 496.409
threshold=2.5000000000000004 3.5000000000000004 0 131.06250000000003 1 2 118.50000000000001 3 475.12500000000006 440.12500000000006 185.50000000000003 117.0914993286133 4 2.5000000000000004 180.50000000000003 2.5000000000000004 90.968750000000014 5 6 15206.000000000002 7 8 9 6395.0000000000009 6020.0000000000009 429.50000000000006 10 138.90999603271487 1.5000000000000002 956.50000000000011
decision_type=10 10 9 2 9 9 8 9 2 2 10 8 9 10 8 8 10 9 9 2 9 9 9 2 2 8 9 8 10 10
left_child=1 2 -1 5 -5 -4 -7 9 11 -6 12 23 -8 14 16 19 17 26 -19 20 -16 -21 -23 24 -9 -26 -14 -20 29 -29
right_child=-2 -3 3 4 7 6 10 8 -10 -11 -12 -13 13 -15 15 -17 -18 18 27 21 -22 22 -24 -25 25 -27 -28 28 -30 -31
leaf_value=0.045238284365863468 0.037746352845642664 0.043404410285396072 -0.024918278434558412 0.030851262009370009 0.0058181060731186344 -0.070146846549584446 -0.042299611690688133 0.013511630058049616 -0.023007308539100543 0.025472827843217079 -0.067632232544929505 -0.033682431307259002 0.042547591783021796 0.052120135981470729 -0.042539507835483562 0.046638969747409102 -0.030278988479249598 -0.047099221347334241 -0.0030775681794807208 0.041855513370034396 0.013490364504847703 -0.036789530645642311 0.0040025658455959418 4.8898137717988792e-05 0.048054153873579933 0.18494439715064789 0.0030117734188637984 0.0093616264771717288 -0.02741458437650687 -0.029682924449889864
leaf_weight=937.9017361998558 3547.3554806895554 1156.577342659235 2609.96614308469 3930.2512668231502 13741.6402477175 348.84750033542514 631.3552595442161 3669.2894977666438 3089.4966150764376 5957.6935556195676 293.22319432906806 901.8326755668968 1613.1090317592025 493.00162197649479 442.75926022138447 1276.9730761870742 1638.8009373024106 682.98822782561183 35345.051879607141 397.38867100514472 13111.725452170707 1737.5270568728447 1730.0268870415166 8945.4432341586798 469.58031447418034 79.240885198116302 1387.9046041574329 20313.885050728917 1107.3488128297031 848.04933531209826
leaf_count=815 3587 983 17511 6108 32917 2331 6894 13054 13260 8167 1258 3275 3173 361 2324 856 9995 4298 191628 620 26364 6968 4861 35886 1003 102 5067 61396 3906 3464
internal_value=0.00489989 0.00399587 0.00363904 0.0033275 0.00831322 0.000963741 0.00177648 0.00589972 -0.000828976 0.0117623 0.0020788 0.00404255 0.0023258 0.00267369 0.0023754 0.00946914 0.000268096 0.00108477 -0.000116196 0.00674431 0.0116387 -0.0104205 -0.0164846 0.00662708 0.0205776 0.0678189 0.0243338 0.00044884 0.00604604 0.00779694
internal_weight=132436 128889 127732 126794 40784.5 86009.9 83400 36854.2 17154.9 19699.3 83051.1 14065.4 82757.9 82126.5 81633.5 18696.4 62937.1 61298.3 58297.3 17419.4 13554.5 3864.94 3467.55 13163.6 4218.11 548.821 3001.01 57614.3 22269.3 21161.9
internal_count=472432 468845 467862 467047 113772 353275 335764 107664 66580 41084 333433 53320 332175 325281 324920 41993 282927 272932 264692 41137 28688 12449 11829 50045 14159 1105 8240 260394 68766 64860
cat_boundaries=0 50 57 60 61 63 70 74 125 171 175 177
cat_threshold=0 0 4096 0 0 64 0 0 0 0 0 4096 0 8 131072 0 0 0 16777216 1048576 4 0 8 133136 0 0 0 1073741856 33554432 0 0 0 64 0 268435520 0 0 33554432 2048 4096 2 1 0 3489660928 603979776 0 0 1024 16384 536903680 3758096642 75840 2101280 16777216 65728 16416 49152 3891945916 2206728642 50 1 22169800 26189187 2684354834 3072 1073741824 536952832 640 134480144 49664 0 17072321 17326593 1410 8388608 0 0 0 524288 0 0 33554432 0 0 32768 278528 16384 0 16777217 18432 65 1572864 0 0 0 402718720 270336 0 131072 0 0 0 2 0 0 0 1 536870912 536875024 0 0 64 0 256 0 0 0 0 32768 0 0 0 0 2147483648 16777216 1084227584 0 0 0 0 160 0 33554432 0 0 524288 0 0 0 16777216 134217728 1 0 0 96 0 302252032 65536 1 0 0 268435457 0 0 0 0 0 2048 32 0 131072 0 134283328 0 4194320 4096 0 0 0 32768 268435456 8683520 2175065105 545267730 384 8913158 4194376
is_linear=0
shrinkage=0.05


Tree=68
num_leaves=31
num_cat=5
split_feature=309 200 14 27 37 27 24 1 430 3 26 3 12 26 5 85 4 3 18 25 63 26 31 89 12 2 361 10 56 2
split_gain=1512.76 734.273 654.992 1490.18 694.695 685.605 1409.03 850.561 824.859 711.924 961.742 660.352 908.804 860.15 615.947 612.313 622.828 608.13 582.739 583.369 590.299 632.479 578.425 558.594 533.878 550.818 836.914 683.722 666.581 661.682
threshold=3.5000000000000004 1.5000000000000002 9.5000000000000018 9.5000000000000018 2.5000000000000004 1.5000000000000002 2.5000000000000004 0 1 532.50000000000011 7.5000000000000009 489.50000000000006 2 17.500000000000004 3 1.0000000180025095e-35 149.50000000000003 500.50000000000006 12.500000000000002 1.5000000000000002 1.5000000000000002 72.500000000000014 31.500000000000004 3.5000000000000004 4 14649.500000000002 1322.5000000000002 1.5000000000000002 1.0000000180025095e-35 17399.500000000004
decision_type=10 10 2 2 8 2 2 1 9 10 2 10 9 2 9 10 8 8 2 2 8 2 10 10 9 2 10 8 8 2
left_child=1 2 5 -4 -5 6 9 18 -9 11 -11 13 -13 14 -1 -16 -17 -6 19 20 21 23 -18 24 -7 27 29 -26 -29 -27
right_child=-2 -3 3 4 17 7 -8 8 -10 10 -12 12 -14 -15 15 16 22 -19 -20 -21 -22 -23 -24 -25 25 26 -28 28 -30 -31
leaf_value=0.031188410769984683 0.041539639299508241 0.040193246994299554 0.041009599335998542 0.032819625174006335 0.00024311797607168685 0.037102716613044727 0.034443934690285158 0.038946061023118296 -0.037773268047399243 -0.0033502405148394007 -0.066789935334816641 -0.00502811645009788 0.024156897123547974 -0.0419294592599034 3.4944723665633761e-05 -0.059541920668700135 0.018460953145076286 -0.045696973333712372 0.090919096475769137 0.059576186272146142 0.023151883886084679 -0.069422839325013294 -0.032515788887756407 0.067530461338022568 0.02263218939663976 -0.036923769195946636 0.041340229877539325 -0.035313605886219873 -0.002024604608896678 0.0062512416958538557
leaf_weight=2026.0461123604327 2725.2642789334059 1378.5090211965144 3682.5701906587929 1265.4944659844041 3501.5069069489837 759.59917255491018 3858.5808012895286 394.42521786689758 2768.7419256772846 15920.731517743319 620.70722999051213 3722.358035877347 9411.8271941253915 1029.0037760175765 36781.481798285618 283.34249926917255 9868.1275643445551 906.95317711122334 171.69320241361856 386.71958850324154 2132.757953023538 366.01592970266938 589.72698695957661 275.85949627682567 2561.4414870720357 3568.7876081950963 507.89019347727299 1643.9575745817274 17639.261878026649 1181.1013620030135
leaf_count=3520 2837 1187 5577 3944 18432 1882 5139 351 10146 57220 5202 14745 24275 6636 144765 1759 19626 5836 253 280 3305 2467 2336 124 9580 22234 627 10058 82379 5710
internal_value=0.00467434 0.00389675 0.00350533 0.0162411 0.000165549 0.00249948 0.00493051 -0.00345187 -0.0281143 0.0035115 -0.00573078 0.00591106 0.0159001 0.00331707 0.00425672 0.00310132 0.0136045 -0.00920814 -0.000941799 -0.00145049 -0.00222081 -0.00411928 0.0155863 -0.00326982 -0.00397081 -0.00513377 -0.0196649 -0.00163864 -0.0048626 -0.0261879
internal_weight=131930 129205 127827 9356.52 5673.95 118470 84111.9 34358.3 3163.17 80253.4 16541.4 63711.9 13134.2 50577.7 49548.7 47522.7 10741.2 4408.46 31195.1 31023.4 30636.7 28503.9 10457.9 28137.9 27862 27102.4 5257.78 21844.7 19283.2 4749.89
internal_count=472432 469595 468408 33789 28212 434619 285223 149396 10497 280084 62422 217662 39020 178642 172006 168486 23721 24268 138899 138646 138366 135061 21962 132594 132470 130588 28571 102017 92437 27944
cat_boundaries=0 1 51 53 54 55
cat_threshold=26 1082130432 0 0 0 0 0 0 4194304 0 0 0 0 0 0 0 0 0 8388608 0 2048 0 0 536936448 0 0 16777216 268435456 134217728 0 2 0 0 0 0 4096 0 1610612736 106560 1048584 16 2 0 0 0 0 268435456 0 0 0 536870912 3525846283 6294532 2 3791654912
is_linear=0
shrinkage=0.05


Tree=69
num_leaves=31
num_cat=10
split_feature=96 207 430 138 13 393 88 430 215 7 368 430 12 421 391 33 42 15 423 420 336 15 2 2 2 27 19 27 12 28
split_gain=1441.23 842.482 701.392 552.069 545.031 508.926 535.792 497.087 489.217 525.784 560.87 554.113 550.624 462.838 423.465 418.089 416.268 569.819 451.298 409.612 457.192 384.707 889.79 595.338 505.481 483.502 562.258 457.347 455.093 447.438
threshold=3.5000000000000004 1.5000000000000002 0 3.5000000000000004 1 1.0000000180025095e-35 3.5000000000000004 2 457.50000000000006 3 334.25000000000006 4 5 6 -34.499999999999993 196.50000000000003 25.500000000000004 1.5000000000000002 7 8 11.500000000000002 3.5000000000000004 14649.500000000002 2884.5000000000005 17675.500000000004 4.5000000000000009 5.5000000000000009 3.5000000000000004 9 359.50000000000006
decision_type=10 10 9 10 9 10 10 9 10 9 10 9 9 9 8 10 10 2 9 9 8 2 2 2 2 2 2 2 9 10
left_child=1 2 -1 4 -4 6 7 -6 9 10 12 -11 13 -9 -8 19 17 18 -14 -13 21 25 23 -23 -24 26 28 -25 -21 -30
right_child=-2 -3 3 -5 5 -7 14 8 -10 11 -12 15 16 -15 -16 -17 -18 -19 -20 20 -22 22 24 27 -26 -27 -28 -29 29 -31
leaf_value=0.043144588015453483 0.044679089299561922 0.039767751985453959 -0.053080983739006687 0.043655439952100833 -0.078280049467824103 0.036137849597799081 0.047710486565143935 0.064536219396875844 -0.028961813052192739 -0.070401424400421617 0.024904450500966707 0.041218187959936953 -0.044293416879260882 -0.01059038109588778 -0.05979768881291439 -0.031475486708015393 -0.0028869360569501734 0.022395126926531839 0.0075306522688484883 -0.053003335822795351 -0.047371140857336527 -0.017531671229088198 -0.028369309044226767 0.026828297690668353 0.024680899273046425 -0.03971774706727571 0.04774225613396104 0.0077475538905713119 -0.0011154435503022743 0.015480898871330979
leaf_weight=1086.4969550333917 2190.3076789937913 1605.8830014057457 426.26563165150583 828.72599970921874 178.58112874999642 1141.5706634279341 109.63060043007135 202.73954254761338 1188.2707072133198 261.29012641590089 4329.5925141610205 636.29603823088109 421.7294118758291 5809.7708879001439 556.79160099849105 968.55504125356674 6291.3055833354592 8085.3390714060515 15969.665545996279 396.27053682133555 480.55670792609453 1400.3227372020483 2211.5919062420726 5996.3066331259906 563.4167923592031 767.27403765916824 616.18750228732824 6593.9471078179777 55711.953421470709 4380.4545602500439
leaf_count=1074 2066 1470 4649 775 1793 1718 107 262 9127 1715 4728 1087 2862 25212 1991 3831 22366 12035 39935 3923 2532 7882 12629 13492 2337 4562 738 32669 229708 23157
internal_value=0.00445983 0.00377808 0.00332518 0.0029796 0.00271165 0.00290551 0.00260012 0.00284146 0.00296508 0.00327605 0.00788047 0.000937615 0.00587865 -0.00795419 -0.0421119 0.00117722 0.00858158 0.0115329 0.00617486 0.00157391 0.00124971 0.00154699 0.00826526 0.0133953 -0.0175984 -0.000273468 0.000221821 0.0168351 -0.000262262 9.43362e-05
internal_weight=131407 129217 127611 126524 125696 125269 124128 123461 123283 122095 41110.1 80984.4 36780.6 6012.51 666.422 80723.1 30768 24476.7 16391.4 79754.6 79118.3 78637.7 16765.6 13990.6 2775.01 61872.1 61104.9 12590.3 60488.7 60092.4
internal_count=472432 470366 468896 467822 467047 462398 460680 458582 456789 447662 107400 340262 102672 25474 2098 338547 77198 54832 42797 334716 333629 331097 69009 54043 14966 262088 257526 46161 256788 252865
cat_boundaries=0 50 52 103 104 155 157 161 168 170 172
cat_threshold=67108864 0 0 0 0 8388672 0 0 1 128 0 4096 0 8 134217728 0 0 0 131072 1048576 131072 4194304 8 131088 0 0 0 32 0 0 0 0 64 0 268435456 131072 268435456 0 0 0 2 1 0 3489660928 536870912 4194304 0 8389632 16384 536903680 3512119320 154021408 0 0 0 0 8 768 0 16781312 0 0 0 0 0 8388608 1 0 33554496 524288 0 67109120 0 16778240 8256 0 131072 0 0 0 32 65536 0 0 536870912 0 536871424 0 71368704 0 0 256 8192 0 0 0 0 0 0 0 0 0 64 2 131072 0 0 524288 262144 2097152 0 33554432 33554432 0 16384 67371008 0 0 0 67125248 1 0 0 64 524288 2148024320 262276 0 0 0 16 0 0 131073 0 0 0 0 16 0 0 64 36700168 0 0 0 0 0 512 0 0 16777216 0 0 16777216 3223336911 67423493 536936452 8388608 56626188 32 256 0 2097152 536870912 537919648 2281705488 8 66560 201355265 270549208 17137795
is_linear=0
shrinkage=0.05


Tree=70
num_leaves=31
num_cat=13
split_feature=309 200 138 391 35 430 399 279 21 332 33 421 275 12 430 430 421 5 26 1 420 420 423 421 14 27 318 430 0 3
split_gain=1371.74 650.709 597.394 557.239 537.891 536.256 515.538 512.045 479.716 506.411 704.05 475.947 464.977 452.966 446.438 417.224 544.513 413.095 398.805 387.613 760.757 692.803 416.344 389.443 381.865 481.013 380.873 378.347 397.988 597.851
threshold=3.5000000000000004 1.5000000000000002 3.5000000000000004 -29.499999999999996 130.81250000000003 0 1.0000000180025095e-35 3.5000000000000004 5.5000000000000009 1.5000000000000002 2.5000000000000004 1 2.5000000000000004 2 3 4 5 6 182.50000000000003 7 8 9 10 11 9.5000000000000018 3.5000000000000004 14.042968750000002 12 47.953125000000007 181.50000000000003
decision_type=10 10 10 8 10 9 10 10 2 10 8 9 10 9 9 9 9 9 2 1 9 9 9 9 2 2 8 9 2 10
left_child=1 2 3 -1 5 -5 7 8 9 11 -11 -7 -2 -13 -15 -6 26 -16 24 21 22 -19 -21 -23 25 -10 -17 -22 29 -29
right_child=12 -3 -4 4 15 6 -8 -9 18 10 -12 13 -14 14 17 16 -18 19 -20 20 27 23 -24 -25 -26 -27 -28 28 -30 -31
leaf_value=0.022111376738866134 0.044594892078721117 0.038756240178327982 0.042107778755079178 -0.057203809803995892 0.032884668781054907 0.038501810540509107 0.034824099005006812 -0.044233755397154899 0.022380110283906306 -0.057758845994018038 0.021376309721605726 0.04327492033281774 -0.072684156646974543 -0.057704620142743204 0.022426665665537665 3.3543850891465076e-05 -0.053116381347077239 0.026479788638772914 -0.013894691623275758 0.040701775820924012 0.041822397504882647 -0.0526318321985247 -0.017004414689042898 -0.013757753888961858 0.046802160489349626 -0.062216999824544428 -0.052585776623267369 0.0095293779375570167 0.0023322390757092989 -0.0095139715376998876
leaf_weight=3653.7951440187171 2462.0455120205879 1297.831858240068 977.5645192861557 360.16703831404448 380.54001573380083 858.61283532530069 1264.9360261391848 577.4837750736624 1158.6449079010636 296.97292989492416 5246.5008005015552 630.07394639030099 87.518667414784431 311.94371836120263 2246.8780513107777 2002.9764881292358 979.81211785320193 810.06085873022676 657.63281778246164 1790.6694318577647 547.7361808065325 911.50958131253719 376.51402408070862 2226.9846841432154 1487.6163325197995 196.53122024610639 415.18214274570346 5342.9590404527262 73370.619776068255 18026.844368469901
leaf_count=7251 2546 1187 873 2209 705 1182 2093 1775 1738 1091 6338 691 291 2045 4431 8768 7321 2582 1358 3278 611 6983 1642 10771 1081 655 1816 21269 279718 88133
internal_value=0.00425255 0.00353147 0.0031718 0.00287003 0.00229601 0.00288721 0.00307467 0.00273189 0.00296471 0.00239998 0.0171369 0.00163969 0.0405691 0.00133903 0.00108561 -0.0162757 -0.0218138 0.00126464 0.0211943 0.00080268 0.00141325 -0.0145411 0.0306442 -0.0251792 0.0293116 0.0101116 -0.00896378 0.000759027 0.00052223 -0.00516016
internal_weight=130955 128406 127108 126130 122476 118698 118338 117073 116495 112995 5543.47 107451 2549.56 106593 105963 3778.51 3397.97 105651 3500.43 103404 99455.3 3948.56 2167.18 3138.49 2842.79 1355.18 2418.16 97288.2 96740.4 23369.8
internal_count=472432 469595 468408 467535 460284 441674 439465 437372 435597 430765 7429 423336 2837 422154 421463 18610 17905 419418 4832 414987 394651 20336 4920 17754 3474 2393 10584 389731 389120 109402
cat_boundaries=0 51 55 57 108 158 162 163 164 167 170 177 181 227
cat_threshold=1074790400 514 0 0 0 512 0 20971520 0 0 0 0 0 8388608 1 0 0 524288 0 67109120 0 151061504 8256 0 536870912 0 0 0 0 0 0 0 536870912 0 536870912 0 0 16 2097152 256 0 0 0 0 512 0 0 0 0 2147491840 134217792 2224623624 805306373 369361954 64 536870913 64 0 0 0 0 0 2048 0 0 33554434 0 0 0 0 0 524288 0 33554432 0 0 0 536870912 2416050180 16384 0 0 0 268439552 0 0 65538 4194304 0 0 536870912 0 8388736 67108872 0 2181038080 0 8192 0 0 0 0 268435456 0 0 0 0 50331648 1073741824 0 0 0 0 0 0 0 1 0 8192 0 0 0 0 134217728 0 0 0 0 0 524288 2147483648 0 0 0 33554432 1073741824 16777216 0 0 0 0 268435456 0 0 0 0 2097152 0 32 0 0 0 0 0 0 0 0 2147483648 69206016 537086682 311428040 1280 2 4 1049345 675309572 132 4198720 1954812171 68 2701131776 1073809472 0 536952832 0 262144 32768 2359296 443008 25224 128 2097152 0 0 524288 0 8388608 0 0 0 128 524290 0 256 268435456 131072 0 1 0 0 1048594 4 4194304 131200 0 0 0 17 0 0 0 4 0 69206016 0 64 537001984 268435456 256 2048 4096 2 0 0 1073741824 0 256
is_linear=0
shrinkage=0.05


Tree=71
num_leaves=31
num_cat=7
split_feature=96 302 430 430 382 13 19 26 27 14 22 22 420 421 364 3 26 3 26 12 12 2 344 10 85 31 4 113 2 29
split_gain=1306.83 757.549 627.804 531.814 519.162 516.558 487.865 1791.58 706.839 855.965 694.577 620.21 600.61 557.07 539.516 513.693 607.84 525.088 946.51 682.281 510.065 504.344 476.219 475.255 473.54 508.439 481.259 465.905 725.254 596.871
threshold=3.5000000000000004 1.5000000000000002 0 1 1375.0000000000002 2 2.5000000000000004 6.5000000000000009 1.5000000000000002 3.5000000000000004 6.5000000000000009 2.5000000000000004 3 4 226.56250000000003 532.50000000000011 7.5000000000000009 478.50000000000006 13.500000000000002 5 6 13052.500000000002 1.5000000000000002 1.5000000000000002 1.0000000180025095e-35 32.500000000000007 149.50000000000003 1.0000000180025095e-35 9480.5000000000018 158.50000000000003
decision_type=10 10 9 9 10 9 2 2 2 2 2 2 9 9 10 10 2 10 2 9 9 2 10 10 10 10 8 8 2 10
left_child=1 2 -1 -4 5 -5 8 -8 9 11 12 14 -10 -14 15 17 22 18 24 -19 -15 23 -17 27 -7 26 -26 29 -29 -9
right_child=-2 -3 3 4 -6 6 7 21 10 -11 -12 -13 13 20 -16 16 -18 19 -20 -21 -22 -23 -24 -25 25 -27 -28 28 -30 -31
leaf_value=0.043680376505189446 0.043747963982747419 0.037923941756839254 -0.074666184888879758 -0.052289513109706968 -0.10039922864642555 -0.00060856642103288775 0.03065612875444515 0.0052199569626197361 0.032669995364017983 0.043428160534871717 0.061878045053397591 0.031253291120716883 -0.053021175985279001 -0.048351752646778497 0.022813945109682644 -0.0031582045731960678 -0.06279184332666643 -0.0055371304234948229 -0.047364928672552382 0.020198301649706929 -0.0060682161644415892 -0.015146400528448949 -0.051971765495333215 -0.0062187757459968027 -0.056695547943609426 -0.030717464997598001 0.01656224821608061 -0.0083563444510297655 0.024618490136219556 0.067128288668891131
leaf_weight=931.34650101140141 2041.2561051435769 1571.7717388309538 211.79876206303015 412.16759660467505 121.68038661032915 33476.158704833128 7078.4485016725957 746.85330250486732 887.07504222728312 1340.0140642225742 367.65724025666714 1910.4869691692293 689.30181980133057 730.78270605392754 3104.3695340137929 14046.213895416819 467.89255304262042 3625.8701741714031 983.1452332213521 8877.413559647277 19636.732615148649 3847.7574902866036 518.07834527641535 5374.286240901798 229.82747991755605 657.62084804475307 9135.1946410238743 3545.5917111840099 3148.0125221535563 813.31417055800557
leaf_count=922 2066 1648 2026 4649 583 133817 11505 2625 1076 1153 302 3887 3201 4992 4344 52307 4353 14867 7172 24716 92225 21086 1629 27029 1306 2625 18535 14877 8685 2224
internal_value=0.00405542 0.00342483 0.00299758 0.00269314 0.00282934 0.00292953 0.00311519 0.00943473 0.00157432 0.00380961 -0.00627743 0.00312043 -0.00741934 -0.00911939 0.00240496 0.00152521 -0.0066967 0.00369408 0.00114945 0.0127469 -0.00760833 0.000839154 -0.00489459 0.00535253 0.00224595 0.0117802 0.0147644 0.012887 0.00715177 0.0374927
internal_weight=130528 128487 126915 125984 125772 125650 125238 24554.3 100684 78372.3 22311.5 77032.3 21943.9 21056.8 75121.8 72017.4 15032.2 56985.2 44481.9 12503.3 20367.5 17475.8 14564.3 13628.1 43498.8 10022.6 9365.02 8253.77 6693.6 1560.17
internal_count=472432 470366 468718 467796 465770 465187 460538 88031 372507 270711 101796 269558 101494 100418 265671 261327 58289 203038 163455 39583 97217 76526 53936 55440 156283 22466 19841 28411 23562 4849
cat_boundaries=0 50 96 98 101 104 106 108
cat_threshold=0 0 4096 0 0 8388672 0 0 0 0 0 4096 0 8 0 0 0 0 2164260864 1048576 131072 0 8 133136 2147483648 0 0 32 0 0 0 0 33554496 0 268435456 0 0 0 0 4198400 2 0 0 3489660928 603979776 4194304 0 8389632 16384 32768 0 512 1024 0 8 256 0 4096 0 0 32768 8192 0 8388608 1 0 0 524288 0 71303424 2 16778240 8192 0 131072 0 0 1 32 0 0 0 536870912 0 536871424 128 71303168 1552 0 0 24576 0 0 0 0 1048576 3512119448 155069984 268435457 1614835980 8 2097152 1101335872 537420683 3525846282 6360064 75542273 67214864
is_linear=0
shrinkage=0.05


Tree=72
num_leaves=31
num_cat=8
split_feature=309 396 430 423 105 407 8 35 42 12 430 399 106 118 16 299 421 275 15 395 4 28 258 421 64 37 392 421 3 12
split_gain=1239.82 604.687 634.243 634.413 524.055 822.713 750.696 572.055 769.671 570.521 485.799 485.186 497.094 518.312 462.19 450.737 435.138 430.022 419.234 417.71 408.011 407.003 398.942 409.839 388.817 413.324 388.27 503.328 415.944 773.711
threshold=3.5000000000000004 -6.4999999999999991 0 1 1.5000000000000002 221.50000000000003 123.50000000000001 132.81250000000003 262.50000000000006 2 3 1.0000000180025095e-35 3.5000000000000004 1.5000000000000002 1.0000000180025095e-35 1.5000000000000002 4 2.5000000000000004 4.5000000000000009 1.5000000000000002 134.50000000000003 220.50000000000003 12.582031250000002 5 1.5000000000000002 65.500000000000014 164980.50000000003 6 305.50000000000006 7
decision_type=10 8 9 9 8 8 10 10 10 9 9 10 10 10 2 10 9 10 2 8 8 8 10 9 10 10 8 9 8 9
left_child=1 10 -3 18 5 -5 -6 8 9 15 -1 12 13 20 -11 16 -8 -2 19 -4 -7 -15 -12 -24 25 -18 -22 -28 29 -29
right_child=17 2 3 4 6 11 7 -9 -10 14 22 -13 -14 21 -16 -17 24 -19 -20 -21 26 -23 23 -25 -26 -27 27 28 -30 -31
leaf_value=-0.033455166219441189 0.043829694241396475 -0.066142245510735928 -0.03865062461244087 -0.047436890407982796 0.040661454431061075 -0.058707806664051648 0.04529118576338536 -0.021144059611079142 -0.055514514133667738 0.030127053671672246 0.020026818465037646 0.04518195735015737 -0.057555803054943316 0.022348923045375099 -0.076409115275214726 0.052663221275855092 -0.005440410617149157 -0.068171201479464247 0.040705840970619564 0.011347251967191279 0.015116794213693769 -0.080478836107403848 0.020927319386388143 -0.053398842792565071 0.020352942009223184 -0.081203219329948118 -0.025150174602036352 0.036600871092330275 0.0036319157033528112 -0.0054257136575862099
leaf_weight=489.44871379900724 2289.281281106174 328.74333646008745 1926.5067181307822 848.76201544888318 1920.2358752088621 283.54992685653269 524.97073513269424 1567.0330645870417 421.5142841283232 4300.1288962732069 9156.3381294514984 646.29465961828828 352.45647557266057 3814.8818017859012 104.27304906956851 465.45108931139112 4955.8383950912394 89.034417435526848 245.55519268661737 533.41116827353835 4860.2771851792932 98.721664348617196 347.03174211457372 381.18442147038877 1553.2178716883063 186.80454541556537 1847.8435252346098 1130.6848703082651 56851.834623418748 27519.869004089385
leaf_count=2926 2546 1921 12629 4628 2431 1740 725 8990 1919 8088 20418 514 1259 5475 736 305 20444 291 230 2091 9631 544 568 1440 2234 841 6579 2591 222887 124811
internal_value=0.00386783 0.00320147 0.00217806 0.00237554 0.00294299 0.00157679 0.0113349 0.00733509 0.0109018 0.0132173 0.0147721 0.00200388 0.00171548 0.00193217 0.0275423 0.00496645 0.00189882 0.0396368 -0.021511 -0.027809 0.00117804 0.0197551 0.0171766 -0.0184246 -0.00156853 -0.00819247 0.00136219 0.000596871 0.00115611 -0.00375627
internal_weight=130041 127663 117289 116960 114255 98255.2 15999.5 14079.2 12512.2 12090.7 10374 97406.4 96760.1 96407.7 4404.4 7686.28 7220.83 2378.32 2705.47 2459.92 92494.1 3913.6 9884.55 728.216 6695.86 5142.64 92210.5 87350.2 85502.4 28650.6
internal_count=472432 469595 444243 442322 427372 380659 46713 44282 35292 33373 25352 376031 375517 374258 8824 24549 24244 2837 14950 14720 368239 6019 22426 2008 23519 21285 366499 356868 350289 127402
cat_boundaries=0 51 58 60 111 115 119 123 125
cat_threshold=0 0 0 0 0 2097152 0 272629760 0 0 0 192 0 0 524289 0 0 524288 32768 67109120 0 2248228864 320 0 0 0 402653184 0 0 0 0 0 0 536870944 4112 0 1140850688 0 0 0 0 0 0 0 0 0 0 0 0 0 134250496 33558784 65 268468224 956301312 723009792 2148012056 8 1384195594 69273600 0 0 0 0 524288 2097152 67108864 0 2 0 16384 537206784 0 0 0 18432 128 0 0 0 0 134348804 4 0 131072 0 4096 0 128 0 0 0 0 0 264 0 65536 64 2148532224 0 12288 0 0 0 32768 4194304 0 0 0 0 67633156 8421388 564396072 536872226 32 8650752 287608832 537395328 128 786432 3489683669 541614226 386 1713374225 71303680
is_linear=0
shrinkage=0.05


Tree=73
num_leaves=31
num_cat=11
split_feature=96 207 430 430 16 7 106 113 4 29 12 47 423 26 430 101 14 26 12 12 420 178 12 3 3 113 28 8 336 347
split_gain=1201.19 705.31 577.377 514.38 470.791 469.386 555.47 557.555 593.474 615.323 525.672 497.41 668.602 569.586 490.962 482.21 429.952 442.812 383.11 370.554 368.783 361.292 359.278 560.332 835.882 536.687 683.459 498.668 599.15 457.33
threshold=3.5000000000000004 1.5000000000000002 0 1 1.0000000180025095e-35 2 2.5000000000000004 1.5000000000000002 180.50000000000003 24.500000000000004 3 4 5 18.500000000000004 6 1.0000000180025095e-35 12.500000000000002 26.500000000000004 7 8 9 11.848649978637697 10 553.50000000000011 545.50000000000011 1.0000000180025095e-35 4.5000000000000009 202.50000000000003 4.5000000000000009 2.5000000000000004
decision_type=10 10 9 9 2 9 10 10 10 8 9 9 9 2 9 10 2 2 9 9 9 10 9 8 10 10 8 8 8 8
left_child=1 2 -1 -4 5 6 7 8 9 15 -10 16 -13 19 -7 -5 17 -11 -16 -14 -20 -15 23 24 27 -25 -27 28 -22 -29
right_child=-2 -3 3 4 -6 14 -8 -9 10 11 -12 12 13 21 18 -17 -18 -19 20 -21 22 -23 -24 25 -26 26 -28 29 -30 -31
leaf_value=0.041959141522567918 0.042943810694064131 0.037719056989689186 -0.074553822978948428 0.020066883573287769 -0.067500885827069812 -0.064764214371096446 -0.041531666063656318 0.029902806328545126 0.001847801059437615 0.011767095280815661 0.026859046348312966 0.021540364656280214 -0.031095458218413325 -0.0092500844754240582 -0.040513762652099272 -0.054904724817583364 0.057400308461805633 -0.069488681986973597 -0.051398738808393331 -0.0027029238820387123 -0.0079900119526086968 -0.061300702283766842 0.0070937232768494042 0.012860328012502011 0.047168282593245209 -0.0071763398702514346 -0.04599424685712078 0.0010358456152479692 -0.064592133510317076 0.026640015228628824
leaf_weight=919.60794959962368 1919.7100753504783 1454.2348021790385 206.76083016628399 5714.2917093429714 239.46187991835177 277.49736346211284 583.44767875596881 2625.7693009600043 3385.0294872801751 4252.9159719273448 5568.0265443958342 2225.5636844169348 1235.5209920899943 590.68688113614917 550.28566494956613 222.84217607229948 501.75449535623193 174.5497699547559 324.74910421390086 14944.45462540444 7347.4848368167877 765.35274247825146 19541.720348244533 1328.599704682827 958.6181222256273 2756.4492215998471 1926.4166613649577 44801.890401156619 499.30231305211782 1814.6481281891465
leaf_count=993 2066 1470 2179 8196 1867 1836 1711 2876 7905 8457 6780 6131 7218 2399 5661 1000 358 1072 2379 57687 37304 5036 71462 5492 1763 11802 15173 188212 2978 2969
internal_value=0.00368668 0.0030967 0.002698 0.00240646 0.00253955 0.00267402 0.00691942 0.00759083 0.00611067 0.00280047 0.0174347 -0.000674762 -0.00421912 -0.00749637 0.000461176 0.0172529 0.0135348 0.00856364 0.000690194 -0.0048919 0.000974036 -0.0386276 0.0011904 -0.000688277 0.000884288 -0.0151875 -0.0231451 6.96359e-05 -0.0115917 0.00203254
internal_weight=129658 127738 126284 125364 125157 124918 42790.2 42206.8 39581 30627.9 8953.06 24690.8 19761.6 17536 82127.7 5937.13 4929.22 4427.47 81850.2 16180 81299.9 1356.04 80975.1 61433.4 55421.9 6011.47 4682.87 54463.3 7846.79 46616.5
internal_count=472432 470366 468896 467903 465724 463857 116826 115115 112239 97554 14685 88358 78471 72340 347031 9196 9887 9529 345195 64905 339534 7435 337155 265693 233226 32467 26975 231463 40282 191181
cat_boundaries=0 50 96 97 99 100 107 158 160 162 165 167
cat_threshold=67108864 0 0 0 0 64 0 0 1 128 0 0 0 8 134217728 0 0 0 16777216 1048576 131072 4194304 65544 131088 0 0 0 1073741856 0 0 0 0 64 0 268435456 131072 0 33554432 0 0 2 1 0 3489660928 536870912 4194304 0 0 16384 536903680 0 2 0 0 8 0 0 4096 0 0 32768 0 0 8388608 1 0 33554496 2621440 0 67109120 0 16778240 64 0 131072 0 0 0 160 0 4194304 0 536870912 0 537395712 0 71368704 1552 0 256 8192 0 0 0 0 1048576 2 103284738 4194336 2 3758096402 11264 1075843104 16777216 65760 16512 49160 131072 0 0 524288 262144 2097152 0 33554432 33554432 0 16384 67371008 0 0 0 0 1 0 0 64 524288 2148024320 270468 0 0 0 16 0 2048 0 0 0 0 0 272 0 0 64 35651592 0 0 0 0 0 512 0 0 16777216 0 0 16777216 340017352 54903171 1082145237 17206529 1359128576 1356464392 64 2173380614 3284496
is_linear=0
shrinkage=0.05


Tree=74
num_leaves=31
num_cat=7
split_feature=96 200 430 430 13 14 27 26 420 106 19 345 26 24 42 421 10 133 37 6 12 336 12 2 37 42 113 18 29 3
split_gain=1134.11 663.31 559.382 498.099 467.438 461.036 1258.02 569.994 597.361 565.973 538.489 534.168 604.525 1459.33 908.09 707.429 525.329 713.497 523.032 507.501 826.576 524.252 836.751 513.366 888.098 736.933 525.961 783.064 583.707 522.403
threshold=3.5000000000000004 1.5000000000000002 0 1 2 9.5000000000000018 6.5000000000000009 74.500000000000014 3 3.5000000000000004 71.500000000000014 7.5000000000000009 1.5000000000000002 1.5000000000000002 1.0000000180025095e-35 4 6.5000000000000009 1.5000000000000002 7.5000000000000009 222.50000000000003 5 1.5000000000000002 6 3055.5000000000005 121.50000000000001 25.500000000000004 1.0000000180025095e-35 1.5000000000000002 84.500000000000014 185.50000000000003
decision_type=10 10 9 9 9 2 2 2 9 10 2 8 2 2 10 9 8 10 8 8 9 10 9 2 10 10 8 2 8 10
left_child=1 2 -1 -4 -5 7 -7 9 -9 11 -8 12 13 14 -6 -14 17 -13 -12 20 -17 -21 -23 24 -22 29 27 -26 -29 -25
right_child=-2 -3 3 4 5 6 10 8 -10 -11 18 16 15 -15 -16 19 -18 -19 -20 21 23 22 -24 25 26 -27 -28 28 -30 -31
leaf_value=0.043260086166478917 0.042387702306410993 0.037705642032376502 -0.077439561552805902 -0.05102035835297683 -0.00030245492452925964 0.04737139969983796 0.014760901886493958 0.052476920520062136 -0.070557422321924343 -0.051477367027401723 0.026493557799256925 -0.087668859517231884 -0.035381963892244218 0.028087284103443327 0.01908526388259732 0.047503696683657684 0.027054587932169416 0.053483566711319354 -0.026025041175184688 -0.0033651990318257921 -0.013448767970965095 -0.038431308671617037 0.011104961335195521 0.020281385064041504 0.065478487399282068 -0.026268564471897789 0.017940022928594351 0.4814769156732488 0.151172583898635 -0.011984813718974285
leaf_weight=829.31108452007174 1849.4406132530421 1358.1810906343162 185.54236534284428 397.79162592533976 43057.267204298638 2103.0793158747256 3967.8042707163841 117.69135043025017 483.77303776331246 492.31667664647102 612.51989319734275 238.99421756714582 1543.822530486621 6224.6241019163281 7025.1297371126711 616.1647168174386 3380.9763463586569 143.1519877910614 2097.3370646238327 20716.812964570709 1335.8952655531466 890.84600291214883 16077.632896093652 1809.7023867350072 284.97662774845958 6760.851529603824 455.80482341721654 20.450704354792833 38.66052882373333 4088.4542122539133
leaf_count=887 2066 1396 1979 4665 160196 2114 15486 40 3321 1749 2505 960 6718 8335 15931 934 3894 64 13473 100070 5432 4663 50594 3825 453 42925 2304 28 149 15276
internal_value=0.00351484 0.00295033 0.00257569 0.00230249 0.00242706 0.00260179 0.0136479 0.00176445 -0.0467833 0.00201792 0.00302695 0.00224751 0.00161913 0.00525488 0.00241709 -0.00212753 0.0207739 -0.0347932 -0.0141541 -0.00115375 -0.00879809 0.00197201 0.0084882 -0.0111675 0.0115001 -0.0150007 0.0531671 0.0998315 0.265448 -0.00208473
internal_weight=129205 127356 125997 125168 124983 124585 8780.74 115804 601.464 115203 6677.66 114710 110947 56307 50082.4 54640.1 3763.12 382.146 2709.86 53096.3 15411 37685.3 16968.5 14794.8 2135.79 12659 799.893 344.088 59.1112 5898.16
internal_count=472432 470366 468970 468083 466104 461439 33578 427861 3361 424500 31464 422751 417833 184462 176127 233371 4918 1024 15978 226653 71326 155327 55257 70392 8366 62026 2934 630 177 19101
cat_boundaries=0 51 102 104 106 110 112 114
cat_threshold=67108864 0 0 0 0 64 0 0 1 0 0 4096 0 8 134217728 0 0 0 131072 1048576 131076 4194304 8 131088 2147483648 0 0 32 0 0 0 0 64 0 268435456 537001984 268435456 0 0 0 2 1 0 3489660928 536870912 0 0 0 16384 536903680 1 0 512 0 0 8 768 0 16781312 0 0 32768 0 0 8388608 1 0 0 2621440 0 67109120 512 16778240 64 0 537001984 0 0 0 2 0 0 0 536870912 0 537395712 0 67174400 528 0 256 8192 0 0 0 0 1048576 0 0 0 0 64 3512119448 155069984 0 8192 1073811460 1101342704 537944859 384 2720010496 4194304 59273248 67163663
is_linear=0
shrinkage=0.05


Tree=75
num_leaves=31
num_cat=8
split_feature=309 391 207 1 421 105 8 37 260 421 0 423 13 430 399 268 251 233 392 85 3 3 47 12 3 133 3 8 2 142
split_gain=1076 535.212 475.916 491.395 748.346 607.353 732.999 726.784 629.487 600.893 846.92 519.004 480.247 464.412 471.104 448.687 453.427 573.646 426.448 550.445 588.299 815.083 673.958 679.598 651.671 629.129 697.583 935.201 509.955 570.001
threshold=3.5000000000000004 -29.499999999999996 1.5000000000000002 0 1 1.5000000000000002 123.50000000000001 262.50000000000006 89.906250000000014 2 125.06250000000001 3 4 5 1.0000000180025095e-35 2.5000000000000004 1.5000000000000002 1.0000000180025095e-35 235322.50000000003 1.0000000180025095e-35 305.50000000000006 181.50000000000003 6 7 194.50000000000003 1.0000000180025095e-35 225.50000000000003 316.50000000000006 16561.000000000004 1.5000000000000002
decision_type=10 8 10 1 9 8 10 10 10 9 2 9 9 9 10 10 10 10 10 10 10 10 9 9 10 8 10 8 2 10
left_child=1 -1 3 4 -3 8 -7 9 13 10 11 -8 -11 -5 15 16 17 18 19 20 21 -15 23 -22 -23 26 27 -26 -24 -30
right_child=-2 2 -4 5 -6 6 7 -9 -10 12 -12 -13 -14 14 -16 -17 -18 -19 -20 -21 22 24 28 -25 25 -27 -28 -29 29 -31
leaf_value=0.021403146093644847 0.038300197199342419 -0.042190459849636597 0.035568470093076447 -0.047369964517016458 -0.0014311142749800529 0.039319548806253435 0.024618429560195016 -0.070909568061367029 -0.071327207981283461 0.05187814895742146 0.029179831028525394 -0.031022498552872653 0.012825586303289406 0.0016486359988239917 0.042404056600405068 -0.036545551597916143 0.025253259262340622 -0.057875654268954718 -0.01349194401054017 0.012363293525913806 0.017198131163152042 -0.040397995965918032 -0.0025957255827046563 -0.0046783491784365165 0.063407328889607914 -0.017120086844033832 -0.017318322710112945 -0.054289907280708795 0.012406245442712384 0.10440639138522836
leaf_weight=3733.5947620123625 2165.3401595726609 1531.7549567399547 1058.5086635164917 475.17805588012561 4192.8964129355736 2113.1586995637044 503.70118174701929 288.67789549008012 298.15061520412564 873.68217217363417 1175.6553108282387 2353.9153045453131 7531.9432551283389 17286.023101039231 704.73637096956372 773.83657128922641 1998.0356448832899 409.33023514784873 4555.6240812558681 11597.403900098987 13684.139478106052 2160.1141066551208 29748.642346221954 4792.5940796248615 901.44163389131427 6719.005728116259 931.59338070079684 207.65616637468338 3787.7837242912501 176.19112341292202
leaf_count=7454 2837 10615 1100 3036 18820 2657 1517 1437 1207 916 1774 14404 19365 71724 679 2271 2393 1497 14436 26118 32248 14131 142722 15140 2539 34935 4582 1335 17962 581
internal_value=0.00335156 0.00275364 0.00218677 0.0018966 -0.0123917 0.00260229 0.0120486 0.00752076 0.00121737 0.00934094 -0.00652507 -0.0212373 0.0169415 0.00143172 0.00166716 0.00137946 0.00167604 0.00119017 0.00144059 0.00218007 0.000711095 -0.00510693 0.00385546 0.0115305 -0.015801 -0.00973541 0.0145788 0.0413709 -0.000350956 0.0164955
internal_weight=128730 126565 122831 121773 5724.65 116048 14840.7 12727.6 101207 12438.9 4033.27 2857.62 8405.63 100909 100434 99729.4 98955.6 96957.5 96548.2 91992.6 80395.2 28205.8 52189.4 18476.7 10919.8 8759.7 2040.69 1109.1 33712.6 3963.97
internal_count=472432 469595 462141 461041 29435 431606 42070 39413 389536 37976 17695 15921 20281 388329 385293 384614 382343 379950 378453 364017 337899 129246 208653 47388 57522 43391 8456 3874 161265 18543
cat_boundaries=0 1 5 9 16 18 69 70 72
cat_threshold=4 2166620160 1073864608 73421784 1024 0 1081578120 9986568 130 0 68608 32768 65536 512 262272 32768 579338240 2112 0 514 0 0 0 1536 0 4194304 0 0 0 67108864 16384 0 1 0 33554432 2621440 0 256 2097153 134415360 8192 0 0 0 4096 1 32 0 0 0 0 0 536870912 0 0 0 0 0 0 0 0 0 33280 0 0 0 0 2147491840 201326592 2 545891104 69273672
is_linear=0
shrinkage=0.05


Tree=76
num_leaves=31
num_cat=13
split_feature=96 302 430 423 382 0 1 420 4 4 4 118 12 33 421 13 423 430 127 420 13 46 0 0 10 37 2 2 3 421
split_gain=1038.16 610.011 525.6 527.735 459.093 461.727 754.57 604.521 584.593 547.84 444.248 672.416 563.883 507.254 497.506 649.763 502.514 465.165 459.724 441.204 518.064 486.317 561.049 550.186 439.717 418.339 413.1 609.424 417.8 398.095
threshold=3.5000000000000004 1.5000000000000002 0 1 1375.0000000000002 131.06250000000003 2 3 118.50000000000001 185.50000000000003 180.50000000000003 2.5000000000000004 4 257.50000000000006 5 6 7 8 2.5000000000000004 9 10 11 440.12500000000006 312.12500000000006 820.50000000000011 318.50000000000006 6395.0000000000009 6020.0000000000009 472.50000000000006 12
decision_type=10 10 9 9 10 2 1 9 8 10 8 8 9 10 9 9 9 9 10 9 9 9 2 2 10 10 2 2 8 9
left_child=1 2 -1 -4 5 7 -7 -5 -9 10 14 12 17 -14 16 -16 -10 -12 -17 29 -21 22 -22 24 26 -25 27 28 -23 -8
right_child=-2 -3 3 4 -6 6 19 8 9 -11 11 -13 13 -15 15 18 -18 -19 -20 20 21 23 -24 25 -26 -27 -28 -29 -30 -31
leaf_value=0.04283995840901364 0.041534027130303602 0.035355056078401323 -0.054415735088227807 -0.026106003258066952 -0.099444538878094971 0.033906350452417494 0.05534560398840959 -0.065233298324856498 0.0059311127886157418 -0.067723244902573018 0.037290382261320691 0.043896157567946563 0.015192022694093442 -0.038808436967391446 0.036750986724459679 -0.00074385982427127963 -0.03739864424254271 -0.0095697192636124938 0.049663121098000446 0.029441151544100666 0.0041663751907343666 -0.015110287624776647 0.022818690458693013 -0.020320481541567934 0.054919673090895044 0.023059415035604328 -0.0046538871917783629 0.079418021688505924 0.029189637200586527 -0.029141722683518275
leaf_weight=784.43266990408301 1741.7038494162261 1411.3303728327155 402.61022062506527 2113.6821260382421 110.93113692849874 2398.9103903286159 146.07169420644641 332.6846182779409 1077.2986330380663 287.46236346662045 569.22473265044391 1232.5786083489656 10158.024786131456 454.33225276134908 1193.8350635040551 58633.612850698642 1761.9957401566207 6209.1631059511565 455.84715120121837 2230.787695504725 13415.284060008824 958.20628423709422 5763.6867279261351 4678.6292667817324 423.87071932479739 630.6833965126425 5781.4520650245249 364.29243999160826 1197.2388635538518 1413.7334287650883
leaf_count=876 2066 1648 3317 14087 558 3389 194 2364 4416 1271 666 938 18498 1607 1842 273548 11046 21037 361 3359 32773 4635 8167 19358 860 1948 25168 714 3956 7765
internal_value=0.00319442 0.00266693 0.00229839 0.00203913 0.00222682 0.00231804 0.00678765 0.000233333 0.000912313 0.00118068 0.00142298 0.00820897 0.00567962 0.012868 -0.000579121 0.000385876 -0.0209951 -0.00558544 -0.000354934 0.00501907 0.00616649 0.00459485 0.00977179 -0.00247653 0.00524606 -0.0151675 0.00270965 0.019605 0.00949604 -0.0209275
internal_weight=128334 126592 125181 124396 123994 123883 39402.8 84479.7 82366.1 82033.4 81745.9 18623.3 17390.7 10612.4 63122.6 60283.3 2839.29 6778.39 59089.5 37003.9 35444.1 33213.3 19179 14034.4 8725.06 5309.31 8301.19 2519.74 2155.45 1559.81
internal_count=472432 470366 468718 467842 464525 463967 112286 351681 337594 335230 333959 42746 41808 20105 291213 275751 15462 21703 273909 108897 100938 97579 40940 56639 35333 21306 34473 9305 8591 7959
cat_boundaries=0 50 57 58 61 63 67 69 76 127 130 132 133 136
cat_threshold=1073741824 0 4096 0 0 64 0 0 0 0 0 0 0 8 0 134217728 0 0 0 1048576 131076 0 65536 133136 2147483648 0 0 0 0 0 4 0 33554496 0 268435456 536870912 0 0 0 4194304 2 1024 0 3221225472 603979776 4194560 0 8388608 16793600 32768 33558528 32769 268435456 407372288 723009792 2148012168 131072 10 3874155004 2198340034 50 3290955778 4194336 0 1359319009 664302168 1280 570950656 67141712 2684354832 66560 0 536936448 704 0 16392 2097152 0 0 524288 0 0 0 0 0 0 1024 128 0 0 134348800 0 0 8388608 0 32 4096 302252032 4325633 0 0 0 440401920 2 0 18 0 0 67108864 0 8192 0 0 0 2147483648 16 2097152 0 0 0 512 0 0 0 4 8192 32768 1075290112 5417988 112 2692809472 33554504 1 0 813694984 33555746
is_linear=0
shrinkage=0.05


Tree=77
num_leaves=31
num_cat=12
split_feature=96 240 423 1 421 420 105 8 407 42 399 430 220 0 211 16 12 0 421 134 430 3 3 3 421 12 361 47 46 28
split_gain=978.411 591.775 504.394 553.677 691.892 548.369 746.272 678.022 628.755 592.19 515.622 481.517 493.779 480.968 478.742 438.199 423.82 691.408 417.615 412.264 395.278 377.289 397.223 1673.24 530.386 496.406 415.874 411.62 616.638 533.913
threshold=3.5000000000000004 2.5000000000000004 0 1 2 3 1.5000000000000002 123.50000000000001 221.50000000000003 262.50000000000006 1.0000000180025095e-35 4 2.5000000000000004 54.515625000000007 289310.65625000006 1.0000000180025095e-35 5 54.515625000000007 6 2.5000000000000004 7 103.50000000000001 181.50000000000003 210.50000000000003 8 9 77.031250000000014 10 11 236.50000000000003
decision_type=10 10 9 1 9 9 8 10 8 10 10 9 10 2 10 2 9 2 9 10 9 8 8 8 9 9 10 9 9 10
left_child=1 2 13 4 -4 -5 8 -8 -7 14 11 -10 19 -1 15 16 17 -9 -18 20 -13 -22 24 26 -23 -25 -24 -27 29 -29
right_child=-2 -3 3 5 -6 6 7 9 10 -11 -12 12 -14 -15 -16 -17 18 -19 -20 -21 21 22 23 25 -26 27 -28 28 -30 -31
leaf_value=-0.012044141757293132 0.040958581734610415 0.039051655055876759 0.00085649124634755436 -0.040018809714915643 -0.035638003828839734 -0.037273358163096654 0.04062707766815192 -0.021294831144156961 0.042883678177779029 -0.050264558597799928 0.043659122907869968 -0.073761490667939675 -0.060562704091791 0.031028238302295105 -0.037900938439453288 -0.065944958577754717 -0.032893179651373602 0.017547514962595379 0.029088804720946677 0.0314808633795906 -0.021331185788427829 0.030232305775915319 -0.022244616688810278 -0.014251944564812522 0.0048188831040136548 0.0085050026833147531 -0.059431425867111046 -0.028893525963916762 0.0017739548569946435 0.017636207499584368
leaf_weight=850.71711308602244 1679.4518734682351 1100.2275929674506 3193.9918594444171 746.92502640374005 2182.3842242741957 1049.0460742898285 2007.8735699718818 1694.0771008715965 682.46177406609058 405.27195530943573 724.72265653871 166.94897459913045 324.18935569003224 2721.5705246282741 472.68240535538644 170.4413308929652 282.5389305818826 3539.1753336982802 4613.9996163006872 1114.7559101209044 1849.682745911181 2355.8323321882635 2994.4261304810643 4609.4088766165078 15639.496615024284 21103.115302082151 1003.8926792833954 2988.098007498309 44866.46920957882 776.79744118452072
leaf_count=3511 2066 1266 14005 5238 14462 4894 2371 7810 716 1762 645 1459 1340 4811 4812 1333 1546 6658 8196 1350 7846 3365 17215 23346 62196 54965 6008 12788 191222 3230
internal_value=0.00304656 0.00254215 0.00222114 0.00167587 -0.0139961 0.00240224 0.00268017 0.0138753 0.0012367 0.00907008 0.0016359 0.00133279 0.00104423 0.0207128 0.0113022 0.0135602 0.0148979 0.00496422 0.0254526 0.00124512 0.00090243 0.00103679 0.00146636 -7.24e-05 0.00816532 0.0016222 -0.0315814 0.00267313 0.000142998 -0.0192932
internal_weight=127911 126231 125131 121559 5376.38 116182 115435 13186.1 102249 11178.2 101200 100476 99793.1 3572.29 10772.9 10300.2 10129.8 5233.25 4896.54 99468.9 98354.2 98187.2 96337.5 78342.2 17995.3 74343.9 3998.32 69734.5 48631.4 3764.9
internal_count=472432 470366 469100 460778 28467 432311 427073 34488 392585 32117 387691 387046 386330 8322 30355 25543 24210 14468 9742 384990 383640 382181 374335 308774 65561 285551 23223 262205 207240 16018
cat_boundaries=0 7 8 12 15 65 67 71 122 126 128 129 130
cat_threshold=536870914 11264 1073745952 0 65728 278688 49672 4 98304 821429272 59780386 130 1910710636 1353449795 16 0 0 4096 0 0 64 0 0 0 0 524288 4096 0 0 0 134217728 0 0 0 1048592 131072 0 65536 131088 0 0 0 0 0 0 0 0 65600 0 268435456 537001984 0 98304 8 4194304 34 1 0 3489660928 0 268435456 0 1024 0 537034752 1350641432 69271552 0 32768 1073152 128 1179648 0 0 0 8 1792 0 0 0 0 49152 8192 16384 0 1 0 33554496 2621440 0 256 0 16778240 270336 0 131072 0 0 1 32 65537 0 0 536870912 0 524288 0 65536 0 1 0 0 0 0 0 0 0 0 0 0 0 262144 65536 280284429 80740865 1216 3293973706 105300903 2 2
is_linear=0
shrinkage=0.05


Tree=78
num_leaves=31
num_cat=7
split_feature=309 14 26 27 22 27 24 12 284 19 2 26 10 31 19 25 3 3 12 22 421 5 12 26 129 430 8 8 12 134
split_gain=931.577 497.444 1831.56 771.883 736.317 582.403 1036.84 702.848 620.332 564.123 549.556 537.815 527.242 585.037 476.518 538.546 474.547 608.772 484.38 476.496 467.563 475.454 514.168 453.133 442.156 438.501 434.23 694.279 875.852 497.234
threshold=3.5000000000000004 6.5000000000000009 12.500000000000002 4.5000000000000009 4.5000000000000009 1.5000000000000002 2.5000000000000004 0 2.5000000000000004 1.5000000000000002 12503.000000000002 15.500000000000002 85.500000000000014 208.50000000000003 4.5000000000000009 1.0000000180025095e-35 532.50000000000011 528.50000000000011 1 2.5000000000000004 2 3 4 50.500000000000007 2.5000000000000004 5 220.50000000000003 232.00000000000003 6 3.5000000000000004
decision_type=10 2 2 2 2 2 2 9 10 2 2 2 10 10 2 2 10 10 9 2 9 9 9 2 10 9 8 8 9 10
left_child=1 3 -3 4 5 6 8 -7 9 11 14 16 -12 -14 15 -9 17 19 -18 20 -1 -22 -23 -6 -5 -24 29 -28 -29 -4
right_child=-2 2 26 24 23 7 -8 10 -10 -11 12 -13 13 -15 -16 -17 18 -19 -20 -21 21 22 25 -25 -26 -27 27 28 -30 -31
leaf_value=0.034077470494708884 0.036890109329264197 0.044715813761028518 -0.026603247822240491 -0.03571373546081711 0.036014008928543999 -0.028902530236291357 0.030462615284575154 0.0037359254378238589 -0.04261946649719453 0.013047842826158257 -0.018445195509134669 -0.034965251353421732 -0.025042423149222743 0.054366279834865111 0.033173826247842306 -0.026159162388085619 -0.044859153623372811 0.047727447000449522 -0.0044347316597033795 0.044289907999351182 0.027683464036539762 -0.043017829298990617 0.045640152254215818 -0.072287534111404497 0.049579507297453626 0.00088738709590000355 0.049745740597369775 -0.019735429473743904 0.017634645903712276 0.077524028764157704
leaf_weight=1132.8941426947713 1984.9764822497964 3161.9608547929674 1857.0285903532058 1905.8494284879416 2044.6572295185179 2763.974654648453 3396.1737424107268 13600.19868899975 762.96068031899631 11241.216932595707 6640.9467927562073 1026.8474391922355 397.46371192857623 556.98023414611816 1197.7285693362355 1694.1378904283047 776.41702328808606 773.06720743514597 13000.615555355325 690.10924371704459 1693.4613865092397 650.24278387660161 543.89820030517876 101.37047599069774 165.10818848758936 46485.742877166718 814.41005041077733 2858.9438284095377 3447.4974290076643 122.19333457574248
leaf_count=1952 2837 4095 12449 12087 3518 13941 5002 62013 2320 28727 34816 7259 1780 1108 2434 5684 4713 1213 49904 1267 3199 4624 555 617 107 174564 1386 17119 11102 40
internal_value=0.00290457 0.00236705 0.0119332 0.00133122 0.00189464 0.00132374 0.00341272 -0.00506921 0.00224658 0.00268535 -0.00232144 0.00094084 -0.0134511 0.0212977 0.00280288 0.000424477 0.00150163 0.00368878 -0.00674867 0.00302379 0.00245994 0.00172721 0.000799698 0.0308982 -0.0289137 0.00141455 0.000542332 0.00630056 0.000690073 -0.0201746
internal_weight=127489 125504 12262 113242 111171 109025 82173.6 26851.4 78777.5 78014.5 24087.5 66773.3 7595.39 954.444 16492.1 15294.3 65746.4 51969.4 13777 51196.3 50506.2 49373.3 47679.9 2146.03 2070.96 47029.6 9100.07 7120.85 6306.44 1979.22
internal_count=472432 469595 46191 423404 411210 407075 285299 121776 280297 277977 107835 249250 37704 2888 70131 67697 241991 187374 54617 186161 184894 182942 179743 4135 12194 175119 42096 29607 28221 12489
cat_boundaries=0 2 4 8 9 11 61 63
cat_threshold=94923521 515640 337646621 4197910 2227245572 536871181 388237090 1120 2 2153797848 54837633 67108864 0 0 0 0 8396928 0 0 0 0 2 0 257 268435456 134217728 0 1 4194304 0 1048592 131076 0 67108864 0 0 0 4194321 0 0 16 0 0 512 32 0 536870912 268435456 134225920 0 0 0 1024 256 0 0 0 0 0 67108864 67149824 646022160 6294528
is_linear=0
shrinkage=0.05


Tree=79
num_leaves=31
num_cat=11
split_feature=96 205 430 215 423 391 88 430 12 45 10 2 12 27 6 7 12 35 430 27 14 23 421 420 26 18 4 80 26 24
split_gain=887.369 551.934 476.09 481.744 435.48 434.807 525.357 422.45 408.245 397.873 527.599 586.142 766.283 483.951 471.115 500.073 465.661 462.516 422.58 421.717 537.834 433.889 406.842 420.804 547.781 708.715 592.456 498.273 403.914 449.706
threshold=3.5000000000000004 1.5000000000000002 0 457.50000000000006 1 -29.499999999999996 3.5000000000000004 2 3 4 73.500000000000014 11378.500000000002 5 4.5000000000000009 225.50000000000003 6 7 195.93750000000003 8 79.500000000000014 9.5000000000000018 18.500000000000004 9 10 32.500000000000007 12.500000000000002 143.50000000000003 1.5000000000000002 1.5000000000000002 1.5000000000000002
decision_type=10 10 9 10 9 8 10 9 9 9 10 2 9 2 10 9 9 10 9 2 2 2 9 9 2 2 8 10 2 2
left_child=1 2 -1 4 -4 -6 7 -7 -9 14 11 12 -11 -12 15 -10 -16 19 -13 20 21 22 -14 -24 -25 26 -26 -28 29 -20
right_child=-2 -3 3 -5 5 6 -8 8 9 10 13 18 17 -15 16 -17 -18 -19 28 -21 -22 -23 23 24 25 -27 27 -29 -30 -31
leaf_value=0.041402378926210966 0.040031167361631627 0.042523217077027831 -0.056980249171779365 -0.029335591307299399 0.02024761933378913 -0.069532333192431725 -0.044964255132148946 0.0382728932527256 0.004493089875779498 -0.034748310332244861 0.026029026274213631 -0.077079718254046525 -0.0082470925417055998 -0.034083592438976511 -0.021107943485058834 -0.014089482198804536 0.0043354550730071864 -0.019796334400171978 -0.00013196629148260413 -0.028616208235962462 0.031965447947173146 -0.099955674713959816 0.030635299723159384 0.0092388391435069463 0.24981794096476975 0.094844904136228092 -0.052832263507870292 0.079185235171194093 -0.0091601620536916617 0.027138225365937293
leaf_weight=753.05128356814384 1577.9671875927597 847.14441166073084 301.17001687595621 1231.1728601623327 3265.4397111223079 196.11576221790165 598.73146666400135 765.56212450191379 5207.9292001649737 1097.4398194272071 3976.4423080943525 181.85984202846885 3574.3027441939339 365.60292666777968 1940.6382288075984 11859.55178995803 23043.242016112432 1515.0417956998572 11020.474452503026 759.85985801927745 2398.5477532204241 93.557341143488884 2188.9039857219905 33365.206778472289 17.561450377106667 110.59821757674217 963.29104662686586 77.201598647981882 12022.352106358856 1752.1560642123222
leaf_count=905 2066 873 2606 9693 6627 1586 2083 1044 13987 6883 8518 1035 14017 1670 11055 69422 89737 7420 41505 4173 4996 484 4752 103764 18 64 5864 85 53139 2361
internal_value=0.00276973 0.00230119 0.00202782 0.001785 0.00209751 0.0022474 0.00175403 0.00199009 0.00211436 0.0018756 0.00404715 0.00301439 0.00635286 0.0209675 -0.00202179 -0.00842486 0.00235241 0.00735987 -0.00315569 0.00830631 0.00896199 0.00759596 0.00784566 0.00941168 0.00805796 -0.0255874 -0.0381762 -0.0430369 -0.00258136 0.00360897
internal_weight=127068 125490 124643 123890 122659 122358 119092 118493 118297 117532 75480.4 71138.4 46161.5 4342.05 42051.4 17067.5 24983.9 45064.1 24976.8 43549 42789.2 40390.6 40297.1 36722.8 34533.9 1168.65 1058.05 1040.49 24795 12772.6
internal_count=472432 470366 469493 468588 458895 456289 449662 447579 445993 444949 260748 250560 152520 10188 184201 83409 100792 145637 98040 138217 134044 129048 128564 114547 109795 6031 5967 5949 97005 43866
cat_boundaries=0 50 57 108 110 111 113 114 116 167 171 174
cat_threshold=1140850688 0 0 0 0 64 0 0 0 0 0 0 0 8 134217728 0 0 0 16777216 1048576 131072 4194304 2147549192 131088 0 0 536870912 1073741824 0 0 0 0 33554496 0 268435456 131072 0 65536 2048 0 2 0 0 2147483648 603979776 256 0 0 16793600 536903680 33558528 0 0 4719104 689455360 2148012040 131072 0 2 0 0 0 2048 0 20971520 33554432 0 0 67108864 4 8388608 1 0 0 0 0 71303424 0 16973824 64 0 0 0 0 0 0 0 0 0 536870912 0 537395200 0 2214592512 16 0 256 0 0 0 0 512 0 0 0 0 8192 134217792 536875041 64 2 1371841096 429313 2 2181580994 366343 0 0 0 0 0 0 0 268435456 0 0 8192 0 0 268435456 0 2048 0 1572864 0 0 536870912 2214609924 603980164 0 0 0 138432512 134217728 0 0 0 0 0 0 272 0 1073741824 0 33554440 0 0 0 256 0 0 0 0 16777216 0 0 16809984 21266436 2684422626 5792128 384 16847681 2418309133 68
is_linear=0
shrinkage=0.05


Tree=80
num_leaves=31
num_cat=13
split_feature=240 138 430 423 0 1 4 4 420 314 420 404 8 48 71 127 12 366 12 12 8 47 31 8 127 96 430 30 44 12
split_gain=848.206 547.189 456.686 461.041 421.556 791.43 506.431 509.149 505.391 493.003 397.101 421.137 395.073 680.34 795.761 700.186 626.626 592.593 518.211 470.488 445.011 408.653 402.878 391.253 390.859 380.072 411.362 384.429 357.593 402.591
threshold=2.5000000000000004 3.5000000000000004 0 1 131.06250000000003 2 118.50000000000001 185.50000000000003 3 906.92623901367199 4 -389.99999999999994 202.50000000000003 5 1.0000000180025095e-35 1.0000000180025095e-35 6 525.50000000000011 7 8 177.50000000000003 9 18.500000000000004 123.50000000000001 2.5000000000000004 1.5000000000000002 10 126.50000000000001 11 12
decision_type=10 10 9 9 2 1 8 10 9 10 9 8 8 9 8 8 9 10 9 9 10 9 8 10 10 10 9 8 9 9
left_child=1 2 -1 -4 6 -6 -5 8 -8 10 -7 -12 13 19 15 -15 21 18 -14 -10 -18 -16 -22 -17 25 26 -20 -27 -13 -30
right_child=-2 -3 3 4 5 9 7 -9 12 -11 11 28 17 14 16 23 20 -19 24 -21 22 -23 -24 -25 -26 27 -28 -29 29 -31
leaf_value=0.039770862759857618 0.040474393323344182 0.037989978413411195 -0.060945568841593946 -0.061372866939249093 0.034152308394363187 0.03617085546919753 -0.023635978407015288 -0.066034006323939229 0.079568320180789423 -0.077227329639741563 -0.03766640983354546 0.020339650323797739 -0.045238055431860262 0.062384771816746398 0.055023818563505272 0.042054247448485217 -0.0045816393218895222 -0.10328206449113141 -0.063258110530479347 -0.030392358243995211 -0.0098023008549775158 -0.0049063753096134539 -0.056210653878227393 -0.021772713543300265 0.053457389448277326 0.0013597906001103475 0.0016802096664445293 0.026047343616917986 -0.0082545698220220128 0.0057321934463010118
leaf_weight=780.65167352929711 1464.1307615544647 1058.6933599058539 283.50130969611928 337.08639890886843 2347.6289702579379 964.9155320674181 2143.9472823468968 290.5703632500954 91.656840972602367 184.63438741117716 601.36032767221332 3248.0412345230579 553.96274442225695 840.64614206179976 561.72951554507017 374.0248816087842 2971.9600025145337 132.64827076345682 234.84170510526747 3149.4438479728997 841.50600577145815 576.24911962635815 1052.6280809249729 670.53914383798838 380.01697689294815 3010.3694105064496 62187.490199928172 3311.5175492241979 6426.068572695367 25655.409770929255
leaf_count=947 1906 1276 2732 2411 3135 1851 14344 1311 257 829 3088 6971 6189 2139 680 1148 13497 610 1480 21509 3815 2696 7988 3355 243 8561 254150 5926 24751 72637
internal_value=0.0026382 0.00219596 0.00189086 0.00164791 0.00179696 0.00605985 -0.00021062 3.66575e-05 0.000267724 0.00427091 0.0046799 0.00382309 0.000903686 -0.00784463 7.86571e-05 0.0284177 -0.00881949 0.00229861 0.00249961 -0.027131 -0.0166186 0.0244614 -0.0355928 0.00108167 0.00288831 0.00260918 0.00142604 0.0142916 0.00453038 0.00292979
internal_weight=126728 125264 124205 123424 123141 39428.1 83712.8 83375.7 83085.2 37080.4 36895.8 35930.9 80941.2 11130.4 7889.28 1885.21 6004.07 69810.8 69678.2 3241.1 4866.09 1137.98 1894.13 1044.56 69124.2 68744.2 62422.3 6321.89 35329.5 32081.5
internal_count=472432 470526 469250 468303 465571 113262 352309 349898 348587 110127 109298 107447 334243 57084 35318 6642 28676 277159 276549 21766 25300 3376 11803 4503 270360 270117 255630 14487 104359 97388
cat_boundaries=0 51 58 59 62 65 66 68 70 72 73 113 114 116
cat_threshold=0 0 0 0 0 64 0 0 0 0 0 536870912 0 8 0 0 0 8388608 16777216 1048578 131072 4194304 2147680384 16 0 0 0 0 0 0 4 0 65600 0 0 0 268435460 0 2048 4096 2 0 0 3221225472 603979776 0 0 0 16793600 536903680 65536 33558528 0 268435456 272630272 588791808 2148012040 131072 2 3874152892 2206761410 50 88084833 1990197514 5 2 302555141 520 1360193736 17275139 1610612736 65536 2 131072 0 2048 0 524296 528 0 4194304 33554432 0 49152 0 16388 8388608 0 0 64 2097152 0 67108864 0 2197815328 0 0 131072 0 0 1 0 1 0 0 0 0 2097744 0 256 268435456 1 256 1 2189961302 4508431
is_linear=0
shrinkage=0.05


Tree=81
num_leaves=31
num_cat=11
split_feature=309 396 430 420 430 421 430 423 275 393 45 391 106 430 216 40 15 2 8 26 14 29 37 100 0 46 47 332 19 48
split_gain=803.978 444.689 578.02 530.543 423.668 629.173 431.918 420.917 408.872 395.397 417.514 408.199 493.014 410.043 411.289 401.3 385.518 689.265 714.262 567.669 523.534 485.945 598.748 484.25 436.416 480.894 437.632 479.767 466.705 458.886
threshold=3.5000000000000004 -6.4999999999999991 0 1 2 3 4 5 2.5000000000000004 1.5000000000000002 6 -64.499999999999986 3.5000000000000004 7 547.98498535156261 4.5000000000000009 2.5000000000000004 10617.000000000002 325.50000000000006 31.500000000000004 7.5000000000000009 22.500000000000004 139.50000000000003 1.0000000180025095e-35 415.12500000000006 8 9 1.5000000000000002 2.5000000000000004 10
decision_type=10 8 9 9 9 9 9 9 10 10 9 8 10 9 10 10 2 2 10 2 2 10 10 10 2 9 9 10 2 9
left_child=1 4 -3 -4 -1 -6 -7 -5 -2 10 -9 -12 13 -13 15 16 23 19 21 -18 -21 -19 -23 24 26 -26 27 -15 29 -28
right_child=8 2 3 7 5 6 -8 9 -10 -11 11 12 -14 14 -16 -17 17 18 -20 20 -22 22 -24 -25 25 -27 28 -29 -30 -31
leaf_value=0.042770419356891069 0.040678154160445887 -0.064359453502572939 -0.02757241992520151 0.03247126254635662 0.016875592861964019 0.041343901219070459 -0.021410140284166837 0.0090032642659534402 -0.071518501341114246 0.041456994367909755 0.049787213030464725 0.04064992632349556 -0.055815602351916932 -0.010526910654010766 -0.036852125353880001 -0.028851575391156188 0.017250813331786297 -0.00086244506236603723 0.016124391309898994 -0.035586893398272972 0.0059528775077103127 -0.048229789184520054 -0.0060259515835120207 -0.013585272993583109 0.021533138689406827 -0.011835125695579998 -0.011822297690392081 0.024605116227877963 0.025133896261673058 0.0029105025060991844
leaf_weight=1010.9489901755005 1741.219167791307 325.66353164240718 1553.9765128251165 1094.1491877483204 6379.2679712898098 306.84104460850358 2076.9286791901104 14940.190273817629 85.17433350905776 614.11609969846904 410.26651766709983 607.50839236192405 396.73390780389309 15294.436521887779 760.36278701899573 1184.354426395148 12269.212923335843 3682.2364258356392 2885.6774740554392 1005.5630061980337 3087.1746613141149 1682.9797693137079 1678.5808093287051 7464.7048851847649 4259.1583129987121 1446.4355656113476 6479.4687639083713 1037.7049037218094 1981.7776564974338 28679.126064105425
leaf_count=1143 2546 1978 9786 2169 14778 312 9119 49357 291 810 488 679 1519 63960 6280 4585 36409 11358 11601 5727 14557 11235 10789 60862 6027 4518 28081 1164 3679 96625
internal_value=0.00251256 0.00202981 0.0011583 0.00135016 0.012268 0.00869034 -0.0131934 0.00175051 0.0354458 0.00144711 0.00122634 1.97348e-05 -0.000193211 3.78928e-05 -0.000226406 6.94609e-05 0.000438031 0.00556516 -0.00482712 0.0118718 -0.00425321 -0.0134105 -0.0271555 -0.00158468 -7.09344e-05 0.0130739 -0.00147351 -0.00829471 0.00152606 0.000195356
internal_weight=126422 124596 114822 114496 9773.99 8763.04 2383.77 112942 1826.39 111848 111234 96293.5 95883.2 95486.5 94879 94118.6 92934.2 26291.4 9929.47 16362 4092.74 7043.8 3361.56 66642.8 59178.1 5705.59 53472.5 16332.1 37140.4 35158.6
internal_count=472432 469595 444243 442265 25352 24209 9431 432479 2837 430310 429500 380143 379655 378136 377457 371177 366592 101676 44983 56693 20284 33382 22024 264916 204054 10545 193509 65124 128385 124706
cat_boundaries=0 51 54 105 109 159 166 167 217 218 219 220
cat_threshold=0 0 0 0 0 2097152 0 272629760 0 0 0 192 0 0 524288 0 0 1572864 32768 67109120 1 2248228864 256 0 0 0 402653184 0 0 0 0 0 0 536870944 12304 128 1140850688 0 0 0 16384 0 0 0 0 0 0 0 0 0 134250496 2063327276 3253502177 8 0 0 0 0 0 0 0 268435456 0 0 524288 192 0 268435456 0 0 0 12582912 16809984 32 0 16384 256 2064 0 0 167772160 0 131072 16 4 0 2097152 32 12288 0 1073741824 73728 0 262144 0 0 0 0 0 0 0 1024 16384 32768 33587200 14229508 28329472 853018245 66 2097152 0 0 0 0 8 0 4194304 1 0 0 0 0 0 0 0 0 0 131072 66 570556416 0 536870912 0 0 0 1 0 33554432 6 0 0 67109376 1024 0 0 0 167772160 0 16 0 1 0 1073741824 67109376 0 0 8388608 83886080 67244048 536870914 11264 4128 0 65664 278656 49664 1 1073741824 0 0 0 0 131136 0 0 0 128 1024 536870912 0 0 131072 134217728 0 0 0 2048 4 0 2214789248 0 2147483648 0 0 1073741824 0 0 0 0 33620032 0 0 131072 268435456 64 3145728 4325376 4128 0 0 0 536870912 256 0 0 0 32768 1 1 2
is_linear=0
shrinkage=0.05


Tree=82
num_leaves=31
num_cat=11
split_feature=240 14 26 27 19 15 23 423 221 430 10 12 345 31 421 8 45 178 12 12 430 12 18 129 47 24 27 28 430 8
split_gain=772.227 503.148 1733.88 684.763 662.251 557.922 462.204 530.568 550.098 498.893 425.152 620.037 522.812 700.676 583.884 536.048 531.141 508.258 464.091 445.829 430.28 411.489 409.565 398.395 374.635 356.399 877.16 409.532 403.6 354.382
threshold=2.5000000000000004 6.5000000000000009 12.500000000000002 4.5000000000000009 5.5000000000000009 7.5000000000000009 15.500000000000002 0 2.5000000000000004 1 18.500000000000004 2 7.5000000000000009 9.5000000000000018 3 200.50000000000003 4 118.00999832153322 5 6 7 8 8.5000000000000018 2.5000000000000004 9 1.5000000000000002 1.5000000000000002 63.500000000000007 10 298.00000000000006
decision_type=10 2 2 2 2 2 2 9 10 9 8 9 10 10 9 8 9 10 9 9 9 9 2 10 9 2 2 10 9 10
left_child=1 3 -3 4 6 -6 7 -1 10 -10 11 -9 13 16 20 18 -12 24 -16 -17 -15 29 25 -5 -13 28 27 -27 -18 -4
right_child=-2 2 21 23 5 -7 -8 8 9 -11 12 17 -14 14 15 19 22 -19 -20 -21 -22 -23 -24 -25 -26 26 -28 -29 -30 -31
leaf_value=0.036620923448910839 0.039601445644325176 0.043021897311366214 0.0024134232387404112 -0.034321749140596644 0.042621222274538823 -0.057326436041209218 -0.080678370788038301 0.041964014762344765 0.042029965805946951 -0.024909358103608115 0.019793433670876586 -0.0017120737711821762 0.026073369891456706 0.021902609144864606 0.056987584260576464 0.00095065850368875136 -0.070091724815858653 0.0032166897702169844 -0.03230390025334097 -0.043195596017128829 -0.06659950630712981 -0.0040568174110507836 0.17730461961889979 0.047943449667317714 -0.01859989489189777 0.030169147984678336 -0.0063726148424819622 -0.010414631474365469 0.0019235231027309473 0.055082710042955986
leaf_weight=1032.4618354262784 1379.3516291212291 3232.7802900578827 695.56359130889177 1869.4980406817049 1471.7312228567898 154.26168043166399 172.96422713063657 688.0663706921041 297.5894215926528 3105.2963251834735 5564.877013143152 5411.6047047190368 2413.8963506929576 174.17399768345058 147.90037011168897 14774.506669730879 185.4188190465793 9205.7729573268443 2177.3377424934879 584.92039623204619 631.25864191679284 7702.869144141674 33.901532776653767 159.74655220657587 8352.8100033588707 4845.1181120220572 3733.5643453728408 713.1073635853827 44525.319175355136 590.5048554148525
leaf_count=1783 1906 4564 2114 12087 2051 588 1039 1482 248 8873 14004 18393 2854 308 244 64316 1756 29299 13717 3729 4106 38836 48 107 55728 6411 14950 2618 163141 1132
internal_value=0.00239524 0.00198352 0.0116183 0.000936141 0.00146518 0.033139 0.000991705 0.00112178 0.000777569 -0.0190051 0.00142392 -0.00446866 0.00315558 0.00244716 -0.00605609 -0.00414272 0.00508513 -0.00587525 -0.0265182 -0.000758031 -0.0474271 0.000324354 0.00357041 -0.0278457 -0.0119603 0.00346134 0.0123715 0.0249623 0.00160962 0.0263916
internal_weight=126028 124649 12221.7 112427 110398 1625.99 108772 108599 107566 3402.89 104164 23658.3 80505.3 78091.4 18490.1 17684.7 59601.3 22970.2 2325.24 15359.4 805.433 8988.94 54036.4 2029.24 13764.4 54002.5 9291.79 5558.23 44710.7 1286.07
internal_count=472432 470526 46646 423880 411686 2639 409047 408008 406225 9121 397104 104902 292202 289348 86420 82006 202928 103420 13961 68045 4414 42082 188924 12194 74121 188876 23979 9029 164897 3246
cat_boundaries=0 7 54 56 60 61 63 65 115 117 118 169
cat_threshold=536870914 11264 1073745952 0 0 278688 49664 0 0 2048 0 262144 64 0 268435456 0 0 0 0 0 0 0 0 0 5242880 0 0 131072 34080768 136 16 2147483648 16777216 0 1073741824 133120 0 0 0 68157440 805306368 8 0 0 73792 2097152 16 0 0 0 0 0 268435456 8192 1912639745 4 1074077696 2175044176 537420545 258 1 33554448 65536 2762560542 90179584 0 0 0 0 262144 0 0 4194304 0 0 524288 671088640 0 0 0 134217728 0 0 0 0 0 0 536870928 131072 0 0 0 0 0 0 0 0 135266368 0 4096 0 536870912 40960 8 16 0 1024 0 268435456 512 4194304 0 8388608 0 131072 2148008472 67108864 2 1074921472 0 0 0 0 512 0 0 0 0 0 134225920 0 4 0 0 0 1048576 0 0 0 268435460 536870912 0 0 16777216 402657280 0 128 0 0 0 1 536870912 0 65664 71303168 848 0 0 8192 0 0 0 0 272629760 8192 0 0 0 4096
is_linear=0
shrinkage=0.05


Tree=83
num_leaves=31
num_cat=12
split_feature=96 205 16 25 26 430 421 40 430 88 430 1 423 420 392 0 423 4 145 430 45 238 280 0 12 12 26 15 14 10
split_gain=740.084 490.957 407.305 395.213 521.83 435.517 413.895 422.061 457.489 407.251 404.182 392.66 695.133 572.865 442.771 398.537 692.213 528.99 437.952 422.992 418.42 392.313 793.417 382.628 379.771 379.428 444.721 414.506 667.015 416.545
threshold=3.5000000000000004 1.5000000000000002 1.0000000180025095e-35 11.500000000000002 27.500000000000004 0 1 5.5000000000000009 2 3.5000000000000004 3 4 5 6 141148.50000000003 59.015625000000007 7 149.50000000000003 1.0000000180025095e-35 8 9 8.5000000000000018 1.5000000000000002 140.06250000000003 10 11 83.500000000000014 9.5000000000000018 5.5000000000000009 71.500000000000014
decision_type=10 10 2 2 2 9 9 10 9 10 9 1 9 9 10 2 9 8 8 9 9 10 10 2 9 9 2 2 2 8
left_child=1 2 3 5 -5 -1 -7 9 -9 10 -8 12 14 -13 -12 16 -15 -18 20 -19 -17 -10 -23 -20 -22 -21 27 29 -29 -27
right_child=-2 -3 -4 4 -6 6 7 8 21 -11 11 13 -14 15 -16 18 17 19 23 25 24 22 -24 -25 -26 26 -28 28 -30 -31
leaf_value=-0.073680223623110802 0.038277727218712497 0.041373697579185964 -0.06579438900420323 0.046247186035307593 -0.0047084389810901055 0.028742256338457652 0.03916581476331208 0.039082634436979277 -0.035355849556011149 -0.041788238460314958 -0.01498147358610781 0.022830577535345949 -0.026701966901451341 -0.044452009039749579 0.024391478581086992 0.011874796453944987 -0.046626730564595709 -0.069115356275063669 0.0051348072833229605 -0.042001095182856656 -0.057455341440338009 -0.12885652291519595 -1.547861431514713 0.023820633702836436 0.00046143617413626218 -0.0080757971955786254 -0.030407105039619527 -0.037345979760273589 0.038968484310125763 0.0033529757359169968
leaf_weight=182.95372527348809 1412.0602024588734 781.74843338876963 223.6199084110558 1130.4430408719927 904.42279582098126 1368.3519581640139 706.18241402134299 227.64746960625052 1254.96717951959 540.37641612067819 1278.6581269493327 3246.7437808504328 3238.4471065173857 932.19861720595509 1617.051633277908 9131.5697184558958 629.98167082667351 213.31114026438445 6443.9145032651722 524.18127165269107 274.96631316840649 4.2600056789815417 1.2813956346362827 4765.8268487984315 41928.095424775034 11052.543387614191 1140.0302643999457 354.03383890539408 1497.1719830036163 28610.724076982122
leaf_count=1849 2066 873 1872 1117 1603 2199 866 339 5392 1911 6171 8013 20173 6927 4361 26783 3809 1394 18689 4299 2152 25 41 7643 156312 60864 11218 1086 3559 108826
internal_value=0.0022838 0.00187459 0.00162441 0.00174678 0.0235993 0.00137979 0.00149926 0.00118523 -0.0252762 0.0015187 0.00171772 0.00148798 -0.0108158 0.0021704 0.00698146 0.00154434 -0.00204649 -0.00113817 0.00412551 -0.000478008 0.00217036 -0.0369165 -0.456988 0.0130791 7.05853e-05 -0.00012289 0.000401475 0.00124761 0.0243737 0.00016824
internal_weight=125618 124206 123424 123200 2034.87 121165 120983 119614 1488.16 118126 117586 116879 6134.16 110745 2895.71 107499 44954.2 44022 62544.4 43392 51334.6 1260.51 5.5414 11209.7 42203.1 43178.7 42654.5 41514.5 1851.21 39663.3
internal_count=472432 470366 469493 467621 2720 464901 463052 460853 5797 455056 453145 452279 30705 421574 10532 413561 201982 195055 211579 191246 185247 5458 66 26332 158464 189852 185553 174335 4645 169690
cat_boundaries=0 51 55 100 150 151 158 161 168 219 220 222 224
cat_threshold=0 0 0 0 524296 1280 0 16781312 2 0 16384 0 0 8388608 1 0 0 524288 0 67109120 0 2432696320 64 0 0 0 0 0 128 0 4194304 0 536870912 0 512 128 71303168 1552 0 0 24832 0 0 0 0 1048576 0 0 0 0 64 81338884 805306393 302259234 1120 0 0 0 0 0 8388608 0 4194304 0 0 524288 0 0 268435456 0 134217728 1 0 0 0 2097152 0 536870912 0 0 0 134217728 134217728 0 16 0 0 0 0 0 0 0 98368 1048576 0 2 1 0 268435456 512 69206016 0 0 0 0 8396864 0 0 0 0 8192 0 1 8 131072 0 0 0 16777216 1048576 131076 4194304 0 131072 0 0 4194305 0 0 0 0 0 2181038080 0 268435456 0 0 8192 2097160 0 34 0 0 0 536870912 256 0 0 16793600 604012544 4 2684354832 1073751104 2097184 16777216 134283360 262288 32768 771 674265100 129 2684354576 1073741888 0 16777216 672727136 262160 8 1073741824 512 2048 0 0 0 0 37748736 4194304 0 0 67379200 0 0 524288 134219776 0 0 0 0 537395203 1048608 8192 0 0 0 134217728 0 0 0 0 0 65536 536903712 16 0 0 320 0 262144 0 0 0 0 0 0 0 0 0 2147483648 134742016 1 26625 35591 1426085896 71630883
is_linear=0
shrinkage=0.05


Tree=84
num_leaves=31
num_cat=11
split_feature=240 138 430 423 3 42 13 423 215 430 391 399 220 29 332 106 117 89 364 21 362 430 153 430 203 1 421 420 12 0
split_gain=703.703 464.92 402.733 461.761 381.76 394.81 373.807 386.234 401.772 371.004 380.969 360.921 441.931 393.491 365.676 396.446 500.547 484.753 393.421 371.58 366.484 337.031 337.905 336.717 325.951 370.471 383.389 376.563 350.705 331.195
threshold=2.5000000000000004 3.5000000000000004 0 1 103.50000000000001 13.500000000000002 2 3 457.50000000000006 4 -29.499999999999996 1.0000000180025095e-35 1.5000000000000002 3.5000000000000004 3.5000000000000004 1.5000000000000002 1.5000000000000002 1.5000000000000002 154.25000000000003 7.5000000000000009 28.976562500000004 5 27.500000000000004 6 1.5000000000000002 7 8 9 10 36.953125000000007
decision_type=10 10 9 9 8 8 9 9 10 9 8 10 10 8 10 10 10 10 8 2 8 9 10 9 10 1 9 9 9 2
left_child=1 2 -1 -4 5 -5 -6 -8 9 -9 -11 12 13 -12 15 17 18 20 19 -17 21 -15 24 -14 25 26 -23 28 -27 -29
right_child=-2 -3 3 4 6 -7 7 8 -10 10 11 -13 23 14 -16 16 -18 -19 -20 -21 -22 22 -24 -25 -26 27 -28 29 -30 -31
leaf_value=0.040583494732520722 0.038754642246051046 0.036138588613880709 -0.063644630324813822 -0.0026263274585112224 -0.043594525418315898 -0.046324499278300763 0.018935359512822787 -0.069518468002465014 -0.029652314869316267 0.020596577413772146 0.010078899137039469 0.028940826465267206 0.036082644554665998 -0.065366334986004693 0.037045596517906884 -0.04313130007320954 0.0125251010095464 0.013924638673578167 0.019357841189503108 0.023771887713431767 0.02437181962723739 -0.0025749961289967677 -0.081995286532847211 -0.04923800357221593 0.03209503928828885 0.052017586105636407 -0.035663356012474466 -0.0075253410466475205 0.0068811531809063247 0.0010032016490631691
leaf_weight=646.28823085874319 1301.2081775330007 977.51396400295198 263.01425416767597 1362.1834744694643 441.17451301915571 832.97431721910834 3266.3045919397846 172.05754477716982 1024.0925715123303 2666.3139927643351 11805.404244044796 1183.386844497174 133.64904094859958 190.48030482418835 676.78435509651899 1965.8147617504001 1083.0739318728447 6539.6029033437371 374.75451488792896 232.03563880175352 1493.193128301762 2121.9660926880315 126.88753593713045 683.73329562321305 767.5979744233191 633.73725082539022 1489.3851735005155 13767.835579296108 1331.0335973910987 65730.539099181071
leaf_count=862 1906 1276 2710 4237 4271 4927 7808 1552 8277 5315 20157 2270 127 1169 575 7471 1850 15859 529 306 4363 10278 737 2602 1648 853 10776 69128 4358 274235
internal_value=0.00217629 0.0017924 0.00151945 0.00130969 0.00145482 -0.019208 0.00183323 0.00200448 0.00152695 0.00180433 0.00191692 0.00147371 0.00118127 0.00145264 0.000419025 0.00016569 -0.0159894 0.000792683 -0.0279941 -0.0360681 -0.000187068 -0.000612687 -0.000461557 -0.0354483 -0.000341091 -0.000633751 -0.016282 6.19449e-05 0.0216296 -0.000473745
internal_weight=125284 123983 123005 122359 122096 2195.16 119901 119460 116193 115169 114997 112331 111148 110330 98524.7 97847.9 3655.68 94192.3 2572.6 2197.85 87652.7 86159.5 85969 817.382 85842.1 85074.5 3611.35 81463.1 1964.77 79498.4
internal_count=472432 470526 469250 468388 465678 9164 456514 452243 444435 436158 434606 429291 427021 424292 404135 403560 10156 393404 8306 7777 377545 373182 372013 2729 371276 369628 21054 348574 5211 343363
cat_boundaries=0 51 58 60 67 118 169 216 217 221 224 226
cat_threshold=1073741824 0 4096 0 0 64 0 0 0 0 0 0 0 8 0 0 0 0 0 1048578 131072 0 196616 2064 0 0 0 0 0 0 4 0 64 0 268435456 0 268435460 0 2048 4198400 2 0 0 3221225472 603979776 256 0 12582912 16384 536903680 65536 33558528 0 268435456 272630272 588791808 2148012040 131072 3527839769 136717824 536870914 11264 1073745952 0 66240 278688 49672 0 512 0 0 8 256 0 16781312 33554448 0 49152 67117056 4 8388608 1 0 33554496 0 0 71303424 0 16777216 0 0 131072 0 4096 0 32 0 0 0 536870912 0 536871424 0 67108864 256 1 0 0 0 0 0 0 1048576 0 0 0 0 64 131072 2 0 0 0 2048 0 4194304 0 0 0 0 16384 0 0 0 0 1048576 0 2048 0 2281897984 67108864 0 0 0 4194304 0 0 65536 4194304 0 0 32768 0 0 2147500032 268468288 1048576 16777216 0 0 0 0 512 268435456 0 0 0 8192 134217728 0 0 0 0 262144 0 0 268435456 0 0 0 0 0 0 0 0 0 2 0 0 2097152 0 0 0 0 0 0 0 0 0 0 0 0 0 8 0 0 32768 2097152 16 0 0 0 0 0 0 8192 4 65536 1358303240 59780128 2 2147483776 672282632 204 2718433282 2048
is_linear=0
shrinkage=0.05


Tree=85
num_leaves=31
num_cat=14
split_feature=96 200 430 16 7 430 106 430 113 38 26 14 45 13 0 365 410 421 423 210 47 42 423 420 430 12 29 3 35 421
split_gain=665.911 449.753 384.966 378.07 389.381 486.589 448.648 436.118 423.9 416.171 366.462 375.374 409.058 363.843 357.808 354.149 349.789 554.157 367.16 524.294 342.044 336.496 332.576 400.249 323.176 341.313 534.419 382.04 377.839 344.059
threshold=3.5000000000000004 1.5000000000000002 0 1.0000000180025095e-35 1 2 2.5000000000000004 3 1.5000000000000002 25.500000000000004 1.5000000000000002 6.5000000000000009 4 5 994.50000000000011 334.75000000000006 312.50000000000006 6 7 29240.000000000004 8 173.50000000000003 9 10 11 12 17.500000000000004 514.50000000000011 94.843750000000014 13
decision_type=10 10 9 2 9 9 10 9 10 10 2 2 9 9 2 10 8 9 9 8 9 10 9 9 9 9 10 8 10 9
left_child=1 2 -1 4 5 -4 8 -6 9 13 -11 12 -12 -7 15 16 17 -15 19 -19 -2 -13 -18 -24 -9 26 27 -26 -27 -29
right_child=20 -3 3 -5 7 6 -8 24 -10 10 11 21 -14 14 -16 -17 22 18 -20 -21 -22 -23 23 -25 25 28 -28 29 -30 -31
leaf_value=-0.071816227577792283 -0.15991273834288217 0.033458962723017065 0.045372280633169365 -0.064667162926110952 -0.061991020942830266 -0.060211623402559457 -0.040125360233770876 0.038678452455657236 0.025956125529536231 0.026570067263682818 0.0078756009621629743 -0.085362008287350702 -0.040054219280078469 0.010500701288670537 -0.029208171298458114 0.027343748473925379 0.030190909386043727 0.036902768881338609 -0.029996724322680031 0.60613229303096527 0.040488337176572381 0.02298528027366455 -0.052250525398046858 0.0071558199762012196 0.0028633717258830078 0.0010322536406547965 -0.038742666091609035 0.0097063791654389536 -0.026730465972313218 -0.04937863265744373
leaf_weight=169.24394650012255 21.643853478133678 1104.362910784781 744.12684167921543 215.41246907226741 276.33494562562555 197.14327921904624 547.52905844897032 521.69068456813693 2369.8607450481504 532.74525762349367 592.78382974863052 79.849376786500216 1787.4991239961237 2224.6778672467917 695.57433596253395 2014.7791097313166 1563.8605622500181 143.62648090906441 2110.6000714618713 4.1624331176280966 1310.6489174943417 698.8308351971209 277.04086117260158 24904.771459871903 4218.367983808741 71897.400217521936 1397.3308814321645 368.19441921636462 1246.7780107641593 740.67688890080899
leaf_count=1988 109 1396 788 1867 1812 2353 1693 546 2845 986 2166 463 10084 8584 2671 2300 3459 406 10163 16 1957 1868 2031 64601 16327 304007 12544 1292 6883 4227
internal_value=0.00207253 0.00169368 0.0014074 0.00151442 0.00163125 0.00556675 0.00482883 -0.000393544 0.00544234 0.00415719 -0.0117904 -0.0182597 -0.0281178 0.00588186 0.00628167 0.00702613 0.0057153 -0.00720983 -0.0245936 0.0495802 0.0372327 0.0118749 0.00788179 0.00648177 -0.000174125 -0.000432714 -0.011204 -0.00400165 0.000558948 -0.0301176
internal_weight=124978 123645 122541 122372 122156 41489.5 40745.3 80666.8 40197.8 37827.9 3691.71 3158.96 2380.28 34136.2 33939.1 33243.5 31228.7 4483.07 2258.39 147.789 1332.29 778.68 26745.7 25181.8 80390.4 79868.7 6724.57 5327.24 73144.2 1108.87
internal_count=472432 470366 468970 466982 465115 117477 116689 347638 114996 112151 15567 14581 12250 96584 94231 91560 89260 19169 10585 422 2066 2331 70091 66632 345826 345280 34390 21846 310890 5519
cat_boundaries=0 51 52 102 153 154 156 160 167 168 175 178 228 230 234
cat_threshold=0 2 1024 0 8 0 0 4096 0 0 0 0 0 8388608 1 0 0 524288 0 71303424 512 16777216 8256 0 131072 0 0 1 130 0 0 0 536870912 0 524800 0 71368704 1552 0 0 8192 0 0 0 0 1048576 0 0 0 0 4198464 2 0 0 0 0 262144 0 0 0 0 128 0 536870912 1 8 134217728 0 1 0 16908288 64 0 2048 128 0 2147483648 0 0 0 0 0 4 0 2162752 32 8256 0 0 0 3145736 262144 32 0 0 0 536871424 0 8192 1024 16384 32768 0 0 0 524288 262144 2097152 0 33554432 0 0 16384 67371008 0 0 0 67108864 1 0 0 64 524288 2148024320 537133188 0 0 0 16 0 0 2147614720 0 0 0 0 336 0 0 64 35651592 262144 0 0 0 0 0 0 0 16777216 0 0 16777216 1 3525345304 134610976 75825160 551571480 1044653058 290 16 3072 2097152 65536 32 16384 49160 1 3758096642 11264 4128 16777216 2163392 128 32776 1091807233 136335365 17 1073741824 0 4096 0 0 8192 0 268435456 0 0 525312 64 256 0 0 134217728 0 0 0 1048576 4 0 0 2048 0 0 4194305 1073741824 0 0 0 256 0 0 268435456 131072 268435460 65536 0 4325392 4098 0 0 2415919104 0 268435712 0 0 0 536870912 348932296 56088979 10559488 1077183489 1057282 2
is_linear=0
shrinkage=0.05


Tree=86
num_leaves=31
num_cat=5
split_feature=240 14 26 26 410 18 27 14 421 19 22 26 12 22 2 361 10 56 181 2 8 12 342 366 3 19 10 37 430 430
split_gain=642.592 441.761 1137.82 492.505 493.432 435.324 435.224 1085.47 602.4 499.997 543.821 640.829 469.354 446.655 566.233 674.346 563.889 638.093 545.151 511.658 529.987 519.678 435.015 621.076 423.482 415.155 455.203 422.945 517.949 409.395
threshold=2.5000000000000004 9.5000000000000018 13.500000000000002 74.500000000000014 163.50000000000003 12.500000000000002 1.5000000000000002 3.5000000000000004 0 1.5000000000000002 2.5000000000000004 13.500000000000002 1 8.5000000000000018 14649.500000000002 1322.5000000000002 1.5000000000000002 1.0000000180025095e-35 632.25000000000011 17399.500000000004 484.00000000000006 2 1.5000000000000002 160.68750000000003 160.50000000000003 71.500000000000014 108.50000000000001 7.5000000000000009 3 4
decision_type=10 2 2 2 8 2 2 2 9 2 2 2 9 2 2 10 8 8 10 2 10 9 10 8 8 2 10 8 9 9
left_child=1 3 -3 5 -5 6 7 9 -8 10 11 22 -10 14 16 19 24 -18 -19 21 -21 -16 -1 29 -14 26 -4 -27 -29 -24
right_child=-2 2 25 4 -6 -7 8 -9 12 -11 -12 -13 13 -15 15 -17 17 18 -20 20 -22 -23 23 -25 -26 27 -28 28 -30 -31
leaf_value=0.0020348037095642112 0.037895112883531708 0.046462913555385704 0.017136542570627664 0.049704228887307259 -0.069872205049252775 0.080970101601882338 -0.03960804662601114 0.038768716299790271 -0.048760735840072754 0.011115929179204179 0.033874036357466629 -0.038784119190497533 -0.061895082448309185 0.043150661337968028 0.060207634962296967 0.040670682150617449 -0.031980145630480093 0.0022156427399019972 -0.037556645572200516 -0.0035096661243365769 0.11726065191673701 -0.034097719790037832 0.038134391113470778 0.014873928523344883 0.02780040010686026 0.025059858211433386 -0.055389577847038921 0.044193054886779722 -0.031641214507864966 -0.017633043930810902
leaf_weight=54427.65013500955 1232.6291029639542 1919.7251537255943 3803.1562743484974 107.25292002037168 441.04983684048057 170.0041214004159 1135.6658115978353 2050.3438373375684 533.32817128580064 12471.195131212473 1178.8273097760975 1069.1081337686628 139.20514225587249 541.03289928473532 144.07140048034489 467.83456737920642 1638.3352593742311 19461.544486147352 901.48911188915372 1140.1669388376176 98.705990424379706 3868.8739286419004 334.98089491948485 2140.8449293673038 2406.5542853623629 592.66353341378272 229.39960125088692 248.031783670187 1873.3966596890241 7924.1719348262995
leaf_count=211549 1906 2224 14634 118 3243 238 4883 2260 4296 31495 2434 8238 982 718 221 581 10085 83743 3442 5616 244 23308 334 3606 8353 2503 1274 175 13444 26285
internal_value=0.0019728 0.00161415 0.0124995 0.000792346 -0.046482 0.00101924 0.000900084 0.0028485 -0.00399527 0.00192265 0.000213365 -0.00038879 -0.00269132 -0.00187823 -0.00268376 -0.0168515 0.000617416 -0.00196039 0.000454889 -0.0219756 0.00611259 -0.0306469 0.000244408 -0.0091255 0.0228957 0.00283532 0.0130108 -0.0122832 -0.0227157 -0.0153464
internal_weight=124691 123459 8666.37 114792 548.303 114244 114074 81597.1 32476.8 79546.8 67075.6 65896.8 31341.1 30807.8 30266.8 5719.65 24547.1 22001.4 20363 5251.82 1238.87 4012.95 64827.6 10400 2545.76 6746.65 4032.56 2714.09 2121.43 8259.15
internal_count=472432 470526 34254 436272 3361 432911 432673 286201 146472 283941 252446 250012 141589 137293 136575 29970 106605 97270 87185 29389 5860 23529 241774 30225 9335 32030 15908 16122 13619 26619
cat_boundaries=0 4 6 8 59 110
cat_threshold=1082130436 1102384448 536896411 384 79718689 106002 2684387328 4 0 0 2048 0 0 0 8388608 0 0 0 1024 16576 0 0 0 0 0 0 0 0 0 268435456 4194312 0 0 0 33558528 0 0 0 0 0 65536 0 0 0 1073741824 0 0 1 0 0 0 0 0 4194304 0 4194304 0 131072 33554432 0 0 2048 0 262144 8396800 0 268435458 0 0 524288 536870912 0 268435456 0 201326592 0 1048576 0 32 0 16777216 0 0 2147483648 0 301989888 0 0 16 0 0 0 0 8 0 0 41216 35651584 16 32 0 256 0 0 4194304 67108864 0 0 536870912 65536
is_linear=0
shrinkage=0.05


Tree=87
num_leaves=31
num_cat=7
split_feature=240 14 26 26 420 106 430 18 27 24 421 3 26 8 3 12 26 22 2 12 138 363 5 10 129 2 8 46 2 15
split_gain=603.236 404.399 1079.83 461.004 463.399 410.126 396.471 388.83 399.345 1021.51 491.968 476.96 854.144 452.729 451.269 725.195 610.633 447.771 574.115 555.333 457.726 453.581 437.857 460.037 416.057 511.584 456.413 453.9 567.739 553.448
threshold=2.5000000000000004 9.5000000000000018 13.500000000000002 74.500000000000014 0 3.5000000000000004 1 12.500000000000002 1.5000000000000002 2.5000000000000004 2 532.50000000000011 7.5000000000000009 495.00000000000006 489.50000000000006 3 17.500000000000004 8.5000000000000018 10960.500000000002 4 1.5000000000000002 618.50000000000011 5 18.500000000000004 1.5000000000000002 15066.500000000002 327.50000000000006 6 18227.500000000004 9.5000000000000018
decision_type=10 2 2 2 9 10 9 2 2 2 9 10 2 10 10 9 2 2 2 9 8 10 9 8 10 2 10 9 2 2
left_child=1 3 -3 5 -5 6 -1 8 9 11 -10 14 -13 17 16 -16 22 18 19 -12 21 24 -8 -24 27 26 -26 29 -29 -20
right_child=-2 2 -4 4 -6 -7 7 -9 10 -11 13 12 -14 -15 15 -17 -18 -19 20 -21 -22 -23 23 -25 25 -27 -28 28 -30 -31
leaf_value=-0.072477707456274382 0.037293603377480021 0.045833068296567199 0.0027016190855555225 0.050196091673355293 -0.067299435965990612 -0.044978110011395941 0.025838827445201912 0.076772537585073797 -0.03915817750764386 0.029769543159228397 -0.048651286236896324 -0.0036300616610290036 -0.066223683806944864 0.028555507460895659 -0.0067924593131428318 0.01971879758890923 -0.03915198185750686 0.041838079653092004 -0.0067413362143020506 0.0025448088942550476 -0.036137376869337469 0.038980471950249444 -0.0091951989378391708 0.0038050756940841294 0.023743490785795213 -0.050381647666315289 0.13250749094578138 -0.02959126648085951 0.079112825612478399 0.083712718679339604
leaf_weight=172.47765830322169 1190.9490934312344 1850.5637094713748 6723.0223054084927 98.159118302166462 430.77178264968097 483.60444276593626 1909.3273469302803 170.32457842305303 930.91760677285492 3424.3583803893998 535.92140018567443 15348.120544811245 565.08477280847728 1133.8504953030497 3591.692027754616 9131.8744682273827 899.03468486480415 532.03080131113529 4057.0050582736731 17811.45914374385 1836.7227436993271 470.70235457643867 8299.3538503311574 37793.542169438675 396.96466890722513 166.70723996311426 127.41543218865991 3978.2208775142208 123.85443065874279 176.46196506172419
leaf_count=1609 1906 2224 32030 40 3321 1850 3522 238 4100 5156 4000 56621 5200 3558 14692 24239 6218 711 15295 74876 8171 537 35499 132129 833 807 124 32102 717 107
internal_value=0.0018794 0.00153697 0.0120113 0.000753324 -0.0458179 0.000969276 0.00116491 0.00128318 0.00116975 0.00304456 -0.00353276 0.00186429 -0.00585279 -0.00246152 0.00385704 0.0122452 0.00167454 -0.00362634 -0.00444128 0.00102426 -0.0132888 -0.00887003 0.00243918 0.00146397 -0.0113652 0.0259155 0.0501713 -0.0144561 -0.0263092 -0.00297097
internal_weight=124360 123170 8573.59 114596 528.931 114067 113583 113411 113241 80962.4 32278.2 77538 15913.2 31347.3 61624.8 12723.6 48901.3 30213.5 29681.4 18347.4 11334.1 9497.33 48002.2 46092.9 9026.63 691.087 524.38 8335.54 4102.08 4233.47
internal_count=472432 470526 34254 436272 3361 432911 431061 429452 429214 283276 145938 278120 61821 141838 216299 38931 177368 138280 137569 78876 58693 50522 171150 167628 49985 1764 957 48221 32819 15402
cat_boundaries=0 2 53 57 59 61 62 63
cat_threshold=0 8192 1048576 0 0 0 524296 512 0 0 4194306 0 16384 0 0 8388612 0 0 0 0 0 0 1 268435492 262208 0 536870912 0 0 1 128 0 4194304 0 536870912 0 524288 128 71303168 1552 2147483648 0 16640 0 0 0 0 0 0 0 0 0 64 1073741828 1102382528 536896411 384 3525846283 6294532 75542280 67145216 2 1
is_linear=0
shrinkage=0.05


Tree=88
num_leaves=31
num_cat=5
split_feature=308 268 238 423 16 421 35 430 3 42 56 53 10 15 26 8 2 2 28 114 14 46 113 26 27 8 12 365 3 19
split_gain=575.618 365.804 474.337 360.186 326.096 326.209 344.602 342.457 327.207 317.555 347.641 314.97 368.51 303.235 627.195 625.8 659.836 643.586 654.442 506.715 502.106 446.535 441.692 429.114 426.355 857.099 590.269 560.719 577.477 500.49
threshold=3.5000000000000004 2.5000000000000004 1.5000000000000002 0 1.0000000180025095e-35 1 353.87500000000006 2 103.50000000000001 13.500000000000002 1.0000000180025095e-35 1.5000000000000002 17.500000000000004 3.5000000000000004 3.5000000000000004 215.50000000000003 4220.0000000000009 4436.5000000000009 324.50000000000006 1.0000000180025095e-35 3.5000000000000004 3 1.5000000000000002 7.5000000000000009 1.5000000000000002 220.50000000000003 4 199.18750000000003 565.50000000000011 1.5000000000000002
decision_type=10 10 10 9 2 9 10 9 8 10 8 10 10 2 2 10 2 2 10 10 2 9 10 2 2 8 9 8 10 2
left_child=1 2 4 -3 5 -1 7 -7 9 10 -9 13 -13 24 19 -16 -17 -18 22 -15 -21 -20 -19 -24 29 26 -26 -27 -29 -10
right_child=-2 3 -4 -5 -6 6 -8 8 11 -11 -12 12 -14 14 15 16 17 18 21 20 -22 -23 23 -25 25 27 -28 28 -30 -31
leaf_value=0.027248558246664507 0.035924242648576639 0.026729636076200644 0.020597962976348746 -0.028438012379927914 -0.062574201659236967 -0.066306158368670431 -0.027661302340992629 0.075837331695771282 0.0011013855705948351 -0.051409946065268136 -0.013692834697918703 -0.032261020023712061 0.0071063200003833593 0.041871292424351281 -0.0096349788968714562 -0.022857825579887154 0.086797502217263622 0.020451795158605547 0.036902391623031661 -0.022524737463766379 0.036718337874076981 -0.033698812227605381 0.03490358030264229 -0.053046676538652519 -0.068117584832014202 -0.0093471152245083924 0.011484452769933151 -0.054350394011502358 0.037206268852474765 0.013387764329379666
leaf_weight=1197.5816210210323 1222.8645083513111 349.25956256687641 3268.2333151120692 1747.3728201780468 199.56357986852527 176.558582193451 1030.3478847588412 117.93689429759979 59534.5273534609 537.68164227716625 1344.4335845150054 1429.7475240733474 1017.5065846201032 2167.5214797053486 5869.2069667549804 1331.0450771786273 299.09360613301396 8250.6866433694959 280.45002970099449 808.41214822791517 641.4264436326921 1111.8774025328457 209.51541846618056 410.25412957370281 231.55564999207854 11470.874644598924 6669.5948910117149 1281.3899874296039 198.96626000851393 9629.3749461369589
leaf_count=2068 2261 495 5043 5119 1829 1745 6968 134 226114 3593 4905 5257 2640 2392 25949 7475 525 29687 626 2279 688 8900 237 1768 2074 62200 28363 5503 279 25316
internal_value=0.00178951 0.00144962 0.00180925 -0.0192563 0.00128641 0.00139511 0.00112587 0.00138384 0.00149355 -0.0185532 -0.00647243 0.00184899 -0.0158931 0.0022423 0.00758941 0.00372467 0.0103177 0.0144986 0.0123916 0.0265663 0.00368513 -0.0194779 0.0173939 -0.0233148 0.000958058 -0.00550078 0.00873149 -0.0130845 -0.0420448 0.00281196
internal_weight=124035 122812 120715 2096.63 117447 117248 116050 115020 114843 2000.05 1462.37 112843 2447.25 110396 21379.5 17762.1 11892.9 10561.9 10262.8 3617.36 1449.84 1392.33 8870.46 619.77 89016.3 19852.4 6901.15 12951.2 1480.36 69163.9
internal_count=472432 470171 464557 5614 459514 457685 455617 448649 446904 8632 5039 438272 7897 430375 80526 75167 49218 41743 41218 5359 2967 9526 31692 2005 349849 98419 30437 67982 5782 251430
cat_boundaries=0 7 11 62 63 65
cat_threshold=536870930 1073744896 32768 536936448 134217728 262176 32776 79766020 805306377 841223202 1056 1073741824 0 0 0 524288 768 64 0 4194320 0 0 0 4 0 0 16384 64 2097152 0 0 537395200 134217760 0 0 0 0 0 0 2 1 4194304 0 537919488 0 536870928 0 71303168 16 33554432 4 0 0 131072 0 0 268435456 0 0 0 0 150994944 2 2692755208 68096
is_linear=0
shrinkage=0.05


Tree=89
num_leaves=31
num_cat=14
split_feature=96 205 13 399 215 391 88 12 430 18 430 4 0 1 96 420 2 423 35 420 1 423 421 410 423 420 358 26 392 430
split_gain=549.159 397.663 358.02 356.398 380.979 368.407 473.948 373.573 543.062 498.331 444.063 416.467 568.178 724.752 521.786 493.555 470.096 421.679 406.44 375.698 399.084 427.628 375.768 349.074 348.367 474.582 340.322 438.955 339.978 383.5
threshold=3.5000000000000004 1.5000000000000002 0 2.5000000000000004 457.50000000000006 -29.499999999999996 3.5000000000000004 1 2 226.50000000000003 3 180.50000000000003 59.015625000000007 4 1.5000000000000002 5 2455.5000000000005 6 22.437500000000004 7 8 9 10 224.00000000000003 11 12 59.015150070190437 83.500000000000014 240659.50000000003 13
decision_type=10 10 9 10 10 8 10 9 9 2 9 8 2 1 8 9 2 9 10 9 1 9 9 8 9 9 10 2 10 9
left_child=1 2 -1 4 5 -4 7 8 -7 10 -10 12 13 16 28 -14 -9 -18 26 20 -12 -22 -21 -17 25 -15 -19 -28 -13 -30
right_child=-2 -3 3 -5 -6 6 -8 11 9 -11 19 14 15 24 -16 23 17 18 -20 22 21 -23 -24 -25 -26 -27 27 -29 29 -31
leaf_value=-0.050428390134299408 0.035443593464014767 0.039325052768992605 0.018060198172679398 0.035231609308589644 -0.027639317407466876 -0.059332259182837632 -0.045878014611382162 -0.0276016842615543 0.03966443462265714 0.22377054669983054 0.045552483041936133 0.011013922022149764 0.030368430257068174 0.040617469464974625 0.028077932578469481 -0.02183419910716872 0.031993196380288018 -0.0065188694873629235 -0.065831945711794931 -0.023310659719012777 0.058740729284118533 -0.04749299858446885 -0.00376016858842022 0.0042413208443265625 -0.03917929464830662 -0.06191083650395706 0.0073484266215373285 -0.036843906077691689 0.043704764970608809 -0.021482648979987071
leaf_weight=325.38959093904123 1194.3343271445483 686.40401120483875 3214.2333944663405 769.10955911036581 1143.2761398637667 434.81863626558334 538.965571237728 1660.1360434088856 563.40228706412017 24.086973533034325 714.99305948056281 5180.298633439932 1767.9753187890165 340.03187730908394 3377.8356114872731 1317.7720261788927 971.32787540927529 12674.29153428413 242.52852228004485 2845.1191316004843 127.24947990570217 300.10042260214686 17764.863290861715 49333.267722859979 2002.2132375112269 156.82269771397114 11541.279101364315 590.66680898889899 249.79939525574446 1753.3436306989752
leaf_count=4475 2066 873 6811 1365 9453 3725 2006 10279 747 59 1053 10252 3573 1307 4603 5758 1951 78003 1640 12477 278 2410 77309 166997 10852 1349 40004 5244 233 5280
internal_value=0.00170314 0.00137448 0.00116083 0.00130291 0.00108706 0.00136146 0.000900634 0.0011181 -0.00462109 -0.00353013 -0.00377706 0.00252138 0.00132624 -0.00413909 0.0118708 0.00447281 -0.0018045 -0.000159284 -0.00141828 -0.0049182 0.0228749 -0.0152406 -0.00646903 0.00356222 -0.0298708 0.00767336 -0.000789087 0.00519684 0.00424985 -0.0132426
internal_weight=123806 122612 121925 121600 120831 119687 116473 115934 22774.6 22339.8 22315.7 93159.6 82598.3 30179.3 10561.3 52419 27680.2 26020.1 25048.8 21752.3 1142.34 427.35 20610 50651 2499.07 496.855 24806.2 12131.9 7183.44 2003.14
internal_count=472432 470366 469493 465018 463653 454200 447389 445383 98058 94333 94274 347325 326957 150629 20368 176328 137121 126842 124891 93527 3741 2688 89786 172755 13508 2656 123251 45248 15765 5513
cat_boundaries=0 2 4 55 104 105 108 115 118 119 126 130 137 140 190
cat_threshold=3512111256 154021376 76032206 21880227 0 0 0 0 0 0 0 268435456 0 0 0 0 0 0 524288 0 4224 1048578 0 64 0 16990208 4 0 0 0 4198401 0 0 256 0 0 2048 32 272 0 0 8192 33554432 262144 4096 0 256 0 33280 0 0 0 0 0 50331648 2097152 0 0 524288 0 8192 0 0 0 0 8192 0 0 0 131072 2048 1 8388608 0 32 0 268435456 196865 0 2147483648 0 436207616 0 0 18 0 0 67108928 0 0 0 0 67108928 2147483648 16 2097152 1024 0 0 603979776 0 0 0 4 24 67113297 4135588105 133 16777218 65600 32768 536936448 2097856 128 16392 4198400 361932802 64 2 2147483648 64 0 0 2097248 16 8 8650752 2708970711 538443792 1408 272 1073741824 2129920 536936448 2162816 134480000 131072 2148532368 134489094 90 0 0 0 0 32768 136 0 268435456 3 0 524288 128 1 0 0 134217728 0 1048578 0 64 4 2048 67108868 2048 0 0 1 0 0 256 0 0 3147776 0 0 131072 0 33587200 2097160 4194304 0 0 0 0 0 0 0 0 0 603979776
is_linear=0
shrinkage=0.05


Tree=90
num_leaves=31
num_cat=11
split_feature=25 26 27 14 430 13 421 333 421 13 423 29 3 254 213 332 331 430 40 430 25 53 89 8 31 5 95 12 12 56
split_gain=527.688 464.667 412.018 685.229 513.912 435.951 473.65 427.294 403.363 384.62 371.618 371.372 327.914 313.069 311.732 315.407 378.453 304.675 320.693 313.165 312.788 302.823 320.281 474.67 393.133 337.575 466.484 319.564 310.034 537.559
threshold=11.500000000000002 38.500000000000007 1.0000000180025095e-35 2.5000000000000004 0 1 2 1.5000000000000002 3 4 5 3.5000000000000004 103.50000000000001 23.517700195312504 50.500000000000007 3.5000000000000004 20.500000000000004 6 6.5000000000000009 7 2.5000000000000004 1.5000000000000002 1.5000000000000002 305.50000000000006 135.50000000000003 8 1.5000000000000002 9 10 1.5000000000000002
decision_type=2 2 2 2 9 9 9 10 9 9 9 8 8 10 10 10 8 9 10 9 2 10 10 10 10 9 10 9 9 10
left_child=2 -2 3 7 -4 6 -6 9 -7 10 -1 -10 -13 -8 15 16 17 -14 20 -20 21 22 -19 24 28 27 -27 -25 29 -24
right_child=1 -3 4 -5 5 8 13 -9 11 -11 -12 12 14 -15 -16 -17 -18 18 19 -21 -22 -23 23 25 -26 26 -28 -29 -30 -31
leaf_value=-0.016538481092077263 0.044881588516433146 -0.0012544160497986812 -0.073327072334274046 0.038430289479496609 0.024245544522654865 -0.031708579666802628 -0.019921735109154258 -0.010223696170433179 0.0090284950641136962 0.0020420416501570672 0.026101056988736757 -0.023266580652178258 0.038239970118134063 -0.066034442175345598 0.03713839082796979 0.034643252458463648 -0.071829271120469704 -0.00092651410468777779 0.035182075387313452 -0.041821311532273982 0.020417917134428247 -0.022432397544961385 0.049376522070282966 0.063891489403806387 -0.037446732734637778 0.052764131256110292 -0.017342800937933219 -0.027712336430105095 0.0033268231350569001 0.37956409556419257
leaf_weight=580.15595420449972 1308.7562804501504 936.13605954684317 228.27761966595426 1715.2866924013942 445.00736541999504 943.21898509375751 1272.3108442479279 3498.5454325061291 12527.662374258041 6664.0868394300342 4079.6617383919656 1510.3046111697331 504.56649205833673 517.90748148085549 568.43747220188379 651.70267466455698 184.38120070844889 75343.094989857171 152.37096987105906 787.04778217617422 1830.2801963984966 1541.5884886831045 154.43583953008056 114.78940222412348 583.85415471438318 1380.6010594256222 286.51934788376093 393.25325854867697 2771.230989552103 13.395865727216004
leaf_count=1425 1750 1617 1745 2069 2350 5481 12985 7423 21918 13475 4634 7604 588 3287 708 598 925 353670 246 3733 3112 6270 259 144 3290 1933 1140 1567 6480 6
internal_value=0.00162233 0.0256425 0.00117759 0.00851168 1.92091e-05 0.000186467 -0.0216078 0.00504943 0.000664999 0.00976809 0.0207683 0.000969536 -0.000167652 -0.0330773 0.00023214 -9.85045e-06 -0.000272323 -0.000118652 -0.000349851 -0.0294023 -2.65726e-05 -0.000479683 -6.20926e-05 0.0113678 2.81947e-05 0.0297334 0.0404724 -0.00618117 0.00747271 0.0714726
internal_weight=123489 2244.89 121244 16537.7 104706 104478 2235.23 14822.4 102243 11323.9 4659.82 101300 88771.9 1790.22 87261.6 86693.1 86041.4 85857 85352.5 939.419 84413 82582.8 81041.2 5698.08 3522.92 2175.16 1667.12 508.043 2939.06 167.832
internal_count=472432 3367 469065 29026 440039 438294 18622 26957 419672 19534 6059 414191 392273 16272 384669 383961 383363 382438 381850 3979 377871 374759 368489 14819 10035 4784 3073 1711 6745 265
cat_boundaries=0 51 53 56 60 62 68 119 163 164 165 167
cat_threshold=0 0 0 0 8 2048 0 0 2 0 1024 537215040 0 268435456 16777216 8192 4224 16777216 0 0 0 2415984640 8 0 0 0 0 0 2048 256 0 0 134217728 536870912 528 0 0 0 0 0 0 0 0 0 512 0 0 0 0 8192 151781376 3579228186 85861888 0 9703424 4457227 1532231948 1074341730 151011613 4864 1686176006 67108932 16777232 0 32768 536952832 3145888 134217728 1075838976 0 0 0 0 8519680 0 0 0 0 532480 0 256 0 0 134217728 0 8388608 0 1050704 131076 0 2147483648 16 0 0 268435457 0 0 0 0 0 0 0 64 536870912 0 33554432 1050632 131072 2 0 0 0 64 256 0 0 67108864 0 67108865 0 0 0 0 0 0 0 272629760 0 0 0 0 0 0 0 0 1 0 0 0 2097152 0 536870912 0 0 0 134217728 134217728 0 16 0 0 0 0 0 0 0 98368 33554432 0 0 1 0 268435456 4 524290 1073742852 4194304
is_linear=0
shrinkage=0.05


Tree=91
num_leaves=31
num_cat=12
split_feature=138 430 207 215 421 430 13 393 106 423 203 4 9 404 420 7 421 38 363 13 430 423 421 175 30 336 31 104 87 15
split_gain=509.284 389.562 383.652 346.11 391.823 355.068 352.516 356.422 347.573 336.865 331.898 357.011 358.828 338.129 418.709 364.603 470.518 397.622 416.653 398.985 387.011 377.087 362.998 298.087 285.327 290.465 940.738 382.07 374.42 325.558
threshold=3.5000000000000004 0 2.5000000000000004 555.00000000000011 1 2 3 1.0000000180025095e-35 5.5000000000000009 4 1.5000000000000002 185.50000000000003 87.500000000000014 -389.99999999999994 5 6 7 25.500000000000004 86.968750000000014 8 9 10 11 1.5000000000000002 149.50000000000003 6.5000000000000009 380.50000000000006 1.5000000000000002 1.0000000180025095e-35 9.5000000000000018
decision_type=10 9 10 10 9 9 9 10 10 9 10 10 8 8 9 9 9 10 8 9 9 9 9 8 10 8 10 10 10 2
left_child=1 -1 3 5 -5 -3 -7 8 9 -8 11 13 -13 14 -11 20 -17 18 19 21 -15 -18 -21 -19 25 29 27 -27 -28 -22
right_child=-2 2 -4 4 -6 6 7 -9 -10 10 -12 12 -14 15 -16 16 17 23 -20 22 24 -23 -24 -25 -26 26 28 -29 -30 -31
leaf_value=0.040547194170805587 0.034324416039487327 -0.074187685359357228 0.049193934227347469 0.022724865001835629 -0.044674868520084399 0.047918625612281107 -0.051154615719014009 0.031764951797594872 -0.095266918634481182 -0.0026022239886840221 0.028687038272222722 0.027328576456108252 -0.087305759767940125 -0.044167056024566297 -0.046969483990839757 -0.030565042081239165 -0.012414799672844638 -0.0022370381000355053 0.020913809864087172 0.052475399427345852 -0.00032618591915549721 0.019145729100215735 0.00063827485056057627 -0.037873823822485407 -0.024884572025076782 -0.040645997882439167 0.039103960959426524 0.042440984472408495 -0.079055488157548925 0.012358573384999266
leaf_weight=616.82659889943898 1173.7586471438408 146.3239753250964 412.02090406790376 288.85268484801054 806.95636895950884 392.73427828587592 300.07075210520998 937.70222275424749 94.046060312539339 1569.3522217795253 1074.8786477041431 98.699357686564326 221.38273018738255 497.57204926060513 798.97379492293112 879.04974687518552 1090.4459703830071 3328.0505725387484 5313.2477482091635 334.03874084632844 67166.376893175766 6986.2586387516931 18445.939392478671 712.40390650369227 1168.1642953660339 1841.7038999591023 764.54431738145649 149.60136473923922 73.488778423517942 5470.2543514147401
leaf_count=956 1917 1365 537 1965 7508 687 2718 1456 519 7178 2327 144 1169 3636 4585 5505 4488 13446 6951 455 287444 12954 54750 3016 8590 8464 1169 117 576 25840
internal_value=0.00154651 0.0012311 0.00102785 0.000863859 -0.0271088 0.00111961 0.00121775 0.00106003 0.000816901 0.000893296 0.00102992 0.000775724 -0.0519575 0.000920496 -0.0177792 0.00130823 0.00538122 0.00626205 0.00812064 0.00558968 -0.00065092 0.0148746 0.00158774 -0.00852044 -0.000362651 1.6884e-05 -0.0157004 -0.0344039 0.0287423 0.000629101
internal_weight=123154 121980 121363 120951 1095.81 119855 119709 119316 118379 118284 117984 116910 320.082 116589 2368.33 114221 37089.4 36210.4 32169.9 26856.7 77131.7 8076.7 18780 4040.45 76634.1 75466 2829.34 1991.31 838.033 72636.6
internal_count=472432 470515 469559 469022 9473 459549 458184 457497 456041 455522 452804 450477 1313 449164 11763 437401 101565 96060 79598 72647 335836 17442 55205 16462 332200 323610 10326 8581 1745 313284
cat_boundaries=0 51 55 106 108 115 118 119 123 125 176 182 186
cat_threshold=67108864 0 0 0 0 64 0 0 0 0 0 0 0 2097160 134217728 0 0 0 16777216 1048576 131072 4194304 196608 16 0 0 0 1073741824 0 0 0 0 100663360 0 268435456 537001984 268435456 0 2048 4096 2 0 0 3221225472 603979776 0 0 0 16384 536903680 65536 0 541334544 512 288 1048576 514 0 0 8 1280 0 16781312 0 0 0 8192 4 8388608 1 0 33554432 524288 0 512 512 16778240 8256 0 131072 0 0 0 32 0 0 0 0 0 512 0 65792 528 1 0 0 0 0 0 0 1048832 0 0 0 0 64 536874241 64 1107300352 32768 268435456 273154560 723009792 2148012040 131072 2231374082 883985478 72 12 18878464 2684420258 24656 1280 8454148 100665370 0 0 0 524288 262144 2097152 0 33554432 0 0 0 738459648 0 0 0 67108864 1 0 0 64 2621440 2148007936 536870916 0 0 0 16 0 0 2147483648 0 0 1 0 16 0 0 320 36700168 262144 0 0 0 0 512 0 0 16777216 0 0 16777216 2164261136 65536 32768 16384 128 16 2415984652 269 40109568 64
is_linear=0
shrinkage=0.05


Tree=92
num_leaves=31
num_cat=10
split_feature=240 138 12 430 423 399 216 203 421 4 3 42 9 13 3 3 85 30 0 12 430 4 37 12 3 18 14 0 12 420
split_gain=483.57 333.886 331.81 324.619 378.411 317.179 344.968 613.333 387.848 356.179 336.336 369.078 332.936 324.772 316.342 1449.1 656.579 517.978 476.219 512.093 482.93 452.335 451.19 772.408 599.657 445.263 440.065 427.999 414.565 408.931
threshold=2.5000000000000004 3.5000000000000004 0 1 2 2.5000000000000004 957.50000000000011 1.5000000000000002 3 185.50000000000003 103.50000000000001 13.500000000000002 87.500000000000014 4 181.50000000000003 210.50000000000003 1.0000000180025095e-35 54.500000000000007 43.984375000000007 5 6 149.50000000000003 220.50000000000003 7 173.50000000000003 1.0000000180025095e-35 6.5000000000000009 30.960937500000004 8 9
decision_type=10 10 9 9 9 10 10 10 9 10 8 8 8 9 10 10 10 8 2 9 9 10 10 9 10 2 2 2 9 9
left_child=1 2 -1 -4 -5 6 7 9 -8 10 11 -6 -11 -12 16 17 22 -16 20 -20 -17 -22 25 24 27 29 -25 -24 -27 -15
right_child=-2 -3 3 4 5 -7 8 -9 -10 12 13 -13 -14 14 15 18 -18 -19 19 -21 21 -23 23 26 -26 28 -28 -29 -30 -31
leaf_value=0.036828865245818569 0.035213861866129875 0.032498548266804539 0.039434418544855687 -0.053064869444378715 -0.0033821253828076737 0.033703283411102555 0.0030048030679977805 0.038515752913211222 -0.057997384463699377 0.025130469219277446 -0.055891255578076372 -0.047296880516286027 -0.085341079353796812 -0.040677530029441494 -0.044326072879950051 -0.05971643701383892 0.024657201233430102 -0.010121984078555711 -0.01345346047162433 0.0043226557099190288 -0.052534576827497473 -0.0033244652966712774 0.083299815107955894 -0.037619333478155978 0.077997773496431944 0.088039671112379911 0.029088988529079547 0.011781969144903868 -0.019620403166330239 0.0052605957714364068
leaf_weight=631.43014722596854 1052.801869822666 845.17235288769007 530.46268393471837 317.63791261077859 1311.3254168834537 725.49876568932086 517.49578095972538 1067.900550853461 521.47209446341731 97.747180610895157 240.69018281879835 753.30063282931224 225.64505114313215 496.15935479849577 2334.1680019479245 395.66153811197728 4025.0254373177886 2105.1160361757502 4321.5962650934234 62796.328262897441 479.08719404507428 18467.367705978919 237.3625937178731 775.82389618549496 580.34125573094934 82.306145196780562 362.85715897195041 1762.9378755427897 3451.9466630779207 11338.298716105521
leaf_count=771 1906 1276 805 3167 4212 1336 4358 1488 5210 147 3589 4761 1230 2747 13060 2519 6599 11499 23491 223511 2945 77019 902 5225 1575 257 1381 8493 24162 32791
internal_value=0.00147291 0.00118126 0.000962425 0.000771078 0.00059659 0.000743686 0.00054238 0.000795568 -0.0281423 0.000450223 0.00059591 -0.0194049 -0.0519504 0.000957337 0.00108216 -0.000245818 0.0063053 -0.0281064 0.00118468 0.00317672 -0.00572778 -0.0045664 0.0024355 0.0180618 0.0331225 -0.00134616 -0.0162193 0.0202685 -0.0169196 0.00330471
internal_weight=122851 121798 120953 120322 119791 119473 118748 117709 1038.97 116641 116318 2064.63 323.392 114253 114012 90899.3 23113.1 4439.28 86460 67117.9 19342.1 18946.5 19088 3719.32 2580.64 15368.7 1138.68 2000.3 3534.25 11834.5
internal_count=472432 470526 469250 468479 467674 464507 463171 453603 9568 452115 450738 8973 1377 441765 438176 354044 84132 24559 329485 247002 82483 79964 77533 17576 10970 59957 6606 9395 24419 35538
cat_boundaries=0 2 53 60 64 66 68 119 121 123 126
cat_threshold=536870913 64 0 0 4096 0 0 64 0 0 0 0 0 0 0 8 0 0 0 0 16777216 1048592 131072 0 2147680256 16 0 0 0 0 0 0 4 0 65600 0 268435456 536870912 268435460 0 0 4198400 2 0 0 3221225472 603979776 256 0 12582912 16384 536903680 65536 33558528 32785 268435456 406848000 723009792 2148012040 131072 0 553946128 3153985 1376 3511062680 136717824 1140860106 314295 131072 0 2048 0 8 2048 0 33554432 0 0 8192 262144 0 0 0 2048 0 2 0 0 2097152 393220 262148 0 0 0 0 0 0 16 0 0 1048576 32 16 1073741824 0 0 1048584 1 4096 0 0 0 0 0 0 0 0 2147483648 134217728 2181103642 69206016 1073741832 4 16975104 2160124163 118
is_linear=0
shrinkage=0.05


Tree=93
num_leaves=31
num_cat=9
split_feature=25 26 27 14 430 420 421 13 3 430 333 12 332 106 77 401 421 7 15 26 8 12 75 342 89 37 364 113 2 42
split_gain=458.975 443.406 360.678 619.047 464.633 411.52 384.309 349.287 384.954 346.17 366.447 361.759 323.738 346.735 387.887 299.823 302.23 297.585 293.175 637.584 420.422 535.79 511.168 503.794 456.118 598.512 613.863 429.501 426.773 418.361
threshold=11.500000000000002 38.500000000000007 1.0000000180025095e-35 2.5000000000000004 0 1 2 3 408.50000000000006 4 1.5000000000000002 5 1.0000000180025095e-35 1.5000000000000002 1.5000000000000002 95.093750000000014 6 7 2.5000000000000004 2.5000000000000004 203.50000000000003 8 1.5000000000000002 2.5000000000000004 1.5000000000000002 493.50000000000006 59.031250000000007 1.0000000180025095e-35 2704.5000000000005 76.500000000000014
decision_type=2 2 2 2 9 9 9 9 10 9 10 9 10 10 8 8 9 9 2 2 10 9 10 8 10 8 8 8 2 8
left_child=2 -2 3 5 -4 -1 -6 8 15 -7 11 -11 13 18 17 -8 -17 -15 -9 -20 23 -22 24 -21 25 26 29 -27 -26 -23
right_child=1 -3 4 -5 6 9 7 12 -10 10 -12 -13 -14 14 -16 16 -18 -19 19 20 21 22 -24 -25 28 27 -28 -29 -30 -31
leaf_value=-0.056698595968532245 0.0441791232227636 -0.0017072929501144218 -0.071431609573500268 0.037276993571679122 -0.036724145022008818 0.048023941312902142 0.10411658148878507 -0.0016724199712386514 -0.045351662315168122 -0.0066628013233858601 -0.01024621016542328 0.014303186892145298 0.0084658924241081315 -0.037700299820223555 0.041162230572409989 0.010664611170680474 -0.042424546454881182 -0.0003725594740043398 0.024378266844899188 -0.004044402710999582 -0.028070952850395743 0.021066820672130341 -0.036198986651821273 -0.04621489886917219 -0.09802593441761534 -0.030572283605585962 -0.042247481417355362 0.036094346642942601 0.037858248498599013 -0.0013509720742754944
leaf_weight=258.30692755430937 1216.9231635890901 927.90176531672478 217.72432306362316 1616.3868071967736 694.99501104699448 460.11888755485415 63.231831715907902 60413.592504352331 870.38652647007257 2774.8413830557838 3274.4182818960398 7919.5810527000576 11952.198956661858 1511.9192341309972 247.9249060973525 773.40393733070232 398.48841420467943 833.10484426468611 3545.3509629927576 4364.3116222666577 1115.850575234741 2832.9349673558027 639.85512943938375 845.42686518281698 59.799598708748817 271.60823000781238 748.34133709780872 2186.3047726731747 1713.3124703280628 7842.5132363457233
leaf_count=1028 1750 1617 1675 2069 4356 321 292 276613 8263 5923 6950 12735 20855 5972 256 5082 4102 1856 6133 22122 7132 11339 3244 3778 383 1660 3566 6087 3596 41677
internal_value=0.00140119 0.0243276 0.000992932 0.00790813 -8.96515e-05 0.00467598 6.66781e-05 0.000317905 -0.0197897 0.00580998 0.00438613 0.00887037 0.000738481 -0.000297181 -0.0183134 -0.00193645 -0.00765876 -0.0246014 0.000242385 0.00466346 0.0015735 0.00530227 0.00760021 -0.0108878 0.00939526 0.00634504 0.0015293 0.0287274 0.0332754 0.00459802
internal_weight=122591 2144.82 120446 16303.7 104143 14687.3 103925 103230 2105.51 14429 13968.8 10694.4 101124 89172.2 2592.95 1235.12 1171.89 2345.02 86579.2 26165.6 22620.3 17410.5 16294.7 5209.74 15654.8 13881.7 11423.8 2457.91 1773.11 10675.4
internal_count=472432 3367 469065 29026 440039 26957 438364 434008 17739 25929 25608 18658 416269 395414 8084 9476 9184 7828 387330 110717 104584 78684 71552 25900 68308 64329 56582 7747 3979 53016
cat_boundaries=0 51 54 58 60 111 113 117 118 120
cat_threshold=0 0 0 0 524288 2048 0 0 2 0 1024 537149440 0 268435456 16777216 8192 4224 16777216 0 0 0 2415984640 8 0 0 0 0 0 2048 256 0 0 134217792 536870912 528 0 0 0 0 0 0 0 0 0 512 0 0 0 0 8192 151781376 17965056 147980553 96 1532231948 1074341474 151011612 4864 3562438682 202252288 0 0 0 0 0 8192 0 268435456 1 128 1024 16384 1 268435456 16777216 0 4225 0 0 0 0 33554432 4194432 0 0 0 16 1073741824 33556480 0 0 0 0 0 8 1073741824 268435456 8192 0 0 0 1024 0 0 536871424 0 0 8388608 4 67141632 67108864 2449998860 6359044 0 9885696 4456961 2 4 1132466444 4558345
is_linear=0
shrinkage=0.05


Tree=94
num_leaves=31
num_cat=14
split_feature=96 302 16 47 1 421 113 386 0 13 423 260 392 13 4 420 421 42 392 30 421 430 420 153 430 10 44 12 6 19
split_gain=431.685 329.387 316.692 306.192 306.167 594.772 567.342 631.233 677.592 784.007 570.239 545.865 389.048 426.321 383.823 372.759 369.634 363.567 359.811 406.15 379.785 391.305 358.718 328.53 327.427 307.481 380.221 367.877 409.264 437.145
threshold=3.5000000000000004 1.5000000000000002 1.0000000180025095e-35 0 1 2 2.5000000000000004 145.50000000000003 125.06250000000001 3 4 89.906250000000014 111366.50000000001 5 185.50000000000003 6 7 173.50000000000003 121833.50000000001 529.50000000000011 8 9 10 26.500000000000004 11 73.500000000000014 12 13 223.50000000000003 1.0000000180025095e-35
decision_type=10 10 2 9 1 9 8 8 2 9 9 10 10 9 10 9 9 10 8 8 9 9 9 10 9 8 9 9 8 2
left_child=1 2 4 -2 5 22 11 8 9 16 15 14 -7 -14 18 -11 -8 -9 19 -6 21 -20 -1 24 -22 27 -27 -26 29 -29
right_child=3 -3 -4 -5 6 12 7 17 -10 10 -12 -13 13 -15 -16 -17 -18 -19 20 -21 23 -23 -24 -25 25 26 -28 28 -30 -31
leaf_value=0.027514126652713411 -0.15106875564393552 0.028794179246174324 -0.062573772683148052 0.037025887672514177 -0.001574601818097984 -0.021136714206590204 -0.027966926848065544 0.034377389992577737 0.029975313335562016 -0.035278960527270462 -0.030918639712176933 -0.069407771119132197 0.021249356736415249 -0.021108486083769806 -0.061624471337077005 0.012107713119165869 0.045675902990212937 -0.034287678514744235 0.04125982071238507 0.027504616550238573 -0.054053051582169276 -0.020372556919826909 -0.045014083984671084 -0.07621689966297765 0.029471301101811079 0.015131987168745566 0.0017323059793380347 -0.050398862819928336 -0.00036222363681207985 -0.0096530768172357617
leaf_weight=190.44190863799304 22.096845917403698 1060.9457593001425 196.73643419612199 1037.855389142409 2243.8630917225964 1538.8624996519648 202.10587425902486 3172.1918593700975 1969.2261719312519 502.1649572039023 2260.6554406753276 279.90995577536523 2180.6662716907449 807.04765998432413 247.92854135110974 2180.1412552986294 970.18744034040719 205.24877352640033 270.06887873541564 2583.0622519277968 261.89794537285343 3405.0071875709109 1398.1235670631286 138.90275772660971 844.00637850351632 5875.2043289877474 53519.195085786516 716.03567135520279 23835.855273779482 8158.6699486374855
leaf_count=656 109 1648 1868 1957 6141 9206 874 3344 3059 3746 14883 1230 5661 5418 1223 8346 1246 743 283 4792 1504 11953 10773 903 2201 15739 200007 4371 105978 42570
internal_value=0.00133447 0.00105666 0.000811739 0.0331047 0.000915695 -0.00997418 0.0015014 0.0120507 0.00446665 -0.00374762 -0.0124686 0.000320497 -0.000710423 0.00980804 0.000511659 0.00313818 0.0328506 0.0302046 0.000662912 0.0139867 5.94487e-08 -0.0157437 -0.0362015 0.000621495 0.000736066 0.000896162 0.00305778 -0.00292982 -0.0037737 -0.0129406
internal_weight=122274 121214 120153 1059.95 119957 6115.14 113842 11461.9 8084.48 6115.25 4942.96 102380 4526.58 2987.71 102100 2682.31 1172.29 3377.44 101852 4826.93 97024.8 3675.08 1588.57 93349.8 93210.9 92949 59394.4 33554.6 32710.6 8874.71
internal_count=472432 470366 468718 2066 466850 31714 435136 36241 32154 29095 26975 398895 20285 11079 397665 12092 2120 4087 396442 10933 385509 12236 11429 373273 372370 370866 215746 155120 152919 46941
cat_boundaries=0 1 2 6 8 15 17 20 23 27 77 79 129 130 132
cat_threshold=1 4 2166620160 1074125728 73421528 1024 570949636 67108936 536871186 1073810432 1073774592 536936448 2098112 134480256 164360 545326848 4194368 1611899136 3616817417 81 0 2147485696 9445377 1225555976 2957532386 554190017 898 0 0 0 524288 0 64 0 0 0 0 525312 16576 0 268435456 16777216 0 0 0 0 2 0 0 256 16 0 0 4194304 134217728 0 16 0 0 134283265 0 0 1073741824 3221225472 134217728 0 0 0 0 0 1073741824 0 4194304 8192 4194304 4 4096 83955776 4352 8912896 0 0 0 524296 0 0 0 4194304 0 0 16448 0 0 0 2048 64 524288 0 256 3 1573888 270592 0 0 16777216 4096 0 0 0 0 0 0 0 768 0 1073742080 192 0 0 0 0 0 0 0 0 0 0 0 2147483648 1 1912639777 4
is_linear=0
shrinkage=0.05


Tree=95
num_leaves=31
num_cat=12
split_feature=240 430 421 430 35 270 396 430 397 420 430 430 421 0 423 5 96 12 3 2 364 312 127 270 423 133 138 18 15 3
split_gain=415.837 328.597 329.676 375.039 325.471 337.401 325.944 445.503 370.249 421.412 337.641 319.151 393.479 337.406 366.145 316.683 372.873 348.988 396.808 432.851 390.842 344.781 331.112 320.278 364.552 322.592 408.31 349.948 565.519 336.916
threshold=2.5000000000000004 0 1 2 360.25000000000006 2.5000000000000004 -6.4999999999999991 3 8.5000000000000018 4 5 6 7 57.953125000000007 8 9 1.5000000000000002 10 581.50000000000011 8174.5000000000009 301.00000000000006 1.5000000000000002 1.5000000000000002 1.5000000000000002 11 1.0000000180025095e-35 1.5000000000000002 29.500000000000004 22.500000000000004 553.50000000000011
decision_type=10 9 9 9 10 10 8 9 8 9 9 9 9 2 9 9 10 9 8 2 8 10 10 10 9 8 10 2 2 10
left_child=1 -1 -3 -4 6 -6 11 -8 -9 -10 -11 -5 13 14 -13 16 -12 18 20 -20 22 -19 23 24 -17 26 -26 29 -29 -27
right_child=-2 2 3 4 5 -7 7 8 9 10 15 12 -14 -15 -16 17 -18 21 19 -21 -22 -23 -24 -25 25 27 -28 28 -30 -31
leaf_value=-0.073650554013866373 0.033786303538416176 0.017853830201965036 -0.064866092697262442 0.043220167766639284 -0.016741584962414267 -0.11387071121556985 -0.046452560111449999 0.049635642386359799 -0.029424063927986955 0.037675501792569434 0.02283221316289202 -0.047288200160263034 -0.0129626296453603 0.026271510526976433 0.0086291735486533176 0.031699163578113136 -0.092102273834415493 0.0008971792166150949 -0.025854915791492246 0.039262582752874538 -0.082964501003143912 0.02498031374138613 -0.081911332499622416 -0.036911171279507098 0.0071634657018306101 -0.0086674273582492654 0.10860814547359782 0.63866141358688822 0.037304928154935905 -0.043510312197798093
leaf_weight=137.20315777393989 975.44656935054809 2856.640378893353 207.74925140710548 691.05918282549828 1233.3261343357153 96.398716039955616 495.21764956973493 383.73503557406366 1158.8895965423435 605.89824345242232 2184.1049385778606 329.28242122940719 1717.6545230005868 2844.8483351329342 2124.946825328283 611.40763039328158 72.922878323122859 88029.906060042791 361.80687172338367 866.12312288954854 179.29585463553667 1511.6537723490037 152.33697033673525 877.38994896691293 499.65395749732852 9637.1665482795797 123.75959681160748 3.9667633250355712 270.89318641833961 747.62235296098515
leaf_count=1529 1906 5942 1579 989 7455 528 2476 562 7577 867 4210 1991 6912 5866 5310 2625 327 346981 2057 2077 832 2509 825 2973 2600 45692 170 25 1540 5500
internal_value=0.00127112 0.00100902 0.00109977 0.000692759 0.000813861 -0.023783 0.00109472 0.000390653 0.000609127 0.000434817 0.000761697 0.0110307 0.00778773 0.0145255 0.000969254 0.000547425 0.0190344 0.000143932 -0.00709749 0.0200759 -0.00964932 0.00130361 -0.00863223 -0.00775819 -0.00560773 -0.00765064 0.0273022 -0.00970198 0.0459837 -0.0111758
internal_weight=121988 121013 120876 118019 117811 1329.72 116482 108774 108279 107895 106736 7707.79 7016.73 5299.08 2454.23 106130 2257.03 103873 14331.4 1227.93 13103.5 89541.6 12924.2 12771.9 11894.5 11283.1 623.414 10659.6 274.86 10384.8
internal_count=472432 470526 468997 463055 461476 7983 453493 432425 429949 429387 421810 21068 20079 13167 7301 420943 4537 416406 66916 4134 62782 349490 61950 61125 58152 55527 2770 52757 1565 51192
cat_boundaries=0 51 55 106 157 160 210 261 265 272 273 275 282
cat_threshold=0 512 0 0 8 1280 0 16781312 16 0 32768 0 4 8388608 1 0 33554432 524288 0 67108864 0 0 16448 0 0 0 0 0 128 1 0 0 0 0 536871424 128 71303168 1552 1 256 16640 0 0 0 0 0 0 0 0 0 64 81338892 813695257 908336162 1120 1073741824 0 0 0 0 10485760 0 0 37748736 0 0 0 0 0 524288 0 64 8388608 131072 256 524289 0 8192 0 537001984 0 0 0 0 0 0 0 536870912 536870912 8208 0 256 128 35651584 262144 0 0 131072 0 0 1048576 0 0 0 0 150994944 0 0 0 0 524288 512 0 272629760 1 0 0 192 0 268435456 0 0 0 5242880 32768 96 0 0 537133056 0 0 0 402653184 0 0 0 0 0 0 32 2101248 16384 1073758216 8192 0 0 0 545325056 0 0 0 0 0 0 0 2147483648 33587200 2061656104 3253633249 8 0 0 0 0 262144 131136 0 0 0 128 1024 536870912 256 0 131072 134217728 0 0 0 2048 4 0 2214723712 0 2147483648 0 536870912 0 0 0 0 0 65600 0 0 0 0 64 8 4096 4130 1024 0 0 536870912 4194560 0 0 0 536879104 0 0 0 0 0 0 0 268435456 0 0 524288 64 0 268435456 0 0 0 4194304 16809984 96 33554432 0 256 2048 0 0 134217729 0 0 16 4 0 2097152 32 4096 536870912 1073741824 65536 2048 16 0 0 0 0 0 0 0 0 67108864 2214625280 33587200 1610874880 19940864 30933893 2 536870912 1073741888 32768 16777216 3211328 16 32768 2 80617674 39312771 0 3072 2097152 16384 134217760 262160 32768
is_linear=0
shrinkage=0.05


Tree=96
num_leaves=31
num_cat=15
split_feature=25 26 430 421 430 207 35 399 220 233 430 12 64 391 421 201 420 13 415 423 430 396 430 430 421 132 1 423 216 397
split_gain=408.079 423.759 338.239 371.827 359.253 310.998 306.263 342.096 352.21 324.682 303.446 297.584 293.992 293.682 264.778 634.305 293.4 295.359 276.518 297.172 285.501 279.468 317.921 273.498 282.114 272.891 290.429 347.267 265.624 265.278
threshold=11.500000000000002 38.500000000000007 0 1 2 2.5000000000000004 360.25000000000006 1.0000000180025095e-35 3.5000000000000004 28.500000000000004 3 4 2.5000000000000004 -99.499999999999986 5 3363.0000000000005 6 7 419.00000000000006 8 9 -7.4999999999999991 10 11 12 1.5000000000000002 13 14 957.50000000000011 30.500000000000004
decision_type=2 2 9 9 9 10 10 10 10 8 9 9 10 10 9 10 9 9 10 9 9 8 9 9 9 8 1 9 10 8
left_child=2 -2 -1 -4 -5 6 7 8 10 13 -6 -12 14 -8 15 -13 25 -18 19 -19 -21 23 -23 29 -25 -16 -27 -28 -24 -22
right_child=1 -3 3 4 5 -7 9 -9 -10 -11 11 12 -14 -15 16 -17 17 18 -20 20 21 22 28 24 -26 26 27 -29 -30 -31
leaf_value=-0.068547926167181347 0.04357481497142697 -0.0019951535552644962 0.02559577177686248 -0.06195511561133013 0.036809851604155376 0.048447085445580691 0.058908625747176584 0.026433029290732154 -0.051255086681641186 0.041889481354238201 0.03293331000241223 -0.024525862381157556 0.046398127115798923 -0.0398147367837361 -0.041724893405240916 0.58333740045742388 -0.019813795139444396 -0.034760308095505919 0.056123670332497204 -0.051772088770282554 -0.025533846533730614 -0.048241763112254504 0.00032102180176167984 0.018674518269534948 -0.011444841846844906 0.026989523802911638 0.046673634930293174 -0.02790529169016753 -0.039790028593674996 0.033547816217108742
leaf_weight=165.43125186103862 1143.7296940404922 920.92839432135224 1498.7004348118789 218.96168178762309 569.82098905742168 340.57961605675519 81.050143975764513 1294.2118112528697 326.7529024258256 166.35778392106295 694.89267219882458 1276.8325086506084 345.48766454309225 1067.6897832415998 199.85028725862503 4.306142069399356 1836.927474910859 593.11179750785232 221.79887008853257 251.20476897759363 213.7696003858 330.49054063297808 99640.390101638855 1467.4294804167002 1631.7355872418266 2417.7878294214606 203.26014273241162 575.53463636850938 414.45986917708069 1708.0939591722563
leaf_count=1528 1750 1617 2731 1669 909 495 69 2697 1351 250 1057 8373 251 7707 1195 27 9808 4625 276 1657 794 1564 395292 3064 5418 4848 219 3399 4584 3208
internal_value=0.00120887 0.0232486 0.000828899 0.000930523 0.000615358 0.000736835 0.000598646 0.000870151 0.000582276 -0.0233949 0.000730081 0.000546506 0.000345039 -0.0328492 0.00020425 -0.0223086 0.000464402 9.97883e-06 0.000353819 0.000237433 0.000437142 0.000566467 -9.26925e-06 0.0120783 0.00283062 0.014913 0.0185007 -0.00809575 0.000154853 0.0268365
internal_weight=121822 2064.66 119757 119591 118093 117874 117533 116218 114924 1315.1 114597 114027 113332 1148.74 112987 1281.14 111706 108309 106472 106251 105658 105406 100385 5021.03 3099.17 3396.43 3196.58 778.795 100055 1921.86
internal_count=472432 3367 469065 467537 464806 463137 462642 454616 451919 8026 450568 449659 448602 7776 448351 8400 439951 430290 420482 420206 415581 413924 401440 12484 8482 9661 8466 3618 399876 4002
cat_boundaries=0 51 55 106 156 158 162 165 167 174 225 276 327 331 332 339
cat_threshold=536870912 0 0 0 524296 1024 0 16777216 18 0 16384 0 0 8388608 0 0 0 524288 0 512 0 2415919136 64 0 0 0 0 0 128 0 0 0 65536 0 524800 128 67108864 528 2147483649 0 24832 536870912 0 0 0 0 0 0 0 0 4198464 81338888 805306393 906239010 1120 1073741824 0 0 0 0 512 0 4096 37748736 0 32768 0 0 0 524288 0 0 8388608 131072 256 537395201 1024 16384 0 536870912 0 4096 0 0 0 4194304 0 536870912 536870912 2097168 0 4210688 1152 33554432 262148 0 0 131072 0 0 1048576 0 0 0 0 16777216 67108864 0 0 0 0 8388672 0 0 0 0 0 0 0 8 131072 134217728 0 0 0 1048576 131072 4194304 131200 131072 0 0 541065216 0 33554432 0 4 0 100663296 0 268435456 536870912 0 0 1048584 0 2097186 0 0 0 536870976 256 0 0 83886080 67141632 536875041 64 151027968 4793058 134242384 4864 339744003 741373960 128 3527836184 208019456 3238002704 0 32768 65536 723009568 2148012032 8 8388608 2 0 0 8192 8192 67108928 0 0 0 0 67133568 16384 0 0 17408 33554496 0 0 0 0 1048576 8192 0 131072 0 0 0 2 1 0 0 1 268468224 536870912 81920 2147483648 0 0 0 131072 0 0 0 0 4194304 0 0 0 0 234881024 0 0 2048 0 0 2097152 0 272629760 1 0 0 134217728 0 268435456 0 67108864 0 22020096 2048 32 0 101269504 537133056 0 0 0 134217728 0 0 0 0 0 0 32 12288 0 1073741824 8192 0 1 0 0 0 0 0 0 67108864 0 0 0 32768 0 0 0 0 0 0 0 268435456 0 0 524288 0 0 268435456 134217728 0 0 4194304 16810048 34 33554432 67125248 256 0 0 0 134217729 0 131072 16 0 0 2097152 32 12288 0 1073741824 134225920 0 1 0 0 0 0 512 0 0 1024 0 131072 32768 536870912 2148532224 13632388 2 10 2147483904 1024 32 0 65728 0 8
is_linear=0
shrinkage=0.05


Tree=97
num_leaves=31
num_cat=11
split_feature=138 207 430 430 16 13 190 423 7 12 430 106 113 29 6 42 137 420 13 421 175 8 368 340 12 29 15 8 2 2
split_gain=392.113 317.545 311.451 300.646 293.567 284.655 334.089 319.467 309.042 376.509 375.897 364.294 341.77 325.743 603.124 355.378 311.944 306.833 298.786 284.631 299.655 423.257 312.689 329.579 292.511 336.485 326.919 276.12 273.642 277.011
threshold=3.5000000000000004 2.5000000000000004 0 1 1.0000000180025095e-35 2 2.5000000000000004 3 4 5 6 2.5000000000000004 1.5000000000000002 186.50000000000003 117.50000000000001 308.50000000000006 2.5000000000000004 7 8 9 1.5000000000000002 480.50000000000006 231.25000000000003 3.5000000000000004 10 29.500000000000004 3.5000000000000004 298.00000000000006 16256.500000000002 17599.500000000004
decision_type=10 10 9 9 2 9 10 9 9 9 9 10 10 10 10 10 8 9 9 9 8 8 8 8 9 10 2 10 2 2
left_child=1 2 -1 -4 5 -5 8 -8 10 -10 -7 12 13 17 15 -15 -17 -11 -16 -19 22 24 -21 28 -22 26 27 -26 -24 -30
right_child=-2 -3 3 4 -6 6 7 -9 9 11 -12 -13 -14 14 18 16 -18 19 -20 20 21 -23 23 -25 25 -27 -28 -29 29 -31
leaf_value=-0.071261986678946898 0.031564098869454035 0.048372086995233765 0.038579703070676576 0.048456844156049825 -0.061528708423173831 -0.066380485240976936 0.02886429926863392 -0.031643284381869592 -0.029701419055405961 0.033604974710631084 -0.00067575075178387097 -0.035785910886899662 0.024774771767245352 -0.047286938876165842 0.014609578661070557 0.04622054166738554 0.4150706595699083 0.022372580694286534 -0.048147627838066503 0.0034585159511420806 -0.067848848397851644 0.028397463182808377 0.026398741157342094 -0.16362406776211616 0.0014526540667949401 -0.069409935595499059 0.034186829913650373 -0.046419905421648484 -0.13175850550137658 0.011665336002422139
leaf_weight=139.9768057661131 1050.6262415833771 351.02372433803976 515.31891526654363 302.11928933113813 189.40204747673124 208.29009655071422 253.73954202793539 1345.0661193337291 775.16026053484529 950.68020411254838 78138.483038054779 532.42667344771326 2246.9585851095617 117.92573940195143 235.82919479161501 387.14509669691324 5.8182787895202628 2173.7809972686227 960.69233618723229 25286.928000435699 291.88292718864977 514.56517162919044 2612.2264028638601 23.929461985826492 712.5492673702538 242.8278455324471 381.24605232104659 521.76710491999984 55.771116033196449 84.940198220312595
leaf_count=1597 1917 548 930 330 1867 1602 380 4107 5269 1902 343803 1653 2800 872 893 1501 2 4174 8188 77495 1372 738 2820 120 1621 1162 588 1812 252 117
internal_value=0.00115052 0.000885478 0.00074681 0.000836624 0.000670723 0.000769476 0.000644344 -0.0220578 0.000953404 0.00458243 -0.00085888 0.00528314 0.0058629 0.00466792 -0.0166406 0.0288374 0.0516818 0.00574263 -0.0360588 0.00492587 0.00368479 -0.0123371 0.00520749 0.0211341 -0.022085 -0.0144543 -0.00628369 -0.0187839 0.0227401 -0.0451809
internal_weight=121609 120558 120207 120067 119552 119363 119061 1598.81 117462 39115.1 78346.8 38339.9 37807.5 35560.5 1707.41 510.889 392.963 33853.1 1196.52 32902.4 30728.6 2664.84 28063.8 2776.87 2150.27 1858.39 1615.56 1234.32 2752.94 140.711
internal_count=472432 470515 469967 468370 467440 465573 465243 4487 460756 115351 345405 110082 108429 105629 11456 2375 1503 94173 9081 92271 88097 7293 80804 3309 6555 5183 4021 3433 3189 369
cat_boundaries=0 51 102 104 110 111 113 164 167 169 173 174
cat_threshold=537919488 2 0 0 8 1280 0 4096 0 0 0 0 4 8388608 1 16384 0 2621440 0 67109376 512 16777216 64 0 0 0 0 1 160 0 0 0 0 0 512 0 67174400 528 0 256 16640 0 0 0 0 0 0 0 0 0 4198400 1140850688 0 4096 0 0 64 0 0 0 0 0 0 0 2097160 134217728 0 0 0 0 1048592 131072 4194304 196608 16 2147483648 0 0 0 0 0 0 0 100663360 0 268435456 131072 0 0 0 0 2097154 0 0 3221225472 536870912 0 0 4194304 16384 536903680 65536 536873217 64 18 3072 2097152 536870912 134218624 134480032 12 3244440001 67558695 0 0 0 524288 262144 2097152 0 33554432 0 0 0 738459648 0 0 0 67108864 1 0 0 64 524288 2147483648 536870916 0 0 0 16 0 2048 2147483648 0 0 1 0 80 0 0 64 36700168 262144 0 0 0 0 512 0 0 16777216 0 0 16777216 71307331 1892810760 128 65536 8388608 348725260 546309917 721425954 72 33554966
is_linear=0
shrinkage=0.05


Tree=98
num_leaves=31
num_cat=11
split_feature=309 268 391 430 307 13 275 138 12 134 153 421 420 430 430 421 53 10 3 45 46 22 18 48 8 26 28 28 15 6
split_gain=375.549 297.731 304.652 344.191 306.924 314.123 291.37 277.315 275.914 282.921 302.725 275.455 294.392 350.827 277.22 277.914 265.698 313.109 304.185 256.292 354.653 780.808 471.21 536.657 382.313 591.92 590.238 511.485 347.922 340.173
threshold=4.5000000000000009 4.5000000000000009 -29.499999999999996 0 1.5000000000000002 1 2.5000000000000004 2.5000000000000004 2 2.5000000000000004 27.500000000000004 3 4 5 6 7 1.5000000000000002 21.500000000000004 103.50000000000001 8 9 1.5000000000000002 1.5000000000000002 10 466.00000000000006 31.500000000000004 236.50000000000003 114.50000000000001 4.5000000000000009 117.50000000000001
decision_type=10 10 8 9 10 9 10 10 9 10 10 9 9 9 9 9 10 10 8 9 9 2 2 9 10 2 10 8 2 8
left_child=1 2 -1 -4 5 -5 -2 -3 -7 10 11 -10 13 -13 -14 -16 18 -18 -17 -20 21 22 23 29 25 26 27 -23 -28 -21
right_child=6 7 3 4 -6 8 -8 -9 9 -11 -12 12 14 -15 15 16 17 -19 19 20 -22 24 -24 -25 -26 -27 28 -29 -30 -31
leaf_value=0.016267516456861152 0.041248880774694185 -0.026390979517293092 -0.065434948862013023 -0.043034710844446343 0.028481917355549603 0.032509605907352003 -0.081291145791103137 -0.17250453442304958 0.01792853303715846 0.024784501694852801 -0.077681092756329118 0.028275452320811509 -0.068453734585459142 -0.065660586501577606 -0.057116517481755259 -0.019665658122796317 -0.030917230098426365 0.006449646708899988 0.0076004647771550152 0.0039231525515238891 0.0011284200975180867 0.0057729760099433066 0.12327872980437174 -0.010805065930849022 0.044134836869247053 -0.053512292885221739 0.063210764793960691 -0.075988890593178537 -0.08381124108871664 -0.052494884417813352
leaf_weight=3193.0326253422536 812.76404953654855 531.38021345157176 186.91883521538693 403.10644158581272 987.48766597919166 665.32658073864877 51.588723499327898 34.587440684437752 2160.4507542517968 1182.6671171952039 124.63026428222656 135.51471517235041 137.21457872306928 340.49191186018288 201.05019331444055 1806.8204526137561 1433.3910274822265 920.70898520573974 12998.557016389444 318.62709760479629 83870.990325718885 1784.1183841209859 55.98476329818368 3515.9545153602958 630.0109688192606 423.35176350362599 574.76001329161227 214.25116677954793 43.269252568483353 1654.7128235809505
leaf_count=7375 1796 1653 1894 5065 1515 924 205 183 4442 1599 867 394 1037 3329 1486 8223 5406 2434 44531 1139 344287 4022 83 12951 805 2657 1192 1253 229 9456
internal_value=0.00109489 0.000859378 0.00103007 0.000613407 0.000724853 0.000487799 0.0339351 -0.0353203 0.000643782 0.000455841 0.00020203 0.000287762 -5.70136e-05 -0.0388863 0.000113628 0.000205003 0.000314709 -0.0163027 0.000677316 0.0010238 0.000105428 -0.00920537 -0.0210453 -0.0225173 0.0086857 0.0013386 0.0102139 -0.00299296 0.0529175 -0.0433853
internal_weight=121394 120529 119963 116770 116583 115596 864.353 565.968 115193 114528 113345 113220 111060 476.007 110584 110447 110246 2354.1 107891 106085 93086 9215.04 5545.28 5489.29 3669.76 3039.75 2616.4 1998.37 618.029 1973.34
internal_count=472432 470431 468595 461220 459326 457811 2001 1836 452746 451822 450223 449356 444914 3723 441191 440154 438668 7840 430828 422605 378074 33787 23629 23546 10158 9353 6696 5275 1421 10595
cat_boundaries=0 51 53 55 59 61 107 158 162 163 164 165
cat_threshold=0 514 0 0 0 2560 0 4194304 0 0 0 0 4 0 0 0 33554432 2097152 32768 512 0 134415360 64 0 0 0 0 1 34 0 0 0 536870912 1024 536870912 128 2214592512 16 0 0 0 536870912 0 0 512 268435456 0 0 0 8192 138412096 3511063064 137242112 536875009 64 2496208904 817889293 908336162 1096 1789652142 688352 67108864 0 0 0 0 8192 0 0 0 0 2 0 0 0 0 0 0 0 2048 0 0 0 0 0 2147483648 0 0 0 50333824 16 0 0 2147483648 0 0 0 268500992 320 0 4096 0 0 0 0 0 256 1074790400 0 0 0 131072 1024 64 16777216 37748752 0 0 201326720 2113536 0 524288 17408 268435520 0 0 0 1 32 0 0 0 0 0 0 0 0 0 0 0 32768 16 65536 65536 128 33554432 0 131072 8388608 131072 0 0 0 0 0 0 0 16777216 150995200 589986 16793600 4864 1 2 2
is_linear=0
shrinkage=0.05


Tree=99
num_leaves=31
num_cat=13
split_feature=25 26 26 24 42 13 106 30 423 113 421 420 430 281 421 14 229 430 12 38 31 423 420 410 423 89 8 95 5 12
split_gain=360.232 402.615 306.923 1228.13 694.961 564.627 503.236 401.168 356.571 384.884 423.765 384.789 346.244 423.637 349.803 332.163 334.501 332.047 328.915 320.312 318.318 297.535 466.702 363.213 294.992 287.767 354.502 489.368 501.463 446.867
threshold=11.500000000000002 38.500000000000007 1.5000000000000002 1.5000000000000002 1.0000000180025095e-35 0 1.5000000000000002 61.500000000000007 1 2.5000000000000004 2 3 4 2.5000000000000004 5 4.5000000000000009 2.5000000000000004 6 7 153.50000000000003 333.50000000000006 8 9 548.00000000000011 10 1.5000000000000002 270.50000000000006 1.5000000000000002 11 12
decision_type=2 2 2 2 10 9 10 10 9 8 9 9 9 10 9 2 10 9 9 10 10 9 9 10 9 10 10 10 9 9
left_child=2 -2 3 4 6 12 17 20 11 10 -10 -7 -4 14 -14 16 -5 -1 -19 21 -6 -20 -23 24 -24 -12 29 28 -28 -27
right_child=1 -3 5 15 7 8 -8 -9 9 -11 25 -13 13 -15 -16 -17 -18 18 19 -21 -22 22 23 -25 -26 26 27 -29 -30 -31
leaf_value=0.032159826303433968 0.042913696424195319 -0.0022279328646309026 0.03321049374466483 0.021047642439699629 0.021119589348576041 0.013518364627378827 -0.029322633431669243 -0.04117608148370884 -0.048683709841353562 0.0161539802879258 -0.0021187497882524846 -0.069920484006762901 -0.0058387026545932271 -0.094566326164617839 -0.048398823790758549 0.047717637144615854 -0.035107166461911518 0.03793464980882269 0.033558715020311859 0.040632506942466243 -0.019954923657181864 -0.03738728159348894 -0.039628701287788476 0.012421937183966173 -0.0030344004167848172 0.007489381310112982 -0.011978384482544048 -0.021053668027765718 0.043184562499761214 -0.042421996879358971
leaf_weight=744.96517705265433 1073.6887714415789 914.77861598692834 224.11639560665935 5390.7565570306033 6076.2846242608503 218.55596572486684 1594.8224887996912 300.14871389884502 458.66291194409132 3330.2247385904193 50832.917738346383 369.06508434796706 1164.7332269735634 236.52976206503808 827.64028340089135 1153.6535316333175 278.91478810273111 516.87308341450989 559.76184523524716 439.08116484433413 511.38837197888643 943.58773659146391 550.24178745597601 3928.0221214564517 33057.944515705341 1987.3538099722937 526.27184183523059 546.96432789042592 1893.1309260074049 568.4829681571573
leaf_count=1671 1750 1617 345 8408 12008 599 4978 1960 2000 6303 238290 2216 4677 1200 5082 1451 795 1306 1378 1011 2428 8355 4670 13198 129870 5316 1597 2326 2866 2761
internal_value=0.00104044 0.0221466 0.000688439 0.00338197 0.000626268 -0.00170079 -0.00177011 0.0153554 -0.000748608 -0.000366675 -0.00133512 -0.0391799 -0.0251692 -0.0311615 -0.0237906 0.0232614 0.0182852 -0.000691541 -0.00131115 -0.00183445 0.0179311 -0.00231255 -0.00284235 -0.00196423 -0.00364623 -0.000940956 0.00989915 0.0216583 0.0313144 -0.00374885
internal_weight=121220 1988.47 119231 56046.4 49223.1 63184.6 42335.3 6887.82 60731.6 60144 56813.8 587.621 2453.02 2228.9 1992.37 6823.32 5669.67 40740.5 39995.5 39478.6 6587.67 39039.6 38479.8 37536.2 33608.2 56355.1 5522.2 2966.37 2419.4 2555.84
internal_count=472432 3367 469065 193487 182833 275578 166437 16396 264274 261459 255156 2815 11304 10959 9759 10654 9203 161459 159788 158482 14436 157471 156093 147738 134540 253156 14866 6789 4463 8077
cat_boundaries=0 2 8 12 14 65 69 120 122 129 132 138 139 141
cat_threshold=1615496194 403504 2147483904 1073742848 2097184 16793600 134742016 134217872 1075908608 16912208 536895744 384 64 16779276 1073741824 0 0 0 0 0 0 0 0 0 0 0 0 0 8192 0 0 8388608 0 4194336 0 0 262144 0 0 16777216 268435456 0 0 18 0 0 0 0 268439552 0 0 64 8 17 0 0 0 0 0 0 0 0 16777216 0 33554432 69206016 1196680 9715856 2 0 0 0 0 0 128 0 0 0 0 8194 0 0 268435456 134348800 0 1 4194304 64 0 33554436 262144 67108864 1 0 0 4194305 0 33556480 67108864 0 256 2147483648 0 0 0 268435456 8192 0 131072 2097152 1024 0 0 0 256 0 0 16384 2214625280 67108864 553705761 5728 536870914 11264 1073745952 0 0 134480032 33280 1908058621 4735204 32 50335744 0 2129920 0 672678400 2147487752 6 1637941252 67108872
is_linear=0
shrinkage=0.05


end of trees

feature_importances:
DeviceInfo=247
P_emaildomain=222
id_31=135
C13=119
TransactionAmt=100
card1=95
card2=93
id_30=85
id_33=82
C1=75
R_emaildomain=74
C14=69
addr1=54
card3=50
card5=48
D2=48
V258=48
C6=44
D15=42
card6=40
ProductCD=39
dist1=36
C2=34
V45=33
C5=31
C11=30
M6=30
V62=30
D3=27
M5=27
D4=26
D1=25
D8=25
C9=23
M4=22
D10=21
V87=21
V285=21
M3=20
card4=19
V156=19
V281=19
V54=18
V55=18
V83=18
C12=17
V189=16
V310=16
V312=14
id_09=14
V165=13
V38=12
V317=12
V169=11
V296=11
V307=11
V308=10
id_01=10
id_03=10
C8=9
V67=9
V224=9
V313=9
C3=8
C4=8
D11=8
V82=8
V149=8
V320=8
id_02=8
id_17=8
D5=7
D6=7
D13=7
V12=7
V49=7
V76=7
V102=7
V187=7
V294=7
V37=6
V75=6
V217=6
id_20=6
V5=5
V34=5
V91=5
V164=5
V311=5
V314=5
V333=5
id_06=5
M9=4
V13=4
V20=4
V53=4
V70=4
V78=4
V96=4
V128=4
V131=4
V162=4
V315=4
addr2=3
M2=3
V2=3
V24=3
V35=3
V44=3
V133=3
V152=3
V154=3
V159=3
V219=3
V231=3
V251=3
V266=3
V289=3
C10=2
D7=2
M8=2
V19=2
V36=2
V66=2
V72=2
V90=2
V94=2
V124=2
V127=2
V129=2
V139=2
V160=2
V182=2
V206=2
V209=2
V233=2
V243=2
V244=2
V248=2
V282=2
V291=2
V293=2
V309=2
V321=2
V331=2
V335=2
id_07=2
id_14=2
D12=1
V26=1
V29=1
V50=1
V56=1
V57=1
V63=1
V64=1
V81=1
V86=1
V95=1
V97=1
V126=1
V130=1
V136=1
V143=1
V146=1
V150=1
V161=1
V170=1
V177=1
V178=1
V179=1
V200=1
V201=1
V203=1
V207=1
V212=1
V223=1
V228=1
V229=1
V230=1
V256=1
V257=1
V261=1
V263=1
V267=1
V273=1
V280=1
V283=1
id_05=1
id_11=1
id_15=1
id_18=1
id_25=1

parameters:
[boosting: gbdt]
[objective: binary]
[metric: binary_logloss]
[tree_learner: serial]
[device_type: cpu]
[data_sample_strategy: bagging]
[data: ]
[valid: ]
[num_iterations: 100]
[learning_rate: 0.05]
[num_leaves: 31]
[num_threads: 4]
[seed: 42]
[deterministic: 0]
[force_col_wise: 0]
[force_row_wise: 0]
[histogram_pool_size: -1]
[max_depth: -1]
[min_data_in_leaf: 20]
[min_sum_hessian_in_leaf: 0.001]
[bagging_fraction: 1]
[pos_bagging_fraction: 1]
[neg_bagging_fraction: 1]
[bagging_freq: 0]
[bagging_seed: 400]
[bagging_by_query: 0]
[feature_fraction: 1]
[feature_fraction_bynode: 1]
[feature_fraction_seed: 30056]
[extra_trees: 0]
[extra_seed: 12879]
[early_stopping_round: 0]
[early_stopping_min_delta: 0]
[first_metric_only: 0]
[max_delta_step: 0]
[lambda_l1: 0]
[lambda_l2: 0]
[linear_lambda: 0]
[min_gain_to_split: 0]
[drop_rate: 0.1]
[max_drop: 50]
[skip_drop: 0.5]
[xgboost_dart_mode: 0]
[uniform_drop: 0]
[drop_seed: 17869]
[top_rate: 0.2]
[other_rate: 0.1]
[min_data_per_group: 100]
[max_cat_threshold: 32]
[cat_l2: 10]
[cat_smooth: 10]
[max_cat_to_onehot: 4]
[top_k: 20]
[monotone_constraints: ]
[monotone_constraints_method: basic]
[monotone_penalty: 0]
[feature_contri: ]
[forcedsplits_filename: ]
[refit_decay_rate: 0.9]
[cegb_tradeoff: 1]
[cegb_penalty_split: 0]
[cegb_penalty_feature_lazy: ]
[cegb_penalty_feature_coupled: ]
[path_smooth: 0]
[interaction_constraints: ]
[verbosity: -1]
[saved_feature_importance_type: 0]
[use_quantized_grad: 0]
[num_grad_quant_bins: 4]
[quant_train_renew_leaf: 0]
[stochastic_rounding: 1]
[linear_tree: 0]
[max_bin: 255]
[max_bin_by_feature: ]
[min_data_in_bin: 3]
[bin_construct_sample_cnt: 200000]
[data_random_seed: 175]
[is_enable_sparse: 1]
[enable_bundle: 1]
[use_missing: 1]
[zero_as_missing: 0]
[feature_pre_filter: 1]
[pre_partition: 0]
[two_round: 0]
[header: 0]
[label_column: ]
[weight_column: ]
[group_column: ]
[ignore_column: ]
[categorical_feature: 1,5,7,12,13,43,44,45,46,47,48,49,50,51,402,405,406,413,417,418,419,420,421,423,424,425,426,427,428,429,430]
[forcedbins_filename: ]
[precise_float_parser: 0]
[parser_config_file: ]
[objective_seed: 16083]
[num_class: 1]
[is_unbalance: 0]
[scale_pos_weight: 27.4615]
[sigmoid: 1]
[boost_from_average: 1]
[reg_sqrt: 0]
[alpha: 0.9]
[fair_c: 1]
[poisson_max_delta_step: 0.7]
[tweedie_variance_power: 1.5]
[lambdarank_truncation_level: 30]
[lambdarank_norm: 1]
[label_gain: ]
[lambdarank_position_bias_regularization: 0]
[eval_at: ]
[multi_error_top_k: 1]
[auc_mu_weights: ]
[num_machines: 1]
[local_listen_port: 12400]
[time_out: 120]
[machine_list_filename: ]
[machines: ]
[gpu_platform_id: -1]
[gpu_device_id: -1]
[gpu_use_dp: 0]
[num_gpu: 1]

end of parameters

pandas_categorical:[["C", "H", "R", "S", "W"], ["american express", "discover", "mastercard", "visa"], ["charge card", "credit", "debit", "debit or credit"], ["aim.com", "anonymous.com", "aol.com", "att.net", "bellsouth.net", "cableone.net", "centurylink.net", "cfl.rr.com", "charter.net", "comcast.net", "cox.net", "earthlink.net", "embarqmail.com", "frontier.com", "frontiernet.net", "gmail", "gmail.com", "gmx.de", "hotmail.co.uk", "hotmail.com", "hotmail.de", "hotmail.es", "hotmail.fr", "icloud.com", "juno.com", "live.com", "live.com.mx", "live.fr", "mac.com", "mail.com", "me.com", "msn.com", "netzero.com", "netzero.net", "optonline.net", "outlook.com", "outlook.es", "prodigy.net.mx", "protonmail.com", "ptd.net", "q.com", "roadrunner.com", "rocketmail.com", "sbcglobal.net", "sc.rr.com", "servicios-ta.com", "suddenlink.net", "twc.com", "verizon.net", "web.de", "windstream.net", "yahoo.co.jp", "yahoo.co.uk", "yahoo.com", "yahoo.com.mx", "yahoo.de", "yahoo.es", "yahoo.fr", "ymail.com"], ["aim.com", "anonymous.com", "aol.com", "att.net", "bellsouth.net", "cableone.net", "centurylink.net", "cfl.rr.com", "charter.net", "comcast.net", "cox.net", "earthlink.net", "embarqmail.com", "frontier.com", "frontiernet.net", "gmail", "gmail.com", "gmx.de", "hotmail.co.uk", "hotmail.com", "hotmail.de", "hotmail.es", "hotmail.fr", "icloud.com", "juno.com", "live.com", "live.com.mx", "live.fr", "mac.com", "mail.com", "me.com", "msn.com", "netzero.com", "netzero.net", "optonline.net", "outlook.com", "outlook.es", "prodigy.net.mx", "protonmail.com", "ptd.net", "q.com", "roadrunner.com", "rocketmail.com", "sbcglobal.net", "sc.rr.com", "scranton.edu", "servicios-ta.com", "suddenlink.net", "twc.com", "verizon.net", "web.de", "windstream.net", "yahoo.co.jp", "yahoo.co.uk", "yahoo.com", "yahoo.com.mx", "yahoo.de", "yahoo.es", "yahoo.fr", "ymail.com"], ["F", "T"], ["F", "T"], ["F", "T"], ["M0", "M1", "M2"], ["F", "T"], ["F", "T"], ["F", "T"], ["F", "T"], ["F", "T"], ["Found", "NotFound"], ["Found", "New", "Unknown"], ["Found", "NotFound"], ["IP_PROXY:ANONYMOUS", "IP_PROXY:HIDDEN", "IP_PROXY:TRANSPARENT"], ["Found", "NotFound"], ["Found", "New"], ["Found", "NotFound"], ["Android", "Android 4.4.2", "Android 5.0", "Android 5.0.2", "Android 5.1.1", "Android 6.0", "Android 6.0.1", "Android 7.0", "Android 7.1.1", "Android 7.1.2", "Android 8.0.0", "Android 8.1.0", "Linux", "Mac", "Mac OS X 10.10", "Mac OS X 10.11", "Mac OS X 10.12", "Mac OS X 10.13", "Mac OS X 10.6", "Mac OS X 10.9", "Mac OS X 10_10_5", "Mac OS X 10_11_3", "Mac OS X 10_11_4", "Mac OS X 10_11_5", "Mac OS X 10_11_6", "Mac OS X 10_12", "Mac OS X 10_12_1", "Mac OS X 10_12_2", "Mac OS X 10_12_3", "Mac OS X 10_12_4", "Mac OS X 10_12_5", "Mac OS X 10_12_6", "Mac OS X 10_13_1", "Mac OS X 10_13_2", "Mac OS X 10_13_3", "Mac OS X 10_13_4", "Mac OS X 10_13_5", "Mac OS X 10_6_8", "Mac OS X 10_7_5", "Mac OS X 10_8_5", "Mac OS X 10_9_5", "Windows", "Windows 10", "Windows 7", "Windows 8", "Windows 8.1", "Windows Vista", "Windows XP", "func", "iOS", "iOS 10.0.2", "iOS 10.1.1", "iOS 10.2.0", "iOS 10.2.1", "iOS 10.3.1", "iOS 10.3.2", "iOS 10.3.3", "iOS 11.0.0", "iOS 11.0.1", "iOS 11.0.2", "iOS 11.0.3", "iOS 11.1.0", "iOS 11.1.1", "iOS 11.1.2", "iOS 11.2.0", "iOS 11.2.1", "iOS 11.2.2", "iOS 11.2.5", "iOS 11.2.6", "iOS 11.3.0", "iOS 9.3.5", "other"], ["BLU/Dash", "Cherry", "Generic/Android", "Generic/Android 7.0", "Inco/Minion", "LG/K-200", "Lanix/Ilium", "M4Tel/M4", "Microsoft/Windows", "Mozilla/Firefox", "Nokia/Lumia", "Samsung/SCH", "Samsung/SM-G531H", "Samsung/SM-G532M", "ZTE/Blade", "android browser 4.0", "android webview 4.0", "aol", "chrome", "chrome 43.0 for android", "chrome 46.0 for android", "chrome 49.0", "chrome 49.0 for android", "chrome 50.0 for android", "chrome 51.0", "chrome 51.0 for android", "chrome 52.0 for android", "chrome 53.0 for android", "chrome 54.0 for android", "chrome 55.0", "chrome 55.0 for android", "chrome 56.0", "chrome 56.0 for android", "chrome 57.0", "chrome 57.0 for android", "chrome 58.0", "chrome 58.0 for android", "chrome 59.0", "chrome 59.0 for android", "chrome 60.0", "chrome 60.0 for android", "chrome 61.0", "chrome 61.0 for android", "chrome 62.0", "chrome 62.0 for android", "chrome 62.0 for ios", "chrome 63.0", "chrome 63.0 for android", "chrome 63.0 for ios", "chrome 64.0", "chrome 64.0 for android", "chrome 64.0 for ios", "chrome 65.0", "chrome 65.0 for android", "chrome 65.0 for ios", "chrome generic", "chrome generic for android", "chromium", "comodo", "cyberfox", "edge", "edge 13.0", "edge 14.0", "edge 15.0", "edge 16.0", "firefox", "firefox 47.0", "firefox 48.0", "firefox 52.0", "firefox 55.0", "firefox 56.0", "firefox 57.0", "firefox 58.0", "firefox 59.0", "firefox generic", "icedragon", "ie", "ie 11.0 for desktop", "ie 11.0 for tablet", "iron", "line", "maxthon", "mobile", "mobile safari 10.0", "mobile safari 11.0", "mobile safari 8.0", "mobile safari 9.0", "mobile safari generic", "mobile safari uiwebview", "opera", "opera 49.0", "opera 51.0", "opera generic", "other", "palemoon", "puffin", "safari", "safari generic", "samsung", "samsung browser 4.0", "samsung browser 4.2", "samsung browser 5.2", "samsung browser 5.4", "samsung browser 6.2", "samsung browser 6.4", "samsung browser 7.0", "samsung browser generic", "seamonkey", "silk", "waterfox"], ["0x0", "1024x600", "1024x640", "1024x767", "1024x768", "1062x630", "1093x615", "1120x700", "1136x640", "1138x640", "1152x648", "1152x720", "1152x864", "1184x720", "1188x720", "1200x675", "1200x720", "1229x691", "1232x800", "1239x697", "1264x924", "1279x1023", "1279x1024", "1280x1023", "1280x1024", "1280x1025", "1280x600", "1280x620", "1280x712", "1280x720", "1280x768", "1280x800", "1280x960", "1281x720", "1281x721", "1281x800", "1281x801", "1296x774", "1334x750", "1344x756", "1344x840", "1356x900", "1360x768", "1364x768", "1365x767", "1365x768", "1366x1024", "1366x767", "1366x768", "1368x768", "1371x857", "1400x1050", "1400x900", "1408x792", "1408x880", "1422x889", "1439x809", "1440x720", "1440x759", "1440x800", "1440x803", "1440x810", "1440x900", "1440x960", "1441x901", "1480x720", "1502x844", "1512x945", "1536x1152", "1536x864", "1536x960", "1584x990", "1599x899", "1599x900", "1600x1000", "1600x1024", "1600x1200", "1600x837", "1600x899", "1600x900", "1624x1080", "1638x922", "1658x946", "1679x1049", "1680x1049", "1680x1050", "1680x1051", "1680x945", "1684x947", "1700x960", "1707x960", "1720x1440", "1728x972", "1760x990", "1768x992", "1776x1000", "1776x1080", "1800x1125", "1805x1015", "1824x1026", "1848x1155", "1888x941", "1912x1025", "1916x901", "1919x1079", "1919x1080", "1919x1199", "1919x1200", "1920x1018", "1920x1079", "1920x1080", "1920x1081", "1920x1200", "1920x1201", "1920x1280", "1920x1281", "1920x975", "1921x1080", "1921x1081", "2000x1125", "2001x1125", "2010x1080", "2048x1080", "2048x1152", "2048x1280", "2048x1536", "2049x1152", "2049x1536", "2076x1080", "2112x1188", "2160x1215", "2160x1350", "2160x1439", "2160x1440", "2208x1242", "2220x1080", "2220x1081", "2224x1668", "2304x1296", "2304x1440", "2368x1440", "2392x1440", "2400x1350", "2400x1600", "2436x1125", "2520x1575", "2552x1337", "2560x1080", "2560x1440", "2560x1600", "2560x1700", "2560x1800", "2562x1442", "2672x1440", "2700x1800", "2732x2048", "2735x1825", "2736x1824", "2800x1575", "2816x1584", "2816x1760", "2880x1440", "2880x1442", "2880x1620", "2880x1800", "2960x1440", "2961x1440", "2961x1442", "3000x2000", "3001x2000", "3072x1728", "3199x1800", "3200x1800", "3200x2000", "3201x1800", "3240x2160", "3360x1050", "3360x1890", "3360x2100", "3440x1440", "3441x1440", "3520x1980", "3600x2250", "3838x2158", "3839x2160", "3840x1080", "3840x1600", "3840x2160", "3840x2400", "3841x2161", "3843x2163", "4096x2304", "4500x3000", "480x320", "5040x3150", "5120x2880", "5760x1080", "5760x3240", "600x450", "6016x3384", "6400x3600", "640x360", "6720x3780", "7500x5000", "768x576", "800x600", "801x480", "855x480", "921x691", "960x540", "960x640", "976x600"], ["match_status:-1", "match_status:0", "match_status:1", "match_status:2"], ["F", "T"], ["F", "T"], ["F", "T"], ["F", "T"], ["desktop", "mobile"], ["0PAJ5", "0PJA2", "0PM92", "1016S", "2PQ93", "2PS64 Build/NRD90M", "2PYB2", "2PZC5", "4003A", "4009F", "4013M Build/KOT49H", "4027A Build/KOT49H", "4034E", "4034G", "4047A Build/NRD90M", "4047G Build/NRD90M", "47418", "5010G Build/MRA58K", "5010S Build/MRA58K", "5011A Build/NRD90M", "5012G Build/MRA58K", "5015A Build/LMY47I", "5017A", "5025G Build/LMY47I", "5042A", "5045I", "5049W Build/NRD90M", "5051A Build/MMB29M", "5054N", "5054S Build/LMY47V", "5056A Build/MMB29M", "5056N", "5057M", "5080A Build/MRA58K", "5085B Build/MRA58K", "5095I Build/MRA58K", "6039A Build/LRX22G", "6045I Build/LRX22G", "6055B", "7048A Build/LRX22G", "7055A Build/KVT49L", "8050G Build/LMY47I", "8062 Build/MRA58K", "8080 Build/LRX21M", "831C", "9002A", "9003A Build/MRA58K", "9008A Build/NRD90M", "9022X", "916", "9203A Build/MRA58K", "A0001 Build/MHC19Q", "A1-850", "A1601 Build/LMY47I", "A37f", "A3_mini", "A463BG", "A466BG", "A5002", "A50C+", "A574BL Build/NMF26F", "A577VL", "A621R", "A9", "A952", "A96 Build/LMY47I", "A97", "AERIAL", "AERIAL Build/NRD90M", "ALCATEL", "ALCATEL ONE TOUCH 5036A Build/JDQ39", "ALCATEL ONE TOUCH 7040A Build/JDQ39", "ALCATEL ONE TOUCH 7042A Build/JDQ39", "ALCATEL ONE TOUCH 7047A Build/JDQ39", "ALE-L21 Build/HuaweiALE-L21", "ALE-L23 Build/HuaweiALE-L23", "ALP-L09 Build/HUAWEIALP-L09", "ALP-L09 Build/HUAWEIALP-L09S", "ALTER", "ALUMINI", "AM508", "AOC_U706G", "ASTRO", "ASUS", "ASUS_P00J", "ASUS_X008DC Build/NRD90M", "ASUS_X00DD", "ASUS_X00DDA", "ASUS_X00ID", "ASUS_X015D Build/NRD90M", "ASUS_Z00AD Build/LRX21V", "ASUS_Z00ED", "ASUS_Z00UD", "ASUS_Z017D", "ASUS_Z017DA", "ASUS_Z01BDA", "ASUS_Z01KD", "ATT", "ATT-IE11", "AX1070", "AX705", "AX820 Build/MRA58K", "AX920", "AX921 Build/MRA58K", "Advance", "Alcatel", "Alcatel_4060A", "Alcatel_4060O Build/MMB29M", "Alcatel_5044R Build/NRD90M", "Alcatel_5054O", "Alcatel_5056O", "Alcatel_5098O Build/MMB29M", "Alumini3 Build/MRA58K", "Android", "Android 4.4.2", "Android 5.1", "Android 5.1.1", "Android 6.0", "Android 6.0.1", "Android 7.0", "Aquaris", "Aquaris U Plus Build/NMF26F", "Aquaris V Build/N2G47H", "Aquaris X5 Plus Build/NMF26F", "Aquaris_A4.5", "Archos", "B1-750", "B1-790", "B1-810", "B3-A20", "B3-A40", "BAC-L03 Build/HUAWEIBAC-L03", "BAH-L09 Build/HUAWEIBAH-L09", "BBA100-1", "BBA100-2", "BBB100-1", "BBB100-2", "BBB100-3", "BG2-W09", "BLA-L09 Build/HUAWEIBLA-L09", "BLA-L29 Build/HUAWEIBLA-L29", "BLADE A520 Build/NRD90M", "BLADE A602 Build/MRA58K", "BLADE L7 Build/MRA58K", "BLADE V7 Build/MRA58K", "BLADE V8 Build/NRD90M", "BLADE V8 SE Build/NRD90M", "BLL-L23 Build/HUAWEIBLL-L23", "BLN-L21 Build/HONORBLN-L21", "BLN-L24 Build/HONORBLN-L24", "BLU", "BLU ENERGY X PLUS Build/LRX21M", "BLU LIFE XL Build/L050U", "BLU STUDIO C 5+5 Build/LRX21M", "BND-L21 Build/HONORBND-L21", "BNTV400", "BOIE9", "BV6000", "BV7000", "Beat", "Blade", "Blade A460 Build/LMY47O", "Blade A465 Build/LMY47D", "Blade A475 Build/LMY47D", "Blade A510 Build/MRA58K", "Blade L2 Plus Build/KOT49H", "Blade L3 Build/KOT49H", "Blade L5 Build/LMY47I", "Blade V580 Build/LMY47D", "Blade V6 Build/LRX22G", "Blade V6 Max Build/MRA58K", "Blade V6 Plus Build/MRA58K", "Build/OPR1.170623.032", "Build/OPR6.170623.013", "C1904", "C2104", "C6603", "C6743 Build/LMY47V", "C6903", "C6906", "C6906 Build/14.6.A.1.236", "CAM-L03 Build/HUAWEICAM-L03", "CAM-L23", "CHC-U03 Build/HuaweiCHC-U03", "COVET Build/NRD90M", "CPH1701", "CRO-L03 Build/HUAWEICRO-L03", "Coolpad", "D2306", "D2306 Build/18.6.A.0.182", "D5106", "D5306", "D5306 Build/19.4.A.0.182", "D5316", "D5316 Build/19.4.A.0.182", "D5803 Build/23.5.A.1.291", "D6503", "D6603", "D6603 Build/23.5.A.1.291", "D6708", "DASH", "DLI-L22 Build/HONORDLI-L22", "DT0704K08", "DUK-AL20", "Dash", "Dream", "E2006", "E2104", "E2104 Build/24.0.A.5.14", "E2303", "E2306 Build/26.1.A.3.111", "E2306 Build/26.3.A.1.33", "E5306 Build/27.3.A.0.129", "E5306 Build/27.3.A.0.165", "E5506", "E5506 Build/29.1.A.0.101", "E5506 Build/29.2.A.0.166", "E5606", "E5606 Build/30.2.A.1.21", "E5803", "E5803 Build/32.4.A.1.54", "E5823", "E5823 Build/32.4.A.1.54", "E6553", "E6603", "E6603 Build/32.4.A.1.54", "E6633", "E6653 Build/32.4.A.1.54", "E6683", "E6810", "E6810 Build/5.320VZ.03.r", "E6833", "E6853", "E6853 Build/32.4.A.1.54", "E8QP", "EGO", "EVA-L09 Build/HUAWEIEVA-L09", "EVA-L19 Build/HUAWEIEVA-L19", "Edison", "Energy X 2 Build/E050L", "F1f Build/LMY47V", "F3111 Build/33.3.A.1.115", "F3111 Build/33.3.A.1.97", "F3113", "F3113 Build/33.2.A.3.81", "F3113 Build/33.2.A.4.70", "F3113 Build/33.3.A.1.97", "F3213", "F3213 Build/36.0.A.2.146", "F3213 Build/36.1.A.1.86", "F3311", "F3313", "F3313 Build/37.0.A.2.108", "F3313 Build/37.0.A.2.248", "F5121", "F5121 Build/34.3.A.0.228", "F5121 Build/34.3.A.0.238", "F5121 Build/34.3.A.0.252", "F5321", "F5321 Build/34.2.A.2.47", "F5321 Build/34.3.A.0.238", "F80 PIABELLA Build/MRA58K", "F80'S+", "F8131", "F8331", "F8331 Build/41.2.A.7.76", "FIG-LX3 Build/HUAWEIFIG-LX3", "FP2", "FRD-L04 Build/HUAWEIFRD-L04", "FRD-L09 Build/HUAWEIFRD-L09", "FRD-L14 Build/HUAWEIFRD-L14", "FTJ152D", "Fractal", "G25524K", "G3123", "G3123 Build/40.0.A.6.135", "G3123 Build/40.0.A.6.189", "G3223", "G3223 Build/42.0.A.4.101", "G3223 Build/42.0.A.4.167", "G3313", "G3313 Build/43.0.A.5.79", "G3313 Build/43.0.A.7.25", "G3423", "G527-U081", "G620S-L03", "G8141", "G8141 Build/47.1.A.5.51", "G8341", "GRACE", "GRANT", "GT-I8190L Build/JZO54K", "GT-I8190N", "GT-I8200N", "GT-I9060L Build/JDQ39", "GT-I9060M Build/KTU84P", "GT-I9195I", "GT-I9195L", "GT-I9300", "GT-I9500", "GT-I9505 Build/LRX22C", "GT-I9515", "GT-N5110", "GT-N5110 Build/JDQ39", "GT-N7100", "GT-N8000", "GT-P3100", "GT-P5110", "GT-P5113", "GT-P5210 Build/JDQ39", "GT-P5210 Build/KOT49H", "GT-S5310L", "GT-S7275B", "GT-S7390", "GT-S7580L Build/JDQ39", "GT-S7582L", "Gigaset", "Grand", "Grand2c", "Gravity Build/NRD90M", "H1611", "H1711 Build/HUAWEIH1711", "H550", "HELIO", "HIGHWAY", "HP", "HT0701A16", "HT0703K16", "HTC", "HTC 10 Build/NRD90M", "HTC Desire 10 lifestyle Build/MMB29M", "HTC Desire 510 Build/KOT49H", "HTC Desire 526G Build/KOT49H", "HTC Desire 530 Build/MMB29M", "HTC Desire 626s Build/LMY47O", "HTC Desire 650 Build/MMB29M", "HTC One A9 Build/NRD90M", "HTC One A9s Build/MRA58K", "HTC One Build/LRX22G", "HTC One M9 Build/NRD90M", "HTC One mini Build/KOT49H", "HTC One_M8 Build/MRA58K", "HTC U11 Build/NMF26X", "HTC U11 Build/OPR6.170623.013", "HTC6500LVW", "HTC6525LVW", "HTC6535LVW", "HTC6545LVW", "HTCD100LVWPP", "HTCD160LVWPP", "HTCD200LVW", "HTC_D10i", "HTC_One", "HTC_One_M8s/2.12.111.1", "HUAWEI", "HUAWEI Build/MMB28B", "HUAWEI CAN-L01 Build/HUAWEICAN-L01", "HUAWEI CAN-L11 Build/HUAWEICAN-L11", "HUAWEI CUN-L03 Build/HUAWEICUN-L03", "HUAWEI G7-L03 Build/HuaweiG7-L03", "HUAWEI GRA-L09 Build/HUAWEIGRA-L09", "HUAWEI LUA-U23 Build/HUAWEILUA-U23", "HUAWEI LYO-L21 Build/HUAWEILYO-L21", "HUAWEI M2-801W Build/HUAWEIM2-801W", "HUAWEI NXT-L09 Build/HUAWEINXT-L09", "HUAWEI RIO-L03 Build/HUAWEIRIO-L03", "HUAWEI TAG-L13 Build/HUAWEITAG-L13", "HUAWEI VNS-L21 Build/HUAWEIVNS-L21", "HUAWEI VNS-L23 Build/HUAWEIVNS-L23", "HUAWEI VNS-L31 Build/HUAWEIVNS-L31", "HUAWEI VNS-L53 Build/HUAWEIVNS-L53", "HUAWEI Y360-U23 Build/HUAWEIY360-U23", "HUAWEI Y520-U03 Build/HUAWEIY520-U03", "HUAWEI Y560-L03 Build/HUAWEIY560-L03", "HUAWEI Y625-U13 Build/HUAWEIY625-U13", "Helix", "Hisense", "Hisense F102 Build/NRD90M", "Hisense F20 Build/MMB29M", "Hisense F23 Build/NRD90M", "Hisense F32 Build/NMF26F", "Hisense L675 Build/MRA58K", "Hisense L675 PRO Build/NRD90M", "Hisense T963 Build/MRA58K", "Hisense U963 Build/MRA58K", "ICON", "ILIUM", "IdeaTab", "IdeaTabA1000-F", "IdeaTabA2109A", "Ilium", "Ilium L1000 Build/LRX22G", "Ilium L1120 Build/NRD90M", "Ilium L610 Build/MRA58K", "Ilium L620 Build/NRD90M", "Ilium L910 Build/MRA58K", "Ilium L950 Build/KTU84P", "Ilium LT500 Build/LMY47O", "Ilium LT510 Build/MRA58K", "Ilium LT520 Build/NRD90M", "Ilium Pad T7X Build/LMY47I", "Ilium X210 Build/LMY47I", "Ilium X220 Build/MRA58K", "Ilium X510 Build/MRA58K", "Ilium X520 Build/NRD90M", "Ilium X710 Build/MRA58K", "Infinit", "Infinix", "Intel", "Joy", "K10", "K88", "K88 Build/MMB29M", "K90U", "K92", "KFAPWI Build/KTU84M", "KFASWI Build/LVY48F", "KFAUWI Build/LVY48F", "KFDOWI Build/LVY48F", "KFFOWI Build/LVY48F", "KFGIWI Build/LVY48F", "KFJWI", "KFMEWI", "KFSAWI", "KFSOWI", "KFSUWI Build/LVY48F", "KFTBWI Build/LVY48F", "KFTHWI Build/KTU84M", "KFTT Build/IML74K", "KIW-L24", "KYOCERA-C6742A Build/LMY47V", "KYY22", "Kylin", "LAVA_A3", "LEX829", "LG-D213", "LG-D320", "LG-D320 Build/KOT49I.V10a", "LG-D331", "LG-D331 Build/LRX22G", "LG-D373 Build/KOT49I.V10a", "LG-D400", "LG-D625", "LG-D680", "LG-D680 Build/KOT49I", "LG-D681", "LG-D693n", "LG-D693n Build/KOT49I.V10a", "LG-D693n Build/LRX22G", "LG-D722", "LG-D725", "LG-D802", "LG-D850", "LG-D851", "LG-D855", "LG-D855 Build/LRX21R", "LG-D959", "LG-E450f", "LG-E980h", "LG-F400K", "LG-H221", "LG-H320 Build/LRX21Y", "LG-H340AR", "LG-H343", "LG-H345", "LG-H420 Build/LRX21Y", "LG-H443/H44312g", "LG-H500 Build/LRX21Y", "LG-H520", "LG-H525n Build/MRA58K", "LG-H540", "LG-H542 Build/LRX22G", "LG-H542 Build/MRA58K", "LG-H631", "LG-H650 Build/LMY47V", "LG-H650 Build/MRA58K", "LG-H700 Build/NRD90U", "LG-H735 Build/LMY47V", "LG-H810", "LG-H810/H81021z", "LG-H810/H81022f", "LG-H811 Build/MRA58K", "LG-H812", "LG-H815", "LG-H815 Build/MRA58K", "LG-H820", "LG-H820 Build/NRD90U", "LG-H830", "LG-H830 Build/NRD90U", "LG-H831 Build/NRD90U", "LG-H840 Build/MMB29M", "LG-H840 Build/NRD90U", "LG-H850", "LG-H850 Build/MMB29M", "LG-H870 Build/NRD90U", "LG-H870DS Build/NRD90U", "LG-H871", "LG-H872 Build/NRD90U", "LG-H900/H90022b", "LG-H901", "LG-H910 Build/NRD90M", "LG-H918 Build/NRD90M", "LG-H931", "LG-H932", "LG-H960", "LG-H990 Build/NRD90M", "LG-K200 Build/MXB48T", "LG-K220 Build/MXB48T", "LG-K240 Build/MXB48T", "LG-K330", "LG-K371", "LG-K373", "LG-K410 Build/LRX22G", "LG-K420", "LG-K428 Build/MMB29M", "LG-K428 Build/NRD90U", "LG-K430 Build/MRA58K", "LG-K450 Build/MXB48T", "LG-K500 Build/MMB29M", "LG-K530 Build/MMB29M", "LG-K530 Build/NRD90U", "LG-K540 Build/MMB29M", "LG-K550", "LG-K550 Build/NRD90U", "LG-K580 Build/MRA58K", "LG-LG870", "LG-LK460", "LG-LS777 Build/NRD90U", "LG-LS993 Build/NRD90U", "LG-LS995", "LG-LS997 Build/NRD90M", "LG-LS998", "LG-M150", "LG-M153 Build/MXB48T", "LG-M154", "LG-M200 Build/NRD90U", "LG-M210 Build/NRD90U", "LG-M250 Build/NRD90U", "LG-M255", "LG-M257", "LG-M320 Build/NRD90U", "LG-M322", "LG-M327 Build/NRD90U", "LG-M400 Build/NRD90U", "LG-M430 Build/NRD90U", "LG-M700 Build/NMF26X", "LG-M710 Build/NRD90U", "LG-P708g", "LG-P714", "LG-SP200", "LG-SP320", "LG-TP260 Build/NRD90U", "LG-TP450 Build/NRD90U", "LG-V410", "LG-V495", "LG-V495/V49520l", "LG-V496", "LG-V500", "LG-V520", "LG-V521", "LG-V522", "LG-V700", "LG-V930", "LG-X165g Build/LRX21M", "LG-X180g Build/LMY47I", "LG-X210 Build/LMY47I", "LG-X220 Build/LMY47I", "LG-X230 Build/MRA58K", "LG-X240 Build/MRA58K", "LGL163BL", "LGL164VL Build/NRD90U", "LGL33L/V100", "LGL41C", "LGL52VL Build/LMY47V", "LGL57BL", "LGL58VL", "LGL62VL", "LGL83BL", "LGL84VL Build/NRD90U", "LGLK430", "LGLS665 Build/LMY47V", "LGLS675 Build/LMY47V", "LGLS676 Build/MXB48T", "LGLS751", "LGLS755", "LGLS770", "LGLS775 Build/MMB29M", "LGLS775 Build/NRD90U", "LGLS990", "LGLS991", "LGLS992", "LGMP260 Build/NRD90U", "LGMP450 Build/NRD90U", "LGMS210 Build/NRD90U", "LGMS323", "LGMS330 Build/LMY47V", "LGMS345", "LGMS395", "LGMS428", "LGMS550 Build/MXB48T", "LGMS550 Build/NRD90U", "LGMS631 Build/MRA58K", "LGUS215 Build/NRD90U", "LGUS990", "LGUS991", "LGUS992", "LIMIT", "LM-X210(G", "LOGIC", "LT22i Build/6.2.A.1.100", "LT30p", "Le", "Le X520 Build/IEXCNFN5902303111S", "Lenovo", "Lenovo A2016b30 Build/MRA58K", "Lenovo A6020l37 Build/LMY47V", "Lenovo K33b36 Build/MMB29M", "Lenovo K33b36 Build/NRD90N", "Lenovo PB1-750M Build/S100", "Lenovo PB2-650Y Build/MRA58K", "Lenovo PB2-670Y Build/MRA58K", "Lenovo TAB 2 A7-30GC Build/KOT49H", "Lenovo TB-7703X Build/S100", "Lenovo TB-X103F Build/LenovoTB-X103F", "Lenovo TB2-X30F Build/LenovoTB2-X30F", "Lenovo TB3-710F Build/LRX21M", "Lenovo TB3-710I Build/LMY47I", "Lenovo YT3-850F Build/MMB29M", "Lenovo YT3-850M Build/MMB29M", "Lenovo YT3-X50F Build/MMB29M", "Lenovo-A6020l36 Build/LMY47V", "LenovoA3300-GV Build/JDQ39", "Linux", "Linux i686", "Linux x86_64", "M10/Q1010", "M4", "M4 SS4450 Build/MRA58K", "M4 SS4451 Build/LMY47D", "M4 SS4452 Build/LMY47V", "M4 SS4453 Build/MMB29M", "M4 SS4456 Build/LMY47V", "M4 SS4457 Build/MRA58K", "M4 SS4457-R Build/NRD90M", "M4 SS4458 Build/MMB29M", "M431", "MAGNO", "MALC", "MAMI", "MDDRJS", "ME173X", "ME301T", "MHA-L09 Build/HUAWEIMHA-L09", "MHA-L29 Build/HUAWEIMHA-L29", "MI", "MI MAX 2 Build/NMF26F", "MOT-A6020l37 Build/LMY47V", "MYA-L03 Build/HUAWEIMYA-L03", "MYA-L11", "MYA-L13 Build/HUAWEIMYA-L13", "MYA-L23", "MacOS", "Max", "Mi", "Mi A1 Build/N2G47H", "Mi A1 Build/OPR1.170623.026", "Microsoft", "Minion_Tab", "Mobiistar_LAI_Yuna_X", "Moto", "Moto C Build/NRD90M.046", "Moto C Build/NRD90M.050", "Moto C Build/NRD90M.054", "Moto C Build/NRD90M.057", "Moto C Build/NRD90M.063", "Moto C Build/NRD90M.070", "Moto C Plus Build/NRD90M.05.022", "Moto C Plus Build/NRD90M.05.034", "Moto E (4) Build/NCQ26.69-56", "Moto E (4) Build/NDQS26.69-23-2-3", "Moto E (4) Build/NDQS26.69-64-2", "Moto E (4) Build/NMA26.42-11-3", "Moto E (4) Build/NMA26.42-19", "Moto E (4) Build/NMA26.42-69", "Moto E (4) Plus Build/NMA26.42-11-3", "Moto E (4) Plus Build/NMA26.42-142", "Moto E (4) Plus Build/NMA26.42-69", "Moto G (4) Build/NPJ25.93-14", "Moto G (4) Build/NPJ25.93-14.5", "Moto G (4) Build/NPJ25.93-14.7", "Moto G (4) Build/NPJS25.93-14-10", "Moto G (4) Build/NPJS25.93-14-13", "Moto G (4) Build/NPJS25.93-14-15", "Moto G (4) Build/NPJS25.93-14-8", "Moto G (4) Build/NPJS25.93-14-8.1-4", "Moto G (5) Build/NPP25.137-15", "Moto G (5) Build/NPP25.137-38", "Moto G (5) Build/NPP25.137-72", "Moto G (5) Build/NPP25.137-82", "Moto G (5) Build/NPP25.137-93", "Moto G (5) Build/NPPS25.137-15-11", "Moto G (5) Build/NPPS25.137-93-4", "Moto G (5) Plus Build/NPN25.137-15", "Moto G (5) Plus Build/NPN25.137-72", "Moto G (5) Plus Build/NPN25.137-82", "Moto G (5) Plus Build/NPN25.137-83", "Moto G (5) Plus Build/NPN25.137-92", "Moto G (5) Plus Build/NPNS25.137-15-11", "Moto G (5) Plus Build/NPNS25.137-92-4", "Moto G (5) Plus Build/NPNS25.137-92-8", "Moto G (5S", "Moto G Play Build/MPIS24.241-15.3-26", "Moto G Play Build/MPIS24.241-15.3-7", "Moto G Play Build/NJH47F", "Moto G Play Build/NPI26.48-36", "Moto G Play Build/NPIS26.48-36-2", "Moto G Play Build/NPIS26.48-36-5", "Moto X Play Build/NPD26.48-24-1", "Moto Z (2", "Moto Z2 Play Build/NPS26.118-19", "Moto Z2 Play Build/NPS26.74-16-1", "Moto Z2 Play Build/NPSS26.118-19-11", "Moto Z2 Play Build/NPSS26.118-19-14", "Moto Z2 Play Build/NPSS26.118-19-4", "Moto Z2 Play Build/NPSS26.118-19-6", "MotoE2 Build/LPCS23.13-56-5", "MotoE2(4G-LTE", "MotoG3", "MotoG3 Build/MPI24.65-25", "MotoG3 Build/MPI24.65-25.1", "MotoG3 Build/MPI24.65-33.1-2", "MotoG3 Build/MPIS24.107-55-2-17", "MotoG3 Build/MPIS24.65-25.1-19", "MotoG3 Build/MPIS24.65-33.1-2-16", "MotoG3-TE", "MotoG3-TE Build/MPDS24.65-33-1-3", "MotoG3-TE Build/MPDS24.65-33-1-30", "N817", "N9136", "NEM-L51 Build/HONORNEM-L51", "NOKIA", "NX16A8116KP", "NX521J", "NX785QC8G", "NXA116QC164", "NXA8QC116", "NYX_A1", "Neffos C5 Build/LMY47D", "Neffos X1 Max Build/NRD90M", "NetHelper70", "Nexus", "Nexus 5 Build/M4B30Z", "Nexus 5X Build/OPM3.171019.013", "Nexus 6 Build/MOB30M", "Nexus 6 Build/N6F27M", "Nexus 6P Build/OPR5.170623.011", "Nexus 6P Build/OPR5.170623.014", "O1", "ONE", "ONE A2003 Build/MMB29M", "ONE A2005 Build/MMB29M", "ONE TOUCH 4016A Build/JDQ39", "ONE TOUCH 4033A Build/JDQ39", "ONEPLUS", "ONEPLUS A5000 Build/NMF26X", "Origins", "P008 Build/NRD90M", "P00A", "P00C", "P01M", "P027", "P4526A Build/NRD90M", "P5006A", "P5006A Build/NRD90M", "P5026A", "P5046A", "P5526A Build/NRD90M", "PE-TL10", "PH-1", "PLAYTAB", "PLE-701L", "PLK-L01 Build/HONORPLK-L01", "PLUS", "PMID7102DC", "PRA-LX1 Build/HUAWEIPRA-LX1", "PRA-LX3 Build/HUAWEIPRA-LX3", "PRA507", "PSPC550 Build/LMY47D", "Pixel", "Pixel 2 Build/OPM1.171019.011", "Pixel 2 Build/OPM1.171019.019", "Pixel 2 Build/OPM1.171019.021", "Pixel 2 Build/OPM2.171019.016", "Pixel 2 XL Build/OPM1.171019.011", "Pixel 2 XL Build/OPM1.171019.013", "Pixel 2 XL Build/OPM1.171019.021", "Pixel 2 XL Build/OPM2.171019.029", "Pixel Build/OPM1.171019.011", "Pixel Build/OPM1.171019.012", "Pixel Build/OPM1.171019.016", "Pixel Build/OPM2.171019.029", "Pixel Build/OPR3.170623.013", "Pixel XL Build/OPM1.171019.011", "Pixel XL Build/OPM1.171019.016", "Pixel XL Build/OPM1.171019.021", "QMV7A", "QTAIR7 Build/LMY47D", "QTAQZ3 Build/KOT49H", "QTAQZ3 Build/LMY47V", "QTASUN1", "QTASUN1 Build/NRD90M", "QwestIE8", "R1", "R8106", "R831L", "RCT6203W46 Build/KOT49H", "RCT6223W87", "RCT6303W87M7 Build/MRA58K", "RCT6513W87 Build/MRA58K", "RCT6773W22B", "RCT6K03W13", "RCT6S03W12", "REVVLPLUS", "REX", "RNE-L03 Build/HUAWEIRNE-L03", "RNE-L21 Build/HUAWEIRNE-L21", "RS988", "RS988 Build/MMB29M", "Redmi", "Redmi 3S Build/MMB29M", "Redmi 4A Build/MMB29M", "Redmi 4A Build/N2G47H", "Redmi 4X Build/N2G47H", "Redmi 5 Plus Build/N2G47H", "Redmi Note 3 Build/MMB29M", "Redmi Note 4 Build/MMB29M", "Redmi Note 4 Build/NRD90M", "Redmi Note 5A Build/N2G47H", "Robin", "S.N.O.W.4", "S57 Build/KTU84P", "S60 Build/MMB29M", "S6000", "S70V", "SAMSUNG", "SAMSUNG SM-A300H Build/LRX22G", "SAMSUNG SM-A310F Build/NRD90M", "SAMSUNG SM-A310F/A310FXXU4CRB1 Build/NRD90M", "SAMSUNG SM-A310M Build/LMY47X", "SAMSUNG SM-A320FL Build/NRD90M", "SAMSUNG SM-A320Y Build/NRD90M", "SAMSUNG SM-A510F Build/NRD90M", "SAMSUNG SM-A510M Build/MMB29K", "SAMSUNG SM-A510M Build/NRD90M", "SAMSUNG SM-A520F Build/NRD90M", "SAMSUNG SM-A720F Build/NRD90M", "SAMSUNG SM-A730F Build/NMF26X", "SAMSUNG SM-G530H Build/LRX22G", "SAMSUNG SM-G530T Build/LMY47X", "SAMSUNG SM-G531H Build/LMY48B", "SAMSUNG SM-G532M Build/MMB29T", "SAMSUNG SM-G550T1 Build/MMB29K", "SAMSUNG SM-G570M Build/MMB29K", "SAMSUNG SM-G570M Build/NRD90M", "SAMSUNG SM-G610M Build/MMB29K", "SAMSUNG SM-G610M Build/NRD90M", "SAMSUNG SM-G800F Build/MMB29K", "SAMSUNG SM-G850F/G850FXXS2CQD9 Build/LRX22G", "SAMSUNG SM-G890A Build/NRD90M", "SAMSUNG SM-G891A Build/NRD90M", "SAMSUNG SM-G892A Build/NRD90M", "SAMSUNG SM-G892A Build/R16NW", "SAMSUNG SM-G900A Build/MMB29M", "SAMSUNG SM-G900F Build/MMB29M", "SAMSUNG SM-G900I Build/MMB29M", "SAMSUNG SM-G900M Build/LRX21T", "SAMSUNG SM-G900T Build/MMB29M", "SAMSUNG SM-G903F Build/MMB29K", "SAMSUNG SM-G920A Build/NRD90M", "SAMSUNG SM-G920F Build/LRX22G", "SAMSUNG SM-G920F Build/NRD90M", "SAMSUNG SM-G920I Build/NRD90M", "SAMSUNG SM-G920P Build/NRD90M", "SAMSUNG SM-G920T Build/NRD90M", "SAMSUNG SM-G925F Build/NRD90M", "SAMSUNG SM-G925I Build/NRD90M", "SAMSUNG SM-G925P Build/MMB29K", "SAMSUNG SM-G925P Build/NRD90M", "SAMSUNG SM-G925T Build/NRD90M", "SAMSUNG SM-G928G Build/NRD90M", "SAMSUNG SM-G930A Build/NRD90M", "SAMSUNG SM-G930F Build/NRD90M", "SAMSUNG SM-G930P Build/NRD90M", "SAMSUNG SM-G930R4 Build/NRD90M", "SAMSUNG SM-G930T Build/NRD90M", "SAMSUNG SM-G935A Build/NRD90M", "SAMSUNG SM-G935F Build/MMB29K", "SAMSUNG SM-G935F Build/NRD90M", "SAMSUNG SM-G935P Build/NRD90M", "SAMSUNG SM-G935T Build/NRD90M", "SAMSUNG SM-G935W8 Build/NRD90M", "SAMSUNG SM-G950F Build/NRD90M", "SAMSUNG SM-G950F Build/R16NW", "SAMSUNG SM-G950U Build/NRD90M", "SAMSUNG SM-G950U Build/R16NW", "SAMSUNG SM-G950U1 Build/NRD90M", "SAMSUNG SM-G955F Build/NRD90M", "SAMSUNG SM-G955U Build/NRD90M", "SAMSUNG SM-G955U Build/R16NW", "SAMSUNG SM-G9600 Build/R16NW", "SAMSUNG SM-G960U Build/R16NW", "SAMSUNG SM-G965U1 Build/R16NW", "SAMSUNG SM-J111M Build/LMY47V", "SAMSUNG SM-J120H Build/LMY47V", "SAMSUNG SM-J250M Build/NMF26X", "SAMSUNG SM-J320F Build/LMY47V", "SAMSUNG SM-J320FN Build/LMY47V", "SAMSUNG SM-J320M Build/LMY47V", "SAMSUNG SM-J327A Build/NRD90M", "SAMSUNG SM-J327P Build/MMB29M", "SAMSUNG SM-J327T Build/NRD90M", "SAMSUNG SM-J327T1 Build/NRD90M", "SAMSUNG SM-J500FN Build/MMB29M", "SAMSUNG SM-J500M Build/LMY48B", "SAMSUNG SM-J500M Build/MMB29M", "SAMSUNG SM-J510MN Build/MMB29M", "SAMSUNG SM-J530F Build/NRD90M", "SAMSUNG SM-J530GM Build/NRD90M", "SAMSUNG SM-J700M Build/LMY48B", "SAMSUNG SM-J700M Build/MMB29K", "SAMSUNG SM-J700T Build/NMF26X", "SAMSUNG SM-J700T1 Build/NMF26X", "SAMSUNG SM-J701M Build/NRD90M", "SAMSUNG SM-J710MN Build/MMB29K", "SAMSUNG SM-J710MN Build/NRD90M", "SAMSUNG SM-J727T1 Build/NRD90M", "SAMSUNG SM-J730GM Build/NRD90M", "SAMSUNG SM-N900T Build/LRX21V", "SAMSUNG SM-N900W8 Build/LRX21V", "SAMSUNG SM-N910A Build/MMB29M", "SAMSUNG SM-N920A Build/NRD90M", "SAMSUNG SM-N920P Build/NRD90M", "SAMSUNG SM-N920T Build/NRD90M", "SAMSUNG SM-N920V Build/NRD90M", "SAMSUNG SM-N950F Build/NMF26X", "SAMSUNG SM-N950U Build/NMF26X", "SAMSUNG SM-N950U Build/R16NW", "SAMSUNG SM-N950U1 Build/NMF26X", "SAMSUNG SM-P580 Build/NRD90M", "SAMSUNG SM-S727VL Build/MMB29M", "SAMSUNG SM-T530NU Build/LRX22G", "SAMSUNG SM-T550 Build/NMF26X", "SAMSUNG SM-T580 Build/NRD90M", "SAMSUNG SM-T587P Build/NRD90M", "SAMSUNG SM-T710 Build/NRD90M", "SAMSUNG SM-T800 Build/MMB29K", "SAMSUNG SM-T810 Build/NRD90M", "SAMSUNG SM-T813 Build/NRD90M", "SAMSUNG-SGH-I337", "SAMSUNG-SGH-I337 Build/KOT49H", "SAMSUNG-SGH-I497", "SAMSUNG-SGH-I537", "SAMSUNG-SM-G530AZ Build/LMY48B", "SAMSUNG-SM-G870A", "SAMSUNG-SM-G870A Build/MMB29M", "SAMSUNG-SM-G890A", "SAMSUNG-SM-G890A Build/MMB29K", "SAMSUNG-SM-G890A Build/NRD90M", "SAMSUNG-SM-G891A Build/NRD90M", "SAMSUNG-SM-G900A", "SAMSUNG-SM-G900A Build/KOT49H", "SAMSUNG-SM-G900A Build/LMY47X", "SAMSUNG-SM-G900A Build/LRX21T", "SAMSUNG-SM-G900A Build/MMB29M", "SAMSUNG-SM-G920A Build/MMB29K", "SAMSUNG-SM-G920A Build/NRD90M", "SAMSUNG-SM-G920AZ", "SAMSUNG-SM-G925A", "SAMSUNG-SM-G925A Build/MMB29K", "SAMSUNG-SM-G925A Build/NRD90M", "SAMSUNG-SM-G928A Build/NRD90M", "SAMSUNG-SM-G930A", "SAMSUNG-SM-G930A Build/NRD90M", "SAMSUNG-SM-G930AZ", "SAMSUNG-SM-G935A", "SAMSUNG-SM-G935A Build/NRD90M", "SAMSUNG-SM-J120A", "SAMSUNG-SM-J320A Build/MMB29K", "SAMSUNG-SM-J320A Build/NMF26X", "SAMSUNG-SM-J320AZ", "SAMSUNG-SM-J320AZ Build/MMB29K", "SAMSUNG-SM-J327A Build/NRD90M", "SAMSUNG-SM-J327AZ", "SAMSUNG-SM-J727A Build/NRD90M", "SAMSUNG-SM-J727AZ", "SAMSUNG-SM-N900A", "SAMSUNG-SM-N900A Build/LRX21V", "SAMSUNG-SM-N910A", "SAMSUNG-SM-N920A", "SAMSUNG-SM-N920A Build/NRD90M", "SAMSUNG-SM-T337A Build/LMY47X", "SAMSUNG-SM-T377A", "SAMSUNG-SM-T377A Build/MMB29K", "SAMSUNG-SM-T537A", "SAMSUNG-SM-T677A", "SAMSUNG-SM-T807A", "SAMSUNG-SM-T817A", "SC-02H", "SCH-I435", "SCH-I535", "SCH-I545 Build/LRX22C", "SENS", "SGH-I317M", "SGH-I337M", "SGH-I337M Build/LRX22C", "SGH-M919 Build/KTU84P", "SGH-M919N", "SGH-M919V", "SGP511", "SGP521", "SGP621 Build/23.5.A.1.291", "SH-04F", "SKY_5.0LM", "SLA-L02", "SLA-L03 Build/HUAWEISLA-L03", "SLA-L22", "SLA-L23", "SLAY", "SM-A300FU Build/MMB29M", "SM-A300H", "SM-A300H Build/LRX22G", "SM-A300M", "SM-A310F Build/MMB29K", "SM-A310F Build/NRD90M", "SM-A310M", "SM-A310M Build/LMY47X", "SM-A310M Build/NRD90M", "SM-A320FL Build/MMB29K", "SM-A320FL Build/NRD90M", "SM-A320Y", "SM-A320Y Build/NRD90M", "SM-A500FU", "SM-A500FU Build/MMB29M", "SM-A500H", "SM-A500M Build/KTU84P", "SM-A500M Build/LRX22G", "SM-A500W", "SM-A510F Build/MMB29K", "SM-A510F Build/NRD90M", "SM-A510M Build/LMY47X", "SM-A510M Build/MMB29K", "SM-A510M Build/NRD90M", "SM-A520F Build/MMB29K", "SM-A520F Build/NRD90M", "SM-A520W", "SM-A520W Build/NRD90M", "SM-A530F Build/NMF26X", "SM-A710M", "SM-A710M Build/LMY47X", "SM-A710M Build/NRD90M", "SM-A720F Build/MMB29K", "SM-A720F Build/NRD90M", "SM-A730F Build/NMF26X", "SM-A800I", "SM-C900F", "SM-E500M", "SM-E500M Build/KTU84P", "SM-E700M", "SM-G313ML", "SM-G318ML", "SM-G350M", "SM-G355M Build/KOT49H", "SM-G360F", "SM-G360M", "SM-G360T1 Build/LMY47X", "SM-G360V", "SM-G360V Build/LMY48B", "SM-G361F", "SM-G386T", "SM-G386W", "SM-G388F", "SM-G390F", "SM-G390W", "SM-G530FZ", "SM-G530H Build/KTU84P", "SM-G530H Build/LRX22G", "SM-G530M", "SM-G530P", "SM-G530T", "SM-G530W", "SM-G531F", "SM-G531H Build/LMY48B", "SM-G532M Build/MMB29T", "SM-G550T Build/MMB29K", "SM-G550T1 Build/MMB29K", "SM-G550T2", "SM-G570M Build/MMB29K", "SM-G570M Build/NRD90M", "SM-G610F", "SM-G610F Build/NRD90M", "SM-G610M Build/MMB29K", "SM-G610M Build/NRD90M", "SM-G7105", "SM-G720AX", "SM-G730V", "SM-G730W8 Build/KOT49H", "SM-G800F Build/KOT49H", "SM-G800F Build/MMB29K", "SM-G800M Build/KOT49H", "SM-G850M Build/LRX22G", "SM-G900F Build/KOT49H", "SM-G900F Build/LRX21T", "SM-G900F Build/MMB29M", "SM-G900H Build/MMB29K", "SM-G900I", "SM-G900L", "SM-G900M Build/KOT49H", "SM-G900M Build/LRX21T", "SM-G900M Build/MMB29M", "SM-G900P", "SM-G900P Build/LRX21T", "SM-G900P Build/MMB29M", "SM-G900R4", "SM-G900T Build/MMB29M", "SM-G900T1", "SM-G900V", "SM-G900V Build/LRX21T", "SM-G900V Build/MMB29M", "SM-G900W8", "SM-G901F", "SM-G903F Build/MMB29K", "SM-G903M", "SM-G903W", "SM-G920F Build/MMB29K", "SM-G920F Build/NRD90M", "SM-G920I", "SM-G920I Build/NRD90M", "SM-G920P Build/NRD90M", "SM-G920R4", "SM-G920T Build/NRD90M", "SM-G920T1", "SM-G920V", "SM-G920V Build/MMB29K", "SM-G920V Build/NRD90M", "SM-G920W8", "SM-G9250", "SM-G925F Build/NRD90M", "SM-G925I", "SM-G925I Build/LMY47X", "SM-G925I Build/MMB29K", "SM-G925I Build/NRD90M", "SM-G925P Build/NRD90M", "SM-G925R4", "SM-G925T Build/LMY47X", "SM-G925T Build/NRD90M", "SM-G925V Build/NRD90M", "SM-G925W8", "SM-G928F", "SM-G928G", "SM-G928G Build/MMB29K", "SM-G928G Build/NRD90M", "SM-G928P", "SM-G928P Build/NRD90M", "SM-G928T Build/NRD90M", "SM-G928V", "SM-G928V Build/MMB29K", "SM-G928V Build/NRD90M", "SM-G930F Build/MMB29K", "SM-G930F Build/NRD90M", "SM-G930P", "SM-G930P Build/NRD90M", "SM-G930R4 Build/NRD90M", "SM-G930R7", "SM-G930T", "SM-G930T Build/NRD90M", "SM-G930T1", "SM-G930U Build/NRD90M", "SM-G930V Build/MMB29M", "SM-G930V Build/NRD90M", "SM-G930VL Build/NRD90M", "SM-G930W8 Build/NRD90M", "SM-G935F Build/MMB29K", "SM-G935F Build/NRD90M", "SM-G935P Build/NRD90M", "SM-G935T", "SM-G935T Build/NRD90M", "SM-G935U", "SM-G935V", "SM-G935V Build/NRD90M", "SM-G935W8", "SM-G950F Build/NRD90M", "SM-G950F Build/R16NW", "SM-G950U Build/NRD90M", "SM-G950U Build/R16NW", "SM-G950U1 Build/NRD90M", "SM-G950W", "SM-G955F", "SM-G955F Build/NRD90M", "SM-G955F Build/R16NW", "SM-G955U Build/NRD90M", "SM-G955U Build/R16NW", "SM-G955U1 Build/NRD90M", "SM-G9600 Build/R16NW", "SM-G960F Build/R16NW", "SM-G960U Build/R16NW", "SM-G9650 Build/R16NW", "SM-G965F Build/R16NW", "SM-G965U Build/R16NW", "SM-J100MU", "SM-J100VPP Build/LMY48B", "SM-J105B Build/LMY47V", "SM-J110M Build/LMY48B", "SM-J111M Build/LMY47V", "SM-J120FN Build/LMY47X", "SM-J120H Build/LMY47V", "SM-J200H", "SM-J200M Build/LMY47X", "SM-J320FN Build/LMY47V", "SM-J320H", "SM-J320M Build/LMY47V", "SM-J320P Build/LMY47X", "SM-J320V Build/MMB29M", "SM-J320V Build/NMF26X", "SM-J320VPP", "SM-J320W8", "SM-J327P Build/MMB29M", "SM-J327T Build/NRD90M", "SM-J327T1 Build/NRD90M", "SM-J327V Build/NRD90M", "SM-J327VPP Build/NRD90M", "SM-J330F", "SM-J330FN Build/NRD90M", "SM-J500FN", "SM-J500FN Build/MMB29M", "SM-J500G", "SM-J500H", "SM-J500M Build/LMY48B", "SM-J500M Build/MMB29M", "SM-J510F", "SM-J510FN", "SM-J510FN Build/NMF26X", "SM-J510MN Build/MMB29M", "SM-J510MN Build/NMF26X", "SM-J530F Build/NRD90M", "SM-J530G", "SM-J530GM Build/NRD90M", "SM-J700H Build/MMB29K", "SM-J700M Build/LMY48B", "SM-J700M Build/MMB29K", "SM-J700P", "SM-J700T Build/NMF26X", "SM-J700T1 Build/NMF26X", "SM-J701M Build/NRD90M", "SM-J710F Build/NRD90M", "SM-J710GN", "SM-J710GN Build/MMB29K", "SM-J710MN Build/MMB29K", "SM-J710MN Build/NRD90M", "SM-J727P", "SM-J727T Build/NRD90M", "SM-J727T1 Build/NRD90M", "SM-J727U Build/NRD90M", "SM-J727V Build/NRD90M", "SM-J727VPP Build/NRD90M", "SM-J730F", "SM-J730G Build/NRD90M", "SM-J730GM Build/NRD90M", "SM-N9005 Build/LRX21V", "SM-N900P Build/LRX21V", "SM-N900T", "SM-N900T Build/LRX21V", "SM-N900V Build/LRX21V", "SM-N900W8 Build/LRX21V", "SM-N910C Build/MMB29K", "SM-N910F Build/MMB29M", "SM-N910H", "SM-N910P", "SM-N910T Build/MMB29M", "SM-N910T3", "SM-N910V Build/MMB29M", "SM-N915V", "SM-N920A Build/MMB29K", "SM-N920C Build/NRD90M", "SM-N920G Build/NRD90M", "SM-N920P", "SM-N920P Build/NRD90M", "SM-N920R4", "SM-N920T", "SM-N920T Build/NRD90M", "SM-N920V", "SM-N920V Build/NRD90M", "SM-N9500", "SM-N950F Build/NMF26X", "SM-N950U Build/NMF26X", "SM-N950U Build/R16NW", "SM-N950U1 Build/NMF26X", "SM-N950W", "SM-P350 Build/MMB29M", "SM-P355M", "SM-P355M Build/MMB29M", "SM-P550 Build/MMB29M", "SM-P550 Build/NMF26X", "SM-P580 Build/NRD90M", "SM-P600", "SM-P600 Build/LMY47X", "SM-P605V", "SM-P607T", "SM-P900", "SM-S120VL", "SM-S320VL", "SM-S327VL", "SM-S550TL", "SM-S727VL Build/MMB29M", "SM-S820L", "SM-S902L", "SM-S903VL", "SM-S906L", "SM-S907VL", "SM-S920L", "SM-S975L", "SM-T110 Build/JDQ39", "SM-T113 Build/KTU84P", "SM-T113NU Build/KTU84P", "SM-T210", "SM-T217S Build/KOT49H", "SM-T230 Build/KOT49H", "SM-T230NU Build/KOT49H", "SM-T237P", "SM-T280 Build/LMY47V", "SM-T285M", "SM-T310 Build/KOT49H", "SM-T320 Build/KOT49H", "SM-T330NU Build/LMY47X", "SM-T337V", "SM-T350 Build/MMB29M", "SM-T350 Build/NMF26X", "SM-T355Y Build/NMF26X", "SM-T377P", "SM-T377P Build/NMF26X", "SM-T377T", "SM-T377V", "SM-T377V Build/NMF26X", "SM-T377W", "SM-T380", "SM-T520", "SM-T530", "SM-T530 Build/LRX22G", "SM-T530NU Build/LRX22G", "SM-T537V", "SM-T550", "SM-T550 Build/NMF26X", "SM-T555", "SM-T560 Build/KTU84P", "SM-T560NU Build/MMB29M", "SM-T560NU Build/NMF26X", "SM-T580", "SM-T580 Build/NRD90M", "SM-T585", "SM-T587P", "SM-T700 Build/MMB29K", "SM-T705", "SM-T710 Build/NRD90M", "SM-T713 Build/NRD90M", "SM-T800", "SM-T800 Build/MMB29K", "SM-T807T", "SM-T807V", "SM-T810 Build/NRD90M", "SM-T813 Build/NRD90M", "SM-T817T", "SM-T817V Build/NRD90M", "SM-T818V", "SM-T820 Build/NRD90M", "SM-T825 Build/NRD90M", "SM-T827R4", "SM-T827V Build/NRD90M", "SMART", "SOV33 Build/35.0.D.2.25", "SP7731G", "SPH-L720", "SPH-L720T", "STELLAR", "STF-L09 Build/HUAWEISTF-L09", "STK_Sync_5e", "STV100-1", "STV100-2 Build/MMB29M", "STV100-3", "STV100-4 Build/LMY47V", "Star", "Stellar", "Studio", "Swift", "T1", "TA-1003", "TA-1004", "TA-1020", "TA-1025", "TA-1025 Build/NMF26F", "TA-1027", "TA-1027 Build/N2G47H", "TA-1027 Build/OPR1.170623.026", "TA-1028 Build/NMF26O", "TA-1028 Build/NRD90M", "TA-1038", "TA-1038 Build/NMF26O", "TA-1038 Build/O00623", "TA-1039 Build/N2G47H", "TA-1039 Build/NMF26F", "TA-1044", "TA-1044 Build/NMF26F", "TA-1044 Build/OPR1.170623.026", "TA-1052", "TAB7", "TOMMY2", "TR10CS1 Build/JDQ39", "TREKKER-M1", "TREKKER-X3 Build/MMB29M", "TRT-L53 Build/HUAWEITRT-L53", "TRT-LX3", "Tab2A7-10F", "Tmovi Build/Vision", "Tornado", "Touch", "Trident/7.0", "Turbo C5 Build/LMY47I", "U", "U FEEL LITE Build/MRA58K", "V.40R", "V502015", "VFD", "VK700 Build/LRX22G", "VK810", "VK815", "VKY-L09 Build/HUAWEIVKY-L09", "VS425PP Build/LMY47V", "VS500", "VS501 Build/NRD90U", "VS5012 Build/NRD90M", "VS820", "VS835", "VS880", "VS880PP", "VS980 4G Build/LRX22G", "VS985", "VS986 Build/MRA58K", "VS987 Build/NRD90U", "VS988 Build/NRD90U", "VS990 Build/MRA58K", "VS995 Build/NRD90M", "VS996", "VS996 Build/OPR1.170623.026", "VT0701A08", "VTR-AL00 Build/HUAWEIVTR-AL00", "VTR-L09 Build/HUAWEIVTR-L09", "VTR-L29", "Venue", "VerykoolS5030", "Vivo", "WAS-L03T Build/HUAWEIWAS-L03T", "WAS-LX1 Build/HUAWEIWAS-LX1", "WAS-LX1A Build/HUAWEIWAS-LX1A", "WAS-LX2J", "WAS-LX3 Build/HUAWEIWAS-LX3", "WAS-TL10 Build/HUAWEIWAS-TL10", "WOW64", "Wileyfox", "Win64", "Windows", "Windows NT 6.1", "Windows NT 6.2", "X10", "X3402", "X900+", "XT1003", "XT1008", "XT1008 Build/LPBS23.13-56-2", "XT1021", "XT1021 Build/KXC21.5-40", "XT1021 Build/LPCS23.13-34.8-3", "XT1023", "XT1030 Build/SU6-7.7", "XT1031", "XT1032", "XT1032 Build/KXB20.9-1.10-1.24-1.1", "XT1032 Build/KXB21.14-L1.40", "XT1032 Build/LPBS23.13-56-2", "XT1032 Build/LPBS23.13-57-2", "XT1033", "XT1040", "XT1053 Build/LPAS23.12-21.7-1", "XT1055", "XT1058", "XT1058 Build/LPAS23.12-21.7-1", "XT1060", "XT1063", "XT1063 Build/MPB24.65-34", "XT1063 Build/MPB24.65-34-3", "XT1064", "XT1064 Build/MPB24.65-34-3", "XT1068", "XT1072", "XT1080", "XT1080 Build/SU6-7.7", "XT1092", "XT1094", "XT1095", "XT1096", "XT1097", "XT1225", "XT1254", "XT1254 Build/MCG24.251-5-5", "XT1528", "XT1563", "XT1563 Build/MPD24.107-52", "XT1563 Build/MPDS24.107-52-5", "XT1565", "XT1572 Build/NPHS25.200-15-8", "XT1575", "XT1575 Build/NPHS25.200-23-1", "XT1580", "XT1580 Build/NPKS25.200-12-9", "XT1580 Build/NPKS25.200-17-8", "XT1585 Build/NCK25.118-10.5", "XT1609", "XT1609 Build/MPIS24.241-2.35-1-17", "XT1635-01", "XT1635-01 Build/NDNS26.118-23-12-3", "XT1635-02", "XT1635-02 Build/NPN26.118-22-2", "XT1650", "XT1650 Build/NCLS26.118-23-13-3", "XT1650 Build/NCLS26.118-23-13-6-5", "XT1650 Build/NPLS26.118-20-5-11", "XT1650 Build/NPLS26.118-20-5-3", "XT1680", "XT1710-02", "XT1710-02 Build/NDSS26.118-23-15", "XT890 Build/9.8.2I-50_SML-25", "Y635-L03 Build/HuaweiY635-L03", "YOGA", "Z", "Z2", "Z410", "Z557BL", "Z798BL Build/MMB29M", "Z799VL", "Z813 Build/LMY47O", "Z831", "Z832 Build/MMB29M", "Z833", "Z835 Build/NMF26V", "Z836BL", "Z837VL", "Z839", "Z9 PLUS Build/NRD90M", "Z956 Build/MMB29M", "Z959 Build/LMY47V", "Z963VL", "Z970", "Z971", "Z981 Build/MMB29M", "Z982 Build/NMF26V", "Z983 Build/NMF26F", "ZA409", "ZA990", "ZEIA8", "ZTE", "ZTE A2017U Build/NRD90M", "ZTE BLADE A321 Build/NMF26F", "ZTE BLADE A512 Build/MMB29M", "ZTE BLADE A6 Build/NMF26F", "ZTE BLADE V8 MINI Build/NRD90M", "ZTE Blade A511 Build/MRA58K", "ZTE Blade L5 Build/LMY47I", "ZTE-Z835", "ZTE-Z956", "ZUR70016", "ZUUM_ZEN_I Build/LRX21M", "en-gb", "en-us", "es-mx", "es-us", "gxq6580_weg_l Build/LMY47I", "hi6210sft Build/MRA58K", "hp2015", "iOS Device", "iPhone", "iris 820 Build/MRA58K", "iris 870 Build/MRA58K", "iris50", "iris702", "iris80", "m3", "moto", "moto x4 Build/NPW26.83-18-2-0-4", "moto x4 Build/NPW26.83-42", "moto x4 Build/OPW27.57-40", "moto x4 Build/OPWS27.57-40-6", "orbis", "rv:11.0", "rv:14.0", "rv:29.0", "rv:31.0", "rv:33.0", "rv:35.0", "rv:37.0", "rv:38.0", "rv:39.0", "rv:41.0", "rv:42.0", "rv:43.0", "rv:44.0", "rv:45.0", "rv:46.0", "rv:47.0", "rv:48.0", "rv:49.0", "rv:50.0", "rv:51.0", "rv:52.0", "rv:52.9", "rv:53.0", "rv:54.0", "rv:55.0", "rv:56.0", "rv:57.0", "rv:58.0", "rv:59.0", "rv:60.0", "rv:61.0", "verykool", "verykoolS5019", "verykoolS5525", "verykools4009", "verykools5004", "verykools5034", "verykools5035", "vivo", "xs-Z47b7VqTMxs"]]
